date,precip_mm,year
2012-01-01,0,2012
2012-01-02,0,2012
2012-01-03,0,2012
2012-01-04,0,2012
2012-01-05,0,2012
2012-01-06,0,2012
2012-01-07,0,2012
2012-01-08,0,2012
2012-01-09,0,2012
2012-01-10,0,2012
2012-01-11,0.762,2012
2012-01-12,0,2012
2012-01-13,0,2012
2012-01-14,0.508,2012
2012-01-15,0,2012
2012-01-16,0,2012
2012-01-17,0.762,2012
2012-01-18,0,2012
2012-01-19,0,2012
2012-01-20,2.794,2012
2012-01-21,0,2012
2012-01-22,2.54,2012
2012-01-23,1.016,2012
2012-01-24,0,2012
2012-01-25,0,2012
2012-01-26,0,2012
2012-01-27,1.016,2012
2012-01-28,0,2012
2012-01-29,0,2012
2012-01-30,0,2012
2012-01-31,0,2012
2012-02-01,0,2012
2012-02-02,0,2012
2012-02-03,1.524,2012
2012-02-04,1.524,2012
2012-02-05,0,2012
2012-02-06,0,2012
2012-02-07,0,2012
2012-02-08,0,2012
2012-02-09,0,2012
2012-02-10,0,2012
2012-02-11,0,2012
2012-02-12,0,2012
2012-02-13,2.032,2012
2012-02-14,0,2012
2012-02-15,0,2012
2012-02-16,0,2012
2012-02-17,0,2012
2012-02-18,0,2012
2012-02-19,0,2012
2012-02-20,7.62,2012
2012-02-21,0.762,2012
2012-02-22,0,2012
2012-02-23,6.8580000000000005,2012
2012-02-24,0.254,2012
2012-02-25,0,2012
2012-02-26,0,2012
2012-02-27,0,2012
2012-02-28,14.224,2012
2012-02-29,3.81,2012
2012-03-01,0,2012
2012-03-02,0.762,2012
2012-03-03,0,2012
2012-03-04,4.064,2012
2012-03-05,0,2012
2012-03-06,0,2012
2012-03-07,0,2012
2012-03-08,0,2012
2012-03-09,0,2012
2012-03-10,0,2012
2012-03-11,3.556,2012
2012-03-12,0.508,2012
2012-03-13,0,2012
2012-03-14,0,2012
2012-03-15,0,2012
2012-03-16,0,2012
2012-03-17,0,2012
2012-03-18,0,2012
2012-03-19,16.256,2012
2012-03-20,2.54,2012
2012-03-21,0.762,2012
2012-03-22,3.048,2012
2012-03-23,0,2012
2012-03-24,0,2012
2012-03-25,0,2012
2012-03-26,0,2012
2012-03-27,0,2012
2012-03-28,0,2012
2012-03-29,3.048,2012
2012-03-30,8.89,2012
2012-03-31,0,2012
2012-04-01,0,2012
2012-04-02,0,2012
2012-04-03,0,2012
2012-04-04,0,2012
2012-04-05,0,2012
2012-04-06,0,2012
2012-04-07,1.27,2012
2012-04-08,0,2012
2012-04-09,0,2012
2012-04-10,0,2012
2012-04-11,0,2012
2012-04-12,0,2012
2012-04-13,11.176,2012
2012-04-14,30.733999999999998,2012
2012-04-15,3.81,2012
2012-04-16,0,2012
2012-04-17,0,2012
2012-04-18,4.572,2012
2012-04-19,14.478,2012
2012-04-20,0,2012
2012-04-21,2.286,2012
2012-04-22,0,2012
2012-04-23,0,2012
2012-04-24,0,2012
2012-04-25,0,2012
2012-04-26,0,2012
2012-04-27,3.556,2012
2012-04-28,7.62,2012
2012-04-29,4.8260000000000005,2012
2012-04-30,0,2012
2012-05-01,0,2012
2012-05-02,13.716000000000001,2012
2012-05-03,1.524,2012
2012-05-04,0,2012
2012-05-05,0,2012
2012-05-06,12.7,2012
2012-05-07,0,2012
2012-05-08,0,2012
2012-05-09,0,2012
2012-05-10,0,2012
2012-05-11,0,2012
2012-05-12,0,2012
2012-05-13,0,2012
2012-05-14,0,2012
2012-05-15,0,2012
2012-05-16,0,2012
2012-05-17,0,2012
2012-05-18,0,2012
2012-05-19,1.27,2012
2012-05-20,0,2012
2012-05-21,0,2012
2012-05-22,0,2012
2012-05-23,0,2012
2012-05-24,4.318,2012
2012-05-25,2.54,2012
2012-05-26,0,2012
2012-05-27,0,2012
2012-05-28,1.016,2012
2012-05-29,0,2012
2012-05-30,5.08,2012
2012-05-31,7.62,2012
2012-06-01,0,2012
2012-06-02,0.508,2012
2012-06-03,0.254,2012
2012-06-04,0,2012
2012-06-05,0.508,2012
2012-06-06,0,2012
2012-06-07,0,2012
2012-06-08,0,2012
2012-06-09,0,2012
2012-06-10,4.572,2012
2012-06-11,0.254,2012
2012-06-12,0,2012
2012-06-13,0,2012
2012-06-14,0,2012
2012-06-15,20.828,2012
2012-06-16,0.254,2012
2012-06-17,0,2012
2012-06-18,0,2012
2012-06-19,0,2012
2012-06-20,24.637999999999998,2012
2012-06-21,0,2012
2012-06-22,0,2012
2012-06-23,3.556,2012
2012-06-24,0,2012
2012-06-25,0,2012
2012-06-26,0,2012
2012-06-27,0,2012
2012-06-28,0,2012
2012-06-29,1.016,2012
2012-06-30,0,2012
2012-07-01,0,2012
2012-07-02,0,2012
2012-07-03,0,2012
2012-07-04,0,2012
2012-07-05,1.524,2012
2012-07-06,0,2012
2012-07-07,0,2012
2012-07-08,0,2012
2012-07-09,1.27,2012
2012-07-10,0,2012
2012-07-11,0,2012
2012-07-12,0,2012
2012-07-13,2.032,2012
2012-07-14,0.508,2012
2012-07-15,0,2012
2012-07-16,0,2012
2012-07-17,0,2012
2012-07-18,0,2012
2012-07-19,0,2012
2012-07-20,0,2012
2012-07-21,0,2012
2012-07-22,0,2012
2012-07-23,0.254,2012
2012-07-24,0,2012
2012-07-25,9.652000000000001,2012
2012-07-26,0,2012
2012-07-27,0,2012
2012-07-28,13.716000000000001,2012
2012-07-29,2.54,2012
2012-07-30,0,2012
2012-07-31,0,2012
2012-08-01,0,2012
2012-08-02,0,2012
2012-08-03,0,2012
2012-08-04,25.4,2012
2012-08-05,0,2012
2012-08-06,0,2012
2012-08-07,1.27,2012
2012-08-08,8.636,2012
2012-08-09,0,2012
2012-08-10,0,2012
2012-08-11,0.254,2012
2012-08-12,3.81,2012
2012-08-13,0.254,2012
2012-08-14,0,2012
2012-08-15,0.254,2012
2012-08-16,3.048,2012
2012-08-17,0,2012
2012-08-18,0.254,2012
2012-08-19,0,2012
2012-08-20,0,2012
2012-08-21,0,2012
2012-08-22,0,2012
2012-08-23,0,2012
2012-08-24,0,2012
2012-08-25,4.318,2012
2012-08-26,0.508,2012
2012-08-27,0,2012
2012-08-28,0,2012
2012-08-29,0,2012
2012-08-30,0,2012
2012-08-31,0,2012
2012-09-01,0,2012
2012-09-02,0,2012
2012-09-03,2.54,2012
2012-09-04,0,2012
2012-09-05,6.604,2012
2012-09-06,2.286,2012
2012-09-07,13.716,2012
2012-09-08,0,2012
2012-09-09,0,2012
2012-09-10,0,2012
2012-09-11,0,2012
2012-09-12,9.398,2012
2012-09-13,8.382,2012
2012-09-14,0,2012
2012-09-15,0,2012
2012-09-16,0,2012
2012-09-17,1.016,2012
2012-09-18,0,2012
2012-09-19,0,2012
2012-09-20,0,2012
2012-09-21,0,2012
2012-09-22,0,2012
2012-09-23,0,2012
2012-09-24,0,2012
2012-09-25,0,2012
2012-09-26,0,2012
2012-09-27,0,2012
2012-09-28,0,2012
2012-09-29,0,2012
2012-09-30,0,2012
2012-10-01,0,2012
2012-10-02,0,2012
2012-10-03,0,2012
2012-10-04,0.762,2012
2012-10-05,0,2012
2012-10-06,0,2012
2012-10-07,0,2012
2012-10-08,0,2012
2012-10-09,0.762,2012
2012-10-10,0,2012
2012-10-11,0,2012
2012-10-12,0.254,2012
2012-10-13,14.224,2012
2012-10-14,10.414,2012
2012-10-15,0,2012
2012-10-16,0,2012
2012-10-17,1.016,2012
2012-10-18,9.398,2012
2012-10-19,0.254,2012
2012-10-20,0,2012
2012-10-21,0,2012
2012-10-22,3.556,2012
2012-10-23,0,2012
2012-10-24,2.032,2012
2012-10-25,15.494,2012
2012-10-26,0,2012
2012-10-27,0,2012
2012-10-28,0,2012
2012-10-29,0,2012
2012-10-30,0,2012
2012-10-31,0,2012
2012-11-01,0,2012
2012-11-02,0,2012
2012-11-03,0,2012
2012-11-04,2.54,2012
2012-11-05,3.302,2012
2012-11-06,1.27,2012
2012-11-07,0,2012
2012-11-08,0,2012
2012-11-09,0,2012
2012-11-10,0,2012
2012-11-11,8.636,2012
2012-11-12,0,2012
2012-11-13,0,2012
2012-11-14,0,2012
2012-11-15,0,2012
2012-11-16,0,2012
2012-11-17,0,2012
2012-11-18,0.254,2012
2012-11-19,0.254,2012
2012-11-20,0,2012
2012-11-21,0,2012
2012-11-22,0,2012
2012-11-23,0,2012
2012-11-24,0,2012
2012-11-25,0,2012
2012-11-26,0,2012
2012-11-27,0,2012
2012-11-28,0,2012
2012-11-29,0,2012
2012-11-30,0,2012
2012-12-01,0,2012
2012-12-02,0,2012
2012-12-03,0,2012
2012-12-04,0,2012
2012-12-05,0,2012
2012-12-06,0.762,2012
2012-12-07,0,2012
2012-12-08,1.27,2012
2012-12-09,3.302,2012
2012-12-10,0,2012
2012-12-11,0,2012
2012-12-12,0,2012
2012-12-13,0,2012
2012-12-14,1.016,2012
2012-12-15,7.8740000000000006,2012
2012-12-16,0,2012
2012-12-17,0,2012
2012-12-18,0,2012
2012-12-19,6.8580000000000005,2012
2012-12-20,5.08,2012
2012-12-21,0,2012
2012-12-22,0,2012
2012-12-23,0,2012
2012-12-24,0,2012
2012-12-25,0,2012
2012-12-26,0,2012
2012-12-27,0,2012
2012-12-28,0.508,2012
2012-12-29,0,2012
2012-12-30,0,2012
2012-12-31,0,2012
2013-01-01,0,2013
2013-01-02,0,2013
2013-01-03,0,2013
2013-01-04,0,2013
2013-01-05,0,2013
2013-01-06,0,2013
2013-01-07,0,2013
2013-01-08,0,2013
2013-01-09,0,2013
2013-01-10,0.508,2013
2013-01-11,0,2013
2013-01-12,0,2013
2013-01-13,0,2013
2013-01-14,0,2013
2013-01-15,0,2013
2013-01-16,0,2013
2013-01-17,0,2013
2013-01-18,0,2013
2013-01-19,0,2013
2013-01-20,3.81,2013
2013-01-21,0,2013
2013-01-22,0,2013
2013-01-23,0,2013
2013-01-24,0,2013
2013-01-25,0,2013
2013-01-26,0,2013
2013-01-27,2.54,2013
2013-01-28,0.762,2013
2013-01-29,0.254,2013
2013-01-30,4.8260000000000005,2013
2013-01-31,0,2013
2013-02-01,0,2013
2013-02-02,1.27,2013
2013-02-03,0,2013
2013-02-04,0,2013
2013-02-05,0,2013
2013-02-06,0,2013
2013-02-07,1.016,2013
2013-02-08,0,2013
2013-02-09,0.254,2013
2013-02-10,3.302,2013
2013-02-11,0,2013
2013-02-12,0,2013
2013-02-13,0,2013
2013-02-14,0,2013
2013-02-15,0,2013
2013-02-16,0,2013
2013-02-17,0,2013
2013-02-18,0.762,2013
2013-02-19,0,2013
2013-02-20,0,2013
2013-02-21,6.35,2013
2013-02-22,3.81,2013
2013-02-23,0,2013
2013-02-24,0,2013
2013-02-25,0,2013
2013-02-26,7.62,2013
2013-02-27,1.27,2013
2013-02-28,0,2013
2013-03-01,0.254,2013
2013-03-02,0,2013
2013-03-03,2.54,2013
2013-03-04,1.27,2013
2013-03-05,1.778,2013
2013-03-06,0,2013
2013-03-07,0,2013
2013-03-08,1.27,2013
2013-03-09,15.748000000000001,2013
2013-03-10,14.986,2013
2013-03-11,4.8260000000000005,2013
2013-03-12,0.508,2013
2013-03-13,0,2013
2013-03-14,0,2013
2013-03-15,0,2013
2013-03-16,0,2013
2013-03-17,0,2013
2013-03-18,2.032,2013
2013-03-19,0,2013
2013-03-20,0.254,2013
2013-03-21,0,2013
2013-03-22,0.254,2013
2013-03-23,0,2013
2013-03-24,2.032,2013
2013-03-25,0,2013
2013-03-26,0,2013
2013-03-27,0,2013
2013-03-28,0,2013
2013-03-29,0,2013
2013-03-30,1.778,2013
2013-03-31,0.254,2013
2013-04-01,0,2013
2013-04-02,0,2013
2013-04-03,0,2013
2013-04-04,0,2013
2013-04-05,0,2013
2013-04-06,0,2013
2013-04-07,0.508,2013
2013-04-08,0.508,2013
2013-04-09,33.02,2013
2013-04-10,14.732,2013
2013-04-11,7.62,2013
2013-04-12,0.254,2013
2013-04-13,0.762,2013
2013-04-14,15.494,2013
2013-04-15,0.508,2013
2013-04-16,0,2013
2013-04-17,32.766,2013
2013-04-18,11.938,2013
2013-04-19,0.254,2013
2013-04-20,0,2013
2013-04-21,5.588,2013
2013-04-22,9.652000000000001,2013
2013-04-23,0,2013
2013-04-24,0.254,2013
2013-04-25,0,2013
2013-04-26,0,2013
2013-04-27,0,2013
2013-04-28,0,2013
2013-04-29,17.272000000000002,2013
2013-04-30,0,2013
2013-05-01,4.572,2013
2013-05-02,39.116,2013
2013-05-03,9.906,2013
2013-05-04,6.35,2013
2013-05-05,1.27,2013
2013-05-06,0,2013
2013-05-07,0,2013
2013-05-08,4.318,2013
2013-05-09,24.13,2013
2013-05-10,0,2013
2013-05-11,0,2013
2013-05-12,0,2013
2013-05-13,0,2013
2013-05-14,0,2013
2013-05-15,0,2013
2013-05-16,0.254,2013
2013-05-17,1.016,2013
2013-05-18,0,2013
2013-05-19,22.606,2013
2013-05-20,2.54,2013
2013-05-21,0,2013
2013-05-22,0,2013
2013-05-23,0,2013
2013-05-24,0.254,2013
2013-05-25,20.32,2013
2013-05-26,12.954,2013
2013-05-27,32.766,2013
2013-05-28,7.112,2013
2013-05-29,20.574,2013
2013-05-30,4.064,2013
2013-05-31,0,2013
2013-06-01,2.286,2013
2013-06-02,0,2013
2013-06-03,0,2013
2013-06-04,10.668,2013
2013-06-05,5.334,2013
2013-06-06,0,2013
2013-06-07,0,2013
2013-06-08,10.16,2013
2013-06-09,4.8260000000000005,2013
2013-06-10,0,2013
2013-06-11,0,2013
2013-06-12,4.064,2013
2013-06-13,0,2013
2013-06-14,12.954,2013
2013-06-15,7.112,2013
2013-06-16,0,2013
2013-06-17,0,2013
2013-06-18,0,2013
2013-06-19,0,2013
2013-06-20,0,2013
2013-06-21,0,2013
2013-06-22,0,2013
2013-06-23,5.08,2013
2013-06-24,9.398,2013
2013-06-25,2.032,2013
2013-06-26,1.524,2013
2013-06-27,1.016,2013
2013-06-28,0,2013
2013-06-29,1.524,2013
2013-06-30,0,2013
2013-07-01,0,2013
2013-07-02,0,2013
2013-07-03,0,2013
2013-07-04,0,2013
2013-07-05,0,2013
2013-07-06,0,2013
2013-07-07,0,2013
2013-07-08,0,2013
2013-07-09,6.096,2013
2013-07-10,0,2013
2013-07-11,0,2013
2013-07-12,0,2013
2013-07-13,0,2013
2013-07-14,0,2013
2013-07-15,0,2013
2013-07-16,0,2013
2013-07-17,0,2013
2013-07-18,0,2013
2013-07-19,0.508,2013
2013-07-20,0,2013
2013-07-21,0.762,2013
2013-07-22,13.97,2013
2013-07-23,0,2013
2013-07-24,0,2013
2013-07-25,0,2013
2013-07-26,0,2013
2013-07-27,0,2013
2013-07-28,0,2013
2013-07-29,0.254,2013
2013-07-30,1.778,2013
2013-07-31,0,2013
2013-08-01,0,2013
2013-08-02,0.508,2013
2013-08-03,0,2013
2013-08-04,0,2013
2013-08-05,0.254,2013
2013-08-06,0,2013
2013-08-07,0.254,2013
2013-08-08,0,2013
2013-08-09,0,2013
2013-08-10,0,2013
2013-08-11,22.352,2013
2013-08-12,2.032,2013
2013-08-13,0,2013
2013-08-14,0,2013
2013-08-15,0,2013
2013-08-16,0,2013
2013-08-17,0,2013
2013-08-18,0,2013
2013-08-19,0,2013
2013-08-20,0,2013
2013-08-21,0,2013
2013-08-22,0.254,2013
2013-08-23,0,2013
2013-08-24,0,2013
2013-08-25,0,2013
2013-08-26,0,2013
2013-08-27,0,2013
2013-08-28,0,2013
2013-08-29,0,2013
2013-08-30,0.254,2013
2013-08-31,0,2013
2013-09-01,4.064,2013
2013-09-02,0,2013
2013-09-03,0,2013
2013-09-04,0,2013
2013-09-05,0,2013
2013-09-06,0,2013
2013-09-07,0,2013
2013-09-08,0,2013
2013-09-09,0,2013
2013-09-10,1.27,2013
2013-09-11,2.286,2013
2013-09-12,0,2013
2013-09-13,0,2013
2013-09-14,0,2013
2013-09-15,0,2013
2013-09-16,0,2013
2013-09-17,4.8260000000000005,2013
2013-09-18,7.619999999999999,2013
2013-09-19,10.668,2013
2013-09-20,0,2013
2013-09-21,0,2013
2013-09-22,0,2013
2013-09-23,0,2013
2013-09-24,0,2013
2013-09-25,0,2013
2013-09-26,0,2013
2013-09-27,0,2013
2013-09-28,2.032,2013
2013-09-29,0,2013
2013-09-30,0,2013
2013-10-01,0,2013
2013-10-02,0,2013
2013-10-03,1.27,2013
2013-10-04,25.146,2013
2013-10-05,0.254,2013
2013-10-06,0.762,2013
2013-10-07,0,2013
2013-10-08,0,2013
2013-10-09,0,2013
2013-10-10,0,2013
2013-10-11,0,2013
2013-10-12,0.254,2013
2013-10-13,0,2013
2013-10-14,8.128,2013
2013-10-15,3.302,2013
2013-10-16,0.254,2013
2013-10-17,0.254,2013
2013-10-18,0.254,2013
2013-10-19,0.254,2013
2013-10-20,0,2013
2013-10-21,0,2013
2013-10-22,3.81,2013
2013-10-23,1.27,2013
2013-10-24,0,2013
2013-10-25,0,2013
2013-10-26,0,2013
2013-10-27,0,2013
2013-10-28,0,2013
2013-10-29,0.762,2013
2013-10-30,7.874,2013
2013-10-31,0,2013
2013-11-01,0.254,2013
2013-11-02,0,2013
2013-11-03,0.254,2013
2013-11-04,2.286,2013
2013-11-05,22.606,2013
2013-11-06,0,2013
2013-11-07,0,2013
2013-11-08,0,2013
2013-11-09,0,2013
2013-11-10,0,2013
2013-11-11,2.54,2013
2013-11-12,0,2013
2013-11-13,0,2013
2013-11-14,0,2013
2013-11-15,0,2013
2013-11-16,0.508,2013
2013-11-17,8.636,2013
2013-11-18,0,2013
2013-11-19,0,2013
2013-11-20,0,2013
2013-11-21,6.096,2013
2013-11-22,1.27,2013
2013-11-23,0,2013
2013-11-24,0,2013
2013-11-25,2.032,2013
2013-11-26,0,2013
2013-11-27,0,2013
2013-11-28,0,2013
2013-11-29,0,2013
2013-11-30,0,2013
2013-12-01,0,2013
2013-12-02,0,2013
2013-12-03,0.254,2013
2013-12-04,0,2013
2013-12-05,0,2013
2013-12-06,0,2013
2013-12-07,0,2013
2013-12-08,8.636,2013
2013-12-09,0,2013
2013-12-10,1.524,2013
2013-12-11,1.27,2013
2013-12-12,0,2013
2013-12-13,0,2013
2013-12-14,0,2013
2013-12-15,0,2013
2013-12-16,0,2013
2013-12-17,0.254,2013
2013-12-18,0,2013
2013-12-19,0,2013
2013-12-20,0,2013
2013-12-21,0.254,2013
2013-12-22,5.8420000000000005,2013
2013-12-23,0,2013
2013-12-24,0.508,2013
2013-12-25,0,2013
2013-12-26,0,2013
2013-12-27,0,2013
2013-12-28,0,2013
2013-12-29,0,2013
2013-12-30,5.08,2013
2013-12-31,0,2013
2014-01-01,0,2014
2014-01-02,0,2014
2014-01-03,0,2014
2014-01-04,0,2014
2014-01-05,0,2014
2014-01-06,0,2014
2014-01-07,0,2014
2014-01-08,0,2014
2014-01-09,0,2014
2014-01-10,0,2014
2014-01-11,0,2014
2014-01-12,0,2014
2014-01-13,0,2014
2014-01-14,0,2014
2014-01-15,0,2014
2014-01-16,0,2014
2014-01-17,0,2014
2014-01-18,0,2014
2014-01-19,0,2014
2014-01-20,0,2014
2014-01-21,0,2014
2014-01-22,0,2014
2014-01-23,0,2014
2014-01-24,0,2014
2014-01-25,0,2014
2014-01-26,0,2014
2014-01-27,0,2014
2014-01-28,0,2014
2014-01-29,0,2014
2014-01-30,0,2014
2014-01-31,0,2014
2014-02-01,0,2014
2014-02-02,0,2014
2014-02-03,0,2014
2014-02-04,0,2014
2014-02-05,0,2014
2014-02-06,0,2014
2014-02-07,0,2014
2014-02-08,0,2014
2014-02-09,0,2014
2014-02-10,0,2014
2014-02-11,0,2014
2014-02-12,0,2014
2014-02-13,0,2014
2014-02-14,0,2014
2014-02-15,0,2014
2014-02-16,0,2014
2014-02-17,0,2014
2014-02-18,0,2014
2014-02-19,0,2014
2014-02-20,0,2014
2014-02-21,0,2014
2014-02-22,0,2014
2014-02-23,0,2014
2014-02-24,0,2014
2014-02-25,0,2014
2014-02-26,0,2014
2014-02-27,0,2014
2014-02-28,0,2014
2014-03-01,0,2014
2014-03-02,0,2014
2014-03-03,0,2014
2014-03-04,0,2014
2014-03-05,0,2014
2014-03-06,0,2014
2014-03-07,0,2014
2014-03-08,0,2014
2014-03-09,0,2014
2014-03-10,0,2014
2014-03-11,0,2014
2014-03-12,0,2014
2014-03-13,0,2014
2014-03-14,0,2014
2014-03-15,0,2014
2014-03-16,0,2014
2014-03-17,0,2014
2014-03-18,0,2014
2014-03-19,0,2014
2014-03-20,0,2014
2014-03-21,0,2014
2014-03-22,0,2014
2014-03-23,0,2014
2014-03-24,0,2014
2014-03-25,0,2014
2014-03-26,0,2014
2014-03-27,0.5,2014
2014-03-28,0,2014
2014-03-29,0,2014
2014-03-30,0,2014
2014-03-31,0.25,2014
2014-04-01,0,2014
2014-04-02,0,2014
2014-04-03,0,2014
2014-04-04,0.25,2014
2014-04-05,0,2014
2014-04-06,0,2014
2014-04-07,0,2014
2014-04-08,0,2014
2014-04-09,3.81,2014
2014-04-10,0,2014
2014-04-11,0,2014
2014-04-12,1.02,2014
2014-04-13,44.21,2014
2014-04-14,1.52,2014
2014-04-15,0,2014
2014-04-16,0,2014
2014-04-17,0,2014
2014-04-18,0,2014
2014-04-19,0,2014
2014-04-20,2.03,2014
2014-04-21,0,2014
2014-04-22,0,2014
2014-04-23,4.57,2014
2014-04-24,5.32,2014
2014-04-25,0,2014
2014-04-26,0,2014
2014-04-27,27.43,2014
2014-04-28,21.84,2014
2014-04-29,4.0600000000000005,2014
2014-04-30,7.86,2014
2014-05-01,0.5,2014
2014-05-02,0,2014
2014-05-03,0.25,2014
2014-05-04,0,2014
2014-05-05,0,2014
2014-05-06,0,2014
2014-05-07,0,2014
2014-05-08,0.25,2014
2014-05-09,0,2014
2014-05-10,0,2014
2014-05-11,12.190000000000001,2014
2014-05-12,18.29,2014
2014-05-13,0,2014
2014-05-14,1.77,2014
2014-05-15,1.78,2014
2014-05-16,0,2014
2014-05-17,0,2014
2014-05-18,0,2014
2014-05-19,0.76,2014
2014-05-20,40.89,2014
2014-05-21,0,2014
2014-05-22,0,2014
2014-05-23,0,2014
2014-05-24,0,2014
2014-05-25,1.01,2014
2014-05-26,17.02,2014
2014-05-27,3.04,2014
2014-05-28,0,2014
2014-05-29,0,2014
2014-05-30,0,2014
2014-05-31,0,2014
2014-06-01,19.3,2014
2014-06-02,0.25,2014
2014-06-03,20.07,2014
2014-06-04,4.83,2014
2014-06-05,0,2014
2014-06-06,0,2014
2014-06-07,11.69,2014
2014-06-08,0,2014
2014-06-09,0,2014
2014-06-10,0,2014
2014-06-11,0,2014
2014-06-12,0,2014
2014-06-13,0,2014
2014-06-14,0,2014
2014-06-15,0,2014
2014-06-16,0,2014
2014-06-17,30.49,2014
2014-06-18,0.5,2014
2014-06-19,26.43,2014
2014-06-20,0,2014
2014-06-21,0,2014
2014-06-22,24.12,2014
2014-06-23,0.25,2014
2014-06-24,0,2014
2014-06-25,0,2014
2014-06-26,8.88,2014
2014-06-27,40.13,2014
2014-06-28,5.33,2014
2014-06-29,1.77,2014
2014-06-30,31.490000000000002,2014
2014-07-01,0.76,2014
2014-07-02,0.25,2014
2014-07-03,0,2014
2014-07-04,0,2014
2014-07-05,20.82,2014
2014-07-06,0,2014
2014-07-07,0,2014
2014-07-08,0.25,2014
2014-07-09,0,2014
2014-07-10,0,2014
2014-07-11,3.17,2014
2014-07-12,26.92,2014
2014-07-13,1.27,2014
2014-07-14,0,2014
2014-07-15,0,2014
2014-07-16,0,2014
2014-07-17,0,2014
2014-07-18,0,2014
2014-07-19,0,2014
2014-07-20,0,2014
2014-07-21,0,2014
2014-07-22,0,2014
2014-07-23,0,2014
2014-07-24,1,2014
2014-07-25,3.81,2014
2014-07-26,0,2014
2014-07-27,0,2014
2014-07-28,0,2014
2014-07-29,0,2014
2014-07-30,0,2014
2014-07-31,0,2014
2014-08-01,0,2014
2014-08-02,0,2014
2014-08-03,0,2014
2014-08-04,0,2014
2014-08-05,0,2014
2014-08-06,25.9,2014
2014-08-07,1.52,2014
2014-08-08,0,2014
2014-08-09,0,2014
2014-08-10,0,2014
2014-08-11,0,2014
2014-08-12,0,2014
2014-08-13,0,2014
2014-08-14,0,2014
2014-08-15,7.61,2014
2014-08-16,0,2014
2014-08-17,0,2014
2014-08-18,0,2014
2014-08-19,0,2014
2014-08-20,6.6,2014
2014-08-21,3.3,2014
2014-08-22,3.55,2014
2014-08-23,8.38,2014
2014-08-24,0,2014
2014-08-25,0,2014
2014-08-26,22.1,2014
2014-08-27,0,2014
2014-08-28,25.14,2014
2014-08-29,30.48,2014
2014-08-30,0,2014
2014-08-31,41.65,2014
2014-09-01,0.25,2014
2014-09-02,1.27,2014
2014-09-03,0,2014
2014-09-04,0,2014
2014-09-05,17.27,2014
2014-09-06,0.25,2014
2014-09-07,0,2014
2014-09-08,1.01,2014
2014-09-09,26.16,2014
2014-09-10,8.12,2014
2014-09-11,0,2014
2014-09-12,7.1,2014
2014-09-13,0,2014
2014-09-14,0,2014
2014-09-15,0,2014
2014-09-16,0,2014
2014-09-17,0,2014
2014-09-18,0,2014
2014-09-19,0,2014
2014-09-20,7.62,2014
2014-09-21,0,2014
2014-09-22,0,2014
2014-09-23,0,2014
2014-09-24,22.1,2014
2014-09-25,0,2014
2014-09-26,0,2014
2014-09-27,0,2014
2014-09-28,0,2014
2014-09-29,0,2014
2014-09-30,7.869999999999999,2014
2014-10-01,21.84,2014
2014-10-02,6.34,2014
2014-10-03,0,2014
2014-10-04,0,2014
2014-10-05,0,2014
2014-10-06,0,2014
2014-10-07,0,2014
2014-10-08,0,2014
2014-10-09,4.0600000000000005,2014
2014-10-10,0,2014
2014-10-11,0,2014
2014-10-12,0,2014
2014-10-13,29.2,2014
2014-10-14,8.629999999999999,2014
2014-10-15,0,2014
2014-10-16,0,2014
2014-10-17,0,2014
2014-10-18,0,2014
2014-10-19,0,2014
2014-10-20,0,2014
2014-10-21,0,2014
2014-10-22,0,2014
2014-10-23,13.469999999999999,2014
2014-10-24,0.25,2014
2014-10-25,0,2014
2014-10-26,0,2014
2014-10-27,0,2014
2014-10-28,0,2014
2014-10-29,0,2014
2014-10-30,0,2014
2014-10-31,0,2014
2014-11-01,0,2014
2014-11-02,0,2014
2014-11-03,1.02,2014
2014-11-04,0,2014
2014-11-05,0.25,2014
2014-11-06,0,2014
2014-11-07,0,2014
2014-11-08,0,2014
2014-11-09,0,2014
2014-11-10,0,2014
2014-11-11,0,2014
2014-11-12,0,2014
2014-11-13,0,2014
2014-11-14,0,2014
2014-11-15,0,2014
2014-11-16,0,2014
2014-11-17,0,2014
2014-11-18,0,2014
2014-11-19,0,2014
2014-11-20,0,2014
2014-11-21,0,2014
2014-11-22,0,2014
2014-11-23,11.42,2014
2014-11-24,0,2014
2014-11-25,0,2014
2014-11-26,1.02,2014
2014-11-27,0,2014
2014-11-28,0.76,2014
2014-11-29,0,2014
2014-11-30,0.25,2014
2014-12-01,0,2014
2014-12-02,0,2014
2014-12-03,0,2014
2014-12-04,0,2014
2014-12-05,0,2014
2014-12-06,0,2014
2014-12-07,0.25,2014
2014-12-08,0.25,2014
2014-12-09,0,2014
2014-12-10,0,2014
2014-12-11,0,2014
2014-12-12,0,2014
2014-12-13,0,2014
2014-12-14,0,2014
2014-12-15,10.66,2014
2014-12-16,0.25,2014
2014-12-17,0,2014
2014-12-18,0,2014
2014-12-19,0,2014
2014-12-20,0,2014
2014-12-21,0,2014
2014-12-22,7.59,2014
2014-12-23,7.6,2014
2014-12-24,5.07,2014
2014-12-25,0,2014
2014-12-26,0,2014
2014-12-27,0,2014
2014-12-28,0,2014
2014-12-29,0,2014
2014-12-30,0,2014
2014-12-31,0,2014
2015-01-01,0,2015
2015-01-02,0,2015
2015-01-03,0,2015
2015-01-04,0,2015
2015-01-05,0,2015
2015-01-06,0,2015
2015-01-07,0,2015
2015-01-08,0,2015
2015-01-09,0,2015
2015-01-10,0,2015
2015-01-11,0,2015
2015-01-12,0,2015
2015-01-13,0,2015
2015-01-14,0,2015
2015-01-15,0,2015
2015-01-16,0,2015
2015-01-17,0,2015
2015-01-18,0,2015
2015-01-19,0.254,2015
2015-01-20,0,2015
2015-01-21,0,2015
2015-01-22,0,2015
2015-01-23,0,2015
2015-01-24,0,2015
2015-01-25,2.032,2015
2015-01-26,0,2015
2015-01-27,0,2015
2015-01-28,0,2015
2015-01-29,0,2015
2015-01-30,0,2015
2015-01-31,1.524,2015
2015-02-01,0,2015
2015-02-02,0,2015
2015-02-03,0,2015
2015-02-04,0,2015
2015-02-05,0,2015
2015-02-06,1.27,2015
2015-02-07,0,2015
2015-02-08,0,2015
2015-02-09,0,2015
2015-02-10,0,2015
2015-02-11,0,2015
2015-02-12,0,2015
2015-02-13,0,2015
2015-02-14,0,2015
2015-02-15,0,2015
2015-02-16,0,2015
2015-02-17,0,2015
2015-02-18,0,2015
2015-02-19,0,2015
2015-02-20,0,2015
2015-02-21,0,2015
2015-02-22,0,2015
2015-02-23,0,2015
2015-02-24,0,2015
2015-02-25,0,2015
2015-02-26,0,2015
2015-02-27,0,2015
2015-02-28,0,2015
2015-03-01,0,2015
2015-03-02,0,2015
2015-03-03,0.254,2015
2015-03-04,0,2015
2015-03-05,0,2015
2015-03-06,0.254,2015
2015-03-07,0,2015
2015-03-08,0,2015
2015-03-09,0,2015
2015-03-10,0,2015
2015-03-11,0,2015
2015-03-12,0,2015
2015-03-13,0,2015
2015-03-14,0,2015
2015-03-15,0,2015
2015-03-16,0,2015
2015-03-17,0,2015
2015-03-18,0,2015
2015-03-19,0,2015
2015-03-20,0,2015
2015-03-21,0,2015
2015-03-22,0,2015
2015-03-23,0.508,2015
2015-03-24,3.556,2015
2015-03-25,1.524,2015
2015-03-26,0,2015
2015-03-27,0,2015
2015-03-28,0,2015
2015-03-29,0.254,2015
2015-03-30,0,2015
2015-03-31,0,2015
2015-04-01,0,2015
2015-04-02,16.764,2015
2015-04-03,0,2015
2015-04-04,0,2015
2015-04-05,0,2015
2015-04-06,1.27,2015
2015-04-07,2.794,2015
2015-04-08,3.81,2015
2015-04-09,7.62,2015
2015-04-10,0,2015
2015-04-11,0,2015
2015-04-12,3.048,2015
2015-04-13,3.81,2015
2015-04-14,0,2015
2015-04-15,0,2015
2015-04-16,0,2015
2015-04-17,0,2015
2015-04-18,21.842,2015
2015-04-19,10.668,2015
2015-04-20,0,2015
2015-04-21,0,2015
2015-04-22,0,2015
2015-04-23,0,2015
2015-04-24,7.62,2015
2015-04-25,4.318,2015
2015-04-26,0,2015
2015-04-27,0,2015
2015-04-28,0,2015
2015-04-29,0,2015
2015-04-30,0,2015
2015-05-01,0.508,2015
2015-05-02,0,2015
2015-05-03,2.794,2015
2015-05-04,2.286,2015
2015-05-05,10.922,2015
2015-05-06,0,2015
2015-05-07,3.81,2015
2015-05-08,0,2015
2015-05-09,0,2015
2015-05-10,3.302,2015
2015-05-11,2.794,2015
2015-05-12,0,2015
2015-05-13,0,2015
2015-05-14,21.336,2015
2015-05-15,0,2015
2015-05-16,3.302,2015
2015-05-17,8.382,2015
2015-05-18,0,2015
2015-05-19,0,2015
2015-05-20,2.286,2015
2015-05-21,0,2015
2015-05-22,0,2015
2015-05-23,0,2015
2015-05-24,19.304,2015
2015-05-25,3.81,2015
2015-05-26,20.066,2015
2015-05-27,0.254,2015
2015-05-28,0,2015
2015-05-29,0,2015
2015-05-30,0.254,2015
2015-05-31,0,2015
2015-06-01,0,2015
2015-06-02,0,2015
2015-06-03,2.286,2015
2015-06-04,0,2015
2015-06-05,0,2015
2015-06-06,0,2015
2015-06-07,12.956,2015
2015-06-08,0,2015
2015-06-09,0,2015
2015-06-10,0,2015
2015-06-11,42.162,2015
2015-06-12,9.652,2015
2015-06-13,1.27,2015
2015-06-14,2.794,2015
2015-06-15,10.16,2015
2015-06-16,0.508,2015
2015-06-17,2.54,2015
2015-06-18,0,2015
2015-06-19,0,2015
2015-06-20,0,2015
2015-06-21,0,2015
2015-06-22,0.762,2015
2015-06-23,0,2015
2015-06-24,69.342,2015
2015-06-25,3.556,2015
2015-06-26,0.508,2015
2015-06-27,0,2015
2015-06-28,5.08,2015
2015-06-29,0,2015
2015-06-30,0,2015
2015-07-01,0,2015
2015-07-02,0,2015
2015-07-03,0,2015
2015-07-04,0,2015
2015-07-05,0,2015
2015-07-06,26.924,2015
2015-07-07,0,2015
2015-07-08,0,2015
2015-07-09,0,2015
2015-07-10,0,2015
2015-07-11,12.448,2015
2015-07-12,0,2015
2015-07-13,0,2015
2015-07-14,0,2015
2015-07-15,5.334,2015
2015-07-16,25.148,2015
2015-07-17,0,2015
2015-07-18,0,2015
2015-07-19,0,2015
2015-07-20,2.794,2015
2015-07-21,0,2015
2015-07-22,0,2015
2015-07-23,0,2015
2015-07-24,0,2015
2015-07-25,0,2015
2015-07-26,5.8420000000000005,2015
2015-07-27,26.418,2015
2015-07-28,40.382,2015
2015-07-29,0,2015
2015-07-30,0,2015
2015-07-31,0,2015
2015-08-01,0,2015
2015-08-02,0.508,2015
2015-08-03,0,2015
2015-08-04,0,2015
2015-08-05,0,2015
2015-08-06,0,2015
2015-08-07,0,2015
2015-08-08,0.508,2015
2015-08-09,72.384,2015
2015-08-10,5.8420000000000005,2015
2015-08-11,0,2015
2015-08-12,0,2015
2015-08-13,0,2015
2015-08-14,0,2015
2015-08-15,0,2015
2015-08-16,0,2015
2015-08-17,16.004,2015
2015-08-18,45.47,2015
2015-08-19,0,2015
2015-08-20,0,2015
2015-08-21,0,2015
2015-08-22,9.144,2015
2015-08-23,1.016,2015
2015-08-24,0,2015
2015-08-25,0,2015
2015-08-26,0,2015
2015-08-27,0.508,2015
2015-08-28,46.222,2015
2015-08-29,0.254,2015
2015-08-30,0,2015
2015-08-31,0,2015
2015-09-01,0,2015
2015-09-02,31.491999999999997,2015
2015-09-03,0,2015
2015-09-04,0,2015
2015-09-05,0,2015
2015-09-06,35.56,2015
2015-09-07,6.35,2015
2015-09-08,0,2015
2015-09-09,0,2015
2015-09-10,0,2015
2015-09-11,0,2015
2015-09-12,0,2015
2015-09-13,0,2015
2015-09-14,0,2015
2015-09-15,0,2015
2015-09-16,0,2015
2015-09-17,20.068,2015
2015-09-18,6.604,2015
2015-09-19,0,2015
2015-09-20,0,2015
2015-09-21,0,2015
2015-09-22,1.016,2015
2015-09-23,2.286,2015
2015-09-24,0,2015
2015-09-25,0,2015
2015-09-26,0,2015
2015-09-27,0,2015
2015-09-28,0.508,2015
2015-09-29,20.574,2015
2015-09-30,0,2015
2015-10-01,0,2015
2015-10-02,0,2015
2015-10-03,0,2015
2015-10-04,0,2015
2015-10-05,0,2015
2015-10-06,0,2015
2015-10-07,0,2015
2015-10-08,0,2015
2015-10-09,0,2015
2015-10-10,0,2015
2015-10-11,0,2015
2015-10-12,0,2015
2015-10-13,0,2015
2015-10-14,0,2015
2015-10-15,0,2015
2015-10-16,0,2015
2015-10-17,0,2015
2015-10-18,0,2015
2015-10-19,0,2015
2015-10-20,0,2015
2015-10-21,5.08,2015
2015-10-22,0,2015
2015-10-23,8.382,2015
2015-10-24,0,2015
2015-10-25,0,2015
2015-10-26,0,2015
2015-10-27,9.906,2015
2015-10-28,1.524,2015
2015-10-29,0,2015
2015-10-30,0.508,2015
2015-10-31,6.096,2015
2015-11-01,0,2015
2015-11-02,0,2015
2015-11-03,0,2015
2015-11-04,0,2015
2015-11-05,0,2015
2015-11-06,0,2015
2015-11-07,0,2015
2015-11-08,0,2015
2015-11-09,0,2015
2015-11-10,0,2015
2015-11-11,10.67,2015
2015-11-12,1.778,2015
2015-11-13,0,2015
2015-11-14,0,2015
2015-11-15,0,2015
2015-11-16,6.096,2015
2015-11-17,4.8260000000000005,2015
2015-11-18,4.318,2015
2015-11-19,0,2015
2015-11-20,0,2015
2015-11-21,0,2015
2015-11-22,2.032,2015
2015-11-23,0,2015
2015-11-24,0,2015
2015-11-25,0,2015
2015-11-26,18.796,2015
2015-11-27,0,2015
2015-11-28,0.254,2015
2015-11-29,0.254,2015
2015-11-30,11.176,2015
2015-12-01,0,2015
2015-12-02,1.016,2015
2015-12-03,0,2015
2015-12-04,0,2015
2015-12-05,0,2015
2015-12-06,0,2015
2015-12-07,0,2015
2015-12-08,0,2015
2015-12-09,0,2015
2015-12-10,0,2015
2015-12-11,0,2015
2015-12-12,4.8260000000000005,2015
2015-12-13,54.104,2015
2015-12-14,38.354,2015
2015-12-15,0,2015
2015-12-16,0.762,2015
2015-12-17,0,2015
2015-12-18,0,2015
2015-12-19,0,2015
2015-12-20,0,2015
2015-12-21,0,2015
2015-12-22,0,2015
2015-12-23,17.018,2015
2015-12-24,0,2015
2015-12-25,0,2015
2015-12-26,5.08,2015
2015-12-27,0,2015
2015-12-28,0,2015
2015-12-29,0,2015
2015-12-30,0,2015
2015-12-31,0,2015
2016-01-01,0.25,2016
2016-01-02,0,2016
2016-01-03,0,2016
2016-01-04,0,2016
2016-01-05,0,2016
2016-01-06,3.05,2016
2016-01-07,2.29,2016
2016-01-08,2.77,2016
2016-01-09,0,2016
2016-01-10,0,2016
2016-01-11,0,2016
2016-01-12,0,2016
2016-01-13,0,2016
2016-01-14,0,2016
2016-01-15,0,2016
2016-01-16,0,2016
2016-01-17,0,2016
2016-01-18,0,2016
2016-01-19,0,2016
2016-01-20,0,2016
2016-01-21,0.76,2016
2016-01-22,0,2016
2016-01-23,0,2016
2016-01-24,0,2016
2016-01-25,0,2016
2016-01-26,0,2016
2016-01-27,0.25,2016
2016-01-28,0,2016
2016-01-29,0,2016
2016-01-30,0,2016
2016-01-31,0,2016
2016-02-01,0.25,2016
2016-02-02,4.07,2016
2016-02-03,0,2016
2016-02-04,0,2016
2016-02-05,0,2016
2016-02-06,0,2016
2016-02-07,2.54,2016
2016-02-08,0,2016
2016-02-09,0,2016
2016-02-10,0,2016
2016-02-11,0,2016
2016-02-12,0,2016
2016-02-13,0,2016
2016-02-14,0,2016
2016-02-15,1.01,2016
2016-02-16,1.53,2016
2016-02-17,0,2016
2016-02-18,0,2016
2016-02-19,0,2016
2016-02-20,0,2016
2016-02-21,0,2016
2016-02-22,0,2016
2016-02-23,0,2016
2016-02-24,0,2016
2016-02-25,0,2016
2016-02-26,0,2016
2016-02-27,0,2016
2016-02-28,0,2016
2016-02-29,0,2016
2016-03-01,0,2016
2016-03-02,0.76,2016
2016-03-03,0,2016
2016-03-04,0,2016
2016-03-05,0,2016
2016-03-06,0,2016
2016-03-07,0,2016
2016-03-08,0,2016
2016-03-09,0,2016
2016-03-10,0,2016
2016-03-11,0,2016
2016-03-12,3.55,2016
2016-03-13,1.3900000000000001,2016
2016-03-14,0,2016
2016-03-15,6.35,2016
2016-03-16,0,2016
2016-03-17,0,2016
2016-03-18,0,2016
2016-03-19,0.5,2016
2016-03-20,0,2016
2016-03-21,0,2016
2016-03-22,0,2016
2016-03-23,11.43,2016
2016-03-24,0,2016
2016-03-25,0,2016
2016-03-26,3.81,2016
2016-03-27,0,2016
2016-03-28,0,2016
2016-03-29,0,2016
2016-03-30,7.609999999999999,2016
2016-03-31,3.81,2016
2016-04-01,16.52,2016
2016-04-02,0,2016
2016-04-03,0,2016
2016-04-04,0,2016
2016-04-05,0,2016
2016-04-06,0.76,2016
2016-04-07,1.77,2016
2016-04-08,0,2016
2016-04-09,0,2016
2016-04-10,0,2016
2016-04-11,0,2016
2016-04-12,0,2016
2016-04-13,0,2016
2016-04-14,0,2016
2016-04-15,0,2016
2016-04-16,0,2016
2016-04-17,0,2016
2016-04-18,2.54,2016
2016-04-19,0.25,2016
2016-04-20,13.21,2016
2016-04-21,2.54,2016
2016-04-22,0,2016
2016-04-23,0,2016
2016-04-24,0,2016
2016-04-25,4.07,2016
2016-04-26,0,2016
2016-04-27,18.28,2016
2016-04-28,1.52,2016
2016-04-29,0.25,2016
2016-04-30,28.96,2016
2016-05-01,4.3,2016
2016-05-02,0,2016
2016-05-03,0,2016
2016-05-04,0,2016
2016-05-05,0,2016
2016-05-06,0,2016
2016-05-07,0,2016
2016-05-08,0.5,2016
2016-05-09,9.899999999999999,2016
2016-05-10,0,2016
2016-05-11,2.0300000000000002,2016
2016-05-12,0,2016
2016-05-13,4.82,2016
2016-05-14,0,2016
2016-05-15,0,2016
2016-05-16,0,2016
2016-05-17,0,2016
2016-05-18,0,2016
2016-05-19,0,2016
2016-05-20,0,2016
2016-05-21,0,2016
2016-05-22,0,2016
2016-05-23,0.25,2016
2016-05-24,4.0600000000000005,2016
2016-05-25,15.24,2016
2016-05-26,7.62,2016
2016-05-27,16,2016
2016-05-28,5.08,2016
2016-05-29,0,2016
2016-05-30,11.68,2016
2016-05-31,16.25,2016
2016-06-01,0,2016
2016-06-02,0,2016
2016-06-03,10.16,2016
2016-06-04,0.25,2016
2016-06-05,0,2016
2016-06-06,0,2016
2016-06-07,0,2016
2016-06-08,0,2016
2016-06-09,0,2016
2016-06-10,0,2016
2016-06-11,0,2016
2016-06-12,0,2016
2016-06-13,0.51,2016
2016-06-14,6.34,2016
2016-06-15,0.25,2016
2016-06-16,0,2016
2016-06-17,0,2016
2016-06-18,0,2016
2016-06-19,0,2016
2016-06-20,0.51,2016
2016-06-21,0,2016
2016-06-22,1.27,2016
2016-06-23,0,2016
2016-06-24,0,2016
2016-06-25,0,2016
2016-06-26,2.02,2016
2016-06-27,0,2016
2016-06-28,0,2016
2016-06-29,0,2016
2016-06-30,0,2016
2016-07-01,0,2016
2016-07-02,0,2016
2016-07-03,0,2016
2016-07-04,0,2016
2016-07-05,0,2016
2016-07-06,8.629999999999999,2016
2016-07-07,10.42,2016
2016-07-08,0,2016
2016-07-09,0,2016
2016-07-10,11.43,2016
2016-07-11,0.25,2016
2016-07-12,18.79,2016
2016-07-13,1.02,2016
2016-07-14,0,2016
2016-07-15,0,2016
2016-07-16,0,2016
2016-07-17,28.43,2016
2016-07-18,37.84,2016
2016-07-19,20.08,2016
2016-07-20,0,2016
2016-07-21,0,2016
2016-07-22,0,2016
2016-07-23,0,2016
2016-07-24,0,2016
2016-07-25,0,2016
2016-07-26,0,2016
2016-07-27,0,2016
2016-07-28,0,2016
2016-07-29,0,2016
2016-07-30,0,2016
2016-07-31,0,2016
2016-08-01,0.76,2016
2016-08-02,8.120000000000001,2016
2016-08-03,0.25,2016
2016-08-04,16.26,2016
2016-08-05,0.25,2016
2016-08-06,0,2016
2016-08-07,0,2016
2016-08-08,0,2016
2016-08-09,0,2016
2016-08-10,5.33,2016
2016-08-11,120.89999999999999,2016
2016-08-12,9.15,2016
2016-08-13,0,2016
2016-08-14,0,2016
2016-08-15,0,2016
2016-08-16,0,2016
2016-08-17,3.04,2016
2016-08-18,0,2016
2016-08-19,15.49,2016
2016-08-20,1.01,2016
2016-08-21,0,2016
2016-08-22,0,2016
2016-08-23,0,2016
2016-08-24,7.36,2016
2016-08-25,0,2016
2016-08-26,1.27,2016
2016-08-27,0,2016
2016-08-28,0,2016
2016-08-29,2.54,2016
2016-08-30,0,2016
2016-08-31,0,2016
2016-09-01,0,2016
2016-09-02,0,2016
2016-09-03,0,2016
2016-09-04,0,2016
2016-09-05,0,2016
2016-09-06,0,2016
2016-09-07,24.650000000000002,2016
2016-09-08,32.25,2016
2016-09-09,6.609999999999999,2016
2016-09-10,0,2016
2016-09-11,0,2016
2016-09-12,0,2016
2016-09-13,3.3,2016
2016-09-14,0,2016
2016-09-15,13.21,2016
2016-09-16,25.65,2016
2016-09-17,0,2016
2016-09-18,0,2016
2016-09-19,0,2016
2016-09-20,0,2016
2016-09-21,0,2016
2016-09-22,41.39,2016
2016-09-23,6.1,2016
2016-09-24,23.62,2016
2016-09-25,6.09,2016
2016-09-26,0,2016
2016-09-27,0,2016
2016-09-28,0,2016
2016-09-29,0,2016
2016-09-30,0,2016
2016-10-01,0,2016
2016-10-02,0,2016
2016-10-03,0,2016
2016-10-04,0.25,2016
2016-10-05,1.77,2016
2016-10-06,1.27,2016
2016-10-07,0,2016
2016-10-08,0,2016
2016-10-09,0,2016
2016-10-10,1.01,2016
2016-10-11,0.25,2016
2016-10-12,1.27,2016
2016-10-13,0,2016
2016-10-14,0,2016
2016-10-15,0,2016
2016-10-16,0.25,2016
2016-10-17,0,2016
2016-10-18,0,2016
2016-10-19,0,2016
2016-10-20,0,2016
2016-10-21,0,2016
2016-10-22,0,2016
2016-10-23,0,2016
2016-10-24,0,2016
2016-10-25,0,2016
2016-10-26,4.57,2016
2016-10-27,0,2016
2016-10-28,0,2016
2016-10-29,0,2016
2016-10-30,0,2016
2016-10-31,0,2016
2016-11-01,0,2016
2016-11-02,0,2016
2016-11-03,0,2016
2016-11-04,0,2016
2016-11-05,0,2016
2016-11-06,0,2016
2016-11-07,0,2016
2016-11-08,0,2016
2016-11-09,0,2016
2016-11-10,0,2016
2016-11-11,0,2016
2016-11-12,0,2016
2016-11-13,0,2016
2016-11-14,0,2016
2016-11-15,0,2016
2016-11-16,0,2016
2016-11-17,0,2016
2016-11-18,0,2016
2016-11-19,0,2016
2016-11-20,0,2016
2016-11-21,0,2016
2016-11-22,17.52,2016
2016-11-23,9.120000000000001,2016
2016-11-24,0,2016
2016-11-25,0,2016
2016-11-26,0,2016
2016-11-27,12.69,2016
2016-11-28,1.02,2016
2016-11-29,0,2016
2016-11-30,0,2016
2016-12-01,0,2016
2016-12-02,0,2016
2016-12-03,1.01,2016
2016-12-04,6.85,2016
2016-12-05,1.52,2016
2016-12-06,0.5,2016
2016-12-07,0,2016
2016-12-08,0,2016
2016-12-09,0,2016
2016-12-10,0,2016
2016-12-11,0.25,2016
2016-12-12,0,2016
2016-12-13,0,2016
2016-12-14,0,2016
2016-12-15,0,2016
2016-12-16,0,2016
2016-12-17,0,2016
2016-12-18,0,2016
2016-12-19,0,2016
2016-12-20,0,2016
2016-12-21,0,2016
2016-12-22,0,2016
2016-12-23,3.81,2016
2016-12-24,0,2016
2016-12-25,18.27,2016
2016-12-26,0,2016
2016-12-27,0,2016
2016-12-28,0,2016
2016-12-29,0,2016
2016-12-30,0,2016
2016-12-31,0,2016
2017-01-01,0,2017
2017-01-02,4.32,2017
2017-01-03,0,2017
2017-01-04,0,2017
2017-01-05,0,2017
2017-01-06,0,2017
2017-01-07,0,2017
2017-01-08,0,2017
2017-01-09,0,2017
2017-01-10,8.629999999999999,2017
2017-01-11,0,2017
2017-01-12,0,2017
2017-01-13,0,2017
2017-01-14,0,2017
2017-01-15,0,2017
2017-01-16,12.459999999999999,2017
2017-01-17,5.6,2017
2017-01-18,0,2017
2017-01-19,0,2017
2017-01-20,1.26,2017
2017-01-21,5.58,2017
2017-01-22,0,2017
2017-01-23,0,2017
2017-01-24,3.55,2017
2017-01-25,5.82,2017
2017-01-26,0,2017
2017-01-27,0,2017
2017-01-28,0,2017
2017-01-29,0.76,2017
2017-01-30,0.51,2017
2017-01-31,0,2017
2017-02-01,0,2017
2017-02-02,0,2017
2017-02-03,0,2017
2017-02-04,0,2017
2017-02-05,0,2017
2017-02-06,0,2017
2017-02-07,0,2017
2017-02-08,0,2017
2017-02-09,0,2017
2017-02-10,0,2017
2017-02-11,0,2017
2017-02-12,0.5,2017
2017-02-13,0,2017
2017-02-14,0,2017
2017-02-15,0,2017
2017-02-16,0,2017
2017-02-17,0,2017
2017-02-18,0,2017
2017-02-19,0,2017
2017-02-20,17.51,2017
2017-02-21,0,2017
2017-02-22,0,2017
2017-02-23,3.55,2017
2017-02-24,11.41,2017
2017-02-25,0,2017
2017-02-26,3.05,2017
2017-02-27,0.25,2017
2017-02-28,0.5,2017
2017-03-01,0.25,2017
2017-03-02,0,2017
2017-03-03,0,2017
2017-03-04,0,2017
2017-03-05,0,2017
2017-03-06,5.33,2017
2017-03-07,0,2017
2017-03-08,0,2017
2017-03-09,0,2017
2017-03-10,0,2017
2017-03-11,0,2017
2017-03-12,2.5300000000000002,2017
2017-03-13,3.8,2017
2017-03-14,2.0300000000000002,2017
2017-03-15,0,2017
2017-03-16,0,2017
2017-03-17,0,2017
2017-03-18,0,2017
2017-03-19,0,2017
2017-03-20,0,2017
2017-03-21,0,2017
2017-03-22,0,2017
2017-03-23,0,2017
2017-03-24,4.82,2017
2017-03-25,22.87,2017
2017-03-26,0,2017
2017-03-27,0,2017
2017-03-28,0,2017
2017-03-29,36.82,2017
2017-03-30,0.51,2017
2017-03-31,0,2017
2017-04-01,0,2017
2017-04-02,0.5,2017
2017-04-03,16.25,2017
2017-04-04,0,2017
2017-04-05,0.25,2017
2017-04-06,0,2017
2017-04-07,0,2017
2017-04-08,0,2017
2017-04-09,0,2017
2017-04-10,0,2017
2017-04-11,0,2017
2017-04-12,0.51,2017
2017-04-13,3.81,2017
2017-04-14,8.370000000000001,2017
2017-04-15,4.57,2017
2017-04-16,0,2017
2017-04-17,0,2017
2017-04-18,2.79,2017
2017-04-19,10.15,2017
2017-04-20,0,2017
2017-04-21,0,2017
2017-04-22,0,2017
2017-04-23,0,2017
2017-04-24,0,2017
2017-04-25,0.25,2017
2017-04-26,0,2017
2017-04-27,0,2017
2017-04-28,9.4,2017
2017-04-29,1.78,2017
2017-04-30,35.8,2017
2017-05-01,14.22,2017
2017-05-02,0,2017
2017-05-03,0,2017
2017-05-04,0,2017
2017-05-05,0,2017
2017-05-06,0,2017
2017-05-07,0,2017
2017-05-08,0,2017
2017-05-09,0,2017
2017-05-10,27.69,2017
2017-05-11,0,2017
2017-05-12,0,2017
2017-05-13,0,2017
2017-05-14,0,2017
2017-05-15,0,2017
2017-05-16,8.38,2017
2017-05-17,22.86,2017
2017-05-18,0.25,2017
2017-05-19,28.7,2017
2017-05-20,9.13,2017
2017-05-21,0,2017
2017-05-22,2.28,2017
2017-05-23,6.09,2017
2017-05-24,7.11,2017
2017-05-25,0,2017
2017-05-26,0,2017
2017-05-27,5.59,2017
2017-05-28,0,2017
2017-05-29,0,2017
2017-05-30,0,2017
2017-05-31,0,2017
2017-06-01,0,2017
2017-06-02,0,2017
2017-06-03,0,2017
2017-06-04,0,2017
2017-06-05,0,2017
2017-06-06,0,2017
2017-06-07,0,2017
2017-06-08,0,2017
2017-06-09,0,2017
2017-06-10,0,2017
2017-06-11,0,2017
2017-06-12,0,2017
2017-06-13,0,2017
2017-06-14,25.14,2017
2017-06-15,0,2017
2017-06-16,4.83,2017
2017-06-17,2.02,2017
2017-06-18,0,2017
2017-06-19,0.25,2017
2017-06-20,0,2017
2017-06-21,0,2017
2017-06-22,24.89,2017
2017-06-23,1.02,2017
2017-06-24,0,2017
2017-06-25,0,2017
2017-06-26,2.29,2017
2017-06-27,0,2017
2017-06-28,9.4,2017
2017-06-29,1.27,2017
2017-06-30,0.76,2017
2017-07-01,0,2017
2017-07-02,0,2017
2017-07-03,0,2017
2017-07-04,0,2017
2017-07-05,0,2017
2017-07-06,0,2017
2017-07-07,0,2017
2017-07-08,0,2017
2017-07-09,0,2017
2017-07-10,0,2017
2017-07-11,0,2017
2017-07-12,21.6,2017
2017-07-13,0,2017
2017-07-14,0,2017
2017-07-15,0,2017
2017-07-16,0,2017
2017-07-17,0,2017
2017-07-18,0,2017
2017-07-19,0,2017
2017-07-20,16,2017
2017-07-21,0.76,2017
2017-07-22,0,2017
2017-07-23,0,2017
2017-07-24,0,2017
2017-07-25,0,2017
2017-07-26,4.32,2017
2017-07-27,0,2017
2017-07-28,0,2017
2017-07-29,0,2017
2017-07-30,0,2017
2017-07-31,0,2017
2017-08-01,22.35,2017
2017-08-02,0.25,2017
2017-08-03,11.17,2017
2017-08-04,0,2017
2017-08-05,0,2017
2017-08-06,0,2017
2017-08-07,0,2017
2017-08-08,0,2017
2017-08-09,0,2017
2017-08-10,0,2017
2017-08-11,0,2017
2017-08-12,0,2017
2017-08-13,0.51,2017
2017-08-14,6.85,2017
2017-08-15,2.8,2017
2017-08-16,1.77,2017
2017-08-17,0,2017
2017-08-18,0.51,2017
2017-08-19,3.05,2017
2017-08-20,6.6,2017
2017-08-21,27.17,2017
2017-08-22,0.25,2017
2017-08-23,0,2017
2017-08-24,0.25,2017
2017-08-25,0.25,2017
2017-08-26,0.51,2017
2017-08-27,0,2017
2017-08-28,0,2017
2017-08-29,0,2017
2017-08-30,0,2017
2017-08-31,0,2017
2017-09-01,0,2017
2017-09-02,0,2017
2017-09-03,0,2017
2017-09-04,0,2017
2017-09-05,0,2017
2017-09-06,0,2017
2017-09-07,0,2017
2017-09-08,0,2017
2017-09-09,0,2017
2017-09-10,0,2017
2017-09-11,0,2017
2017-09-12,0,2017
2017-09-13,0,2017
2017-09-14,0,2017
2017-09-15,0,2017
2017-09-16,2.0300000000000002,2017
2017-09-17,16.509999999999998,2017
2017-09-18,3.81,2017
2017-09-19,0,2017
2017-09-20,0,2017
2017-09-21,0,2017
2017-09-22,0,2017
2017-09-23,0,2017
2017-09-24,0,2017
2017-09-25,20.06,2017
2017-09-26,0.75,2017
2017-09-27,0,2017
2017-09-28,0,2017
2017-09-29,0,2017
2017-09-30,0,2017
2017-10-01,0.25,2017
2017-10-02,11.16,2017
2017-10-03,6.87,2017
2017-10-04,0.25,2017
2017-10-05,2.2800000000000002,2017
2017-10-06,39.35,2017
2017-10-07,37.83,2017
2017-10-08,0,2017
2017-10-09,0,2017
2017-10-10,18.28,2017
2017-10-11,0,2017
2017-10-12,0,2017
2017-10-13,5.83,2017
2017-10-14,16.75,2017
2017-10-15,0.25,2017
2017-10-16,0,2017
2017-10-17,0,2017
2017-10-18,0,2017
2017-10-19,0,2017
2017-10-20,0,2017
2017-10-21,2.04,2017
2017-10-22,0,2017
2017-10-23,0,2017
2017-10-24,0,2017
2017-10-25,0,2017
2017-10-26,0,2017
2017-10-27,0,2017
2017-10-28,0,2017
2017-10-29,2.0300000000000002,2017
2017-10-30,0,2017
2017-10-31,0,2017
2017-11-01,0,2017
2017-11-02,0,2017
2017-11-03,0,2017
2017-11-04,0,2017
2017-11-05,0,2017
2017-11-06,0,2017
2017-11-07,0,2017
2017-11-08,0,2017
2017-11-09,0,2017
2017-11-10,0,2017
2017-11-11,0,2017
2017-11-12,0.76,2017
2017-11-13,0,2017
2017-11-14,0.5,2017
2017-11-15,0.25,2017
2017-11-16,0,2017
2017-11-17,0,2017
2017-11-18,4.82,2017
2017-11-19,0,2017
2017-11-20,0,2017
2017-11-21,0,2017
2017-11-22,0,2017
2017-11-23,0,2017
2017-11-24,0,2017
2017-11-25,0,2017
2017-11-26,0,2017
2017-11-27,0,2017
2017-11-28,0,2017
2017-11-29,0,2017
2017-11-30,0,2017
2017-12-01,0,2017
2017-12-02,0,2017
2017-12-03,0,2017
2017-12-04,0,2017
2017-12-05,0,2017
2017-12-06,0,2017
2017-12-07,0,2017
2017-12-08,0,2017
2017-12-09,0,2017
2017-12-10,0,2017
2017-12-11,0,2017
2017-12-12,0,2017
2017-12-13,0.76,2017
2017-12-14,0,2017
2017-12-15,0,2017
2017-12-16,0,2017
2017-12-17,0,2017
2017-12-18,0,2017
2017-12-19,0,2017
2017-12-20,0,2017
2017-12-21,0,2017
2017-12-22,0,2017
2017-12-23,0,2017
2017-12-24,0,2017
2017-12-25,0,2017
2017-12-26,0,2017
2017-12-27,0,2017
2017-12-28,4.54,2017
2017-12-29,7.35,2017
2017-12-30,0,2017
2017-12-31,0,2017
2018-01-01,0,2018
2018-01-02,0,2018
2018-01-03,0,2018
2018-01-04,0,2018
2018-01-05,0,2018
2018-01-06,0,2018
2018-01-07,0.51,2018
2018-01-08,0,2018
2018-01-09,0,2018
2018-01-10,0,2018
2018-01-11,5.58,2018
2018-01-12,0,2018
2018-01-13,0,2018
2018-01-14,2.79,2018
2018-01-15,0,2018
2018-01-16,0,2018
2018-01-17,0,2018
2018-01-18,1.27,2018
2018-01-19,0,2018
2018-01-20,0,2018
2018-01-21,0.25,2018
2018-01-22,25.89,2018
2018-01-23,0,2018
2018-01-24,0,2018
2018-01-25,0,2018
2018-01-26,0,2018
2018-01-27,0,2018
2018-01-28,0,2018
2018-01-29,0,2018
2018-01-30,0,2018
2018-01-31,0,2018
2018-02-01,0,2018
2018-02-02,0,2018
2018-02-03,2.7800000000000002,2018
2018-02-04,0,2018
2018-02-05,12.46,2018
2018-02-06,0,2018
2018-02-07,0,2018
2018-02-08,4.3,2018
2018-02-09,3.8,2018
2018-02-10,0,2018
2018-02-11,0,2018
2018-02-12,0,2018
2018-02-13,2.0300000000000002,2018
2018-02-14,0.25,2018
2018-02-15,0,2018
2018-02-16,0,2018
2018-02-17,0.76,2018
2018-02-18,0,2018
2018-02-19,2.0300000000000002,2018
2018-02-20,9.379999999999999,2018
2018-02-21,0,2018
2018-02-22,4.03,2018
2018-02-23,2.2800000000000002,2018
2018-02-24,3.01,2018
2018-02-25,0.76,2018
2018-02-26,0,2018
2018-02-27,0,2018
2018-02-28,0,2018
2018-03-01,0,2018
2018-03-02,0,2018
2018-03-03,0,2018
2018-03-04,0,2018
2018-03-05,11.43,2018
2018-03-06,9.4,2018
2018-03-07,0,2018
2018-03-08,0,2018
2018-03-09,0,2018
2018-03-10,0,2018
2018-03-11,0,2018
2018-03-12,0,2018
2018-03-13,0,2018
2018-03-14,0,2018
2018-03-15,0,2018
2018-03-16,2.0300000000000002,2018
2018-03-17,12.68,2018
2018-03-18,0,2018
2018-03-19,0,2018
2018-03-20,0,2018
2018-03-21,0.25,2018
2018-03-22,0,2018
2018-03-23,4.05,2018
2018-03-24,7.62,2018
2018-03-25,2.79,2018
2018-03-26,6.6,2018
2018-03-27,0,2018
2018-03-28,0,2018
2018-03-29,0,2018
2018-03-30,0,2018
2018-03-31,5.08,2018
2018-04-01,0,2018
2018-04-02,0,2018
2018-04-03,3.0300000000000002,2018
2018-04-04,0.25,2018
2018-04-05,0,2018
2018-04-06,0,2018
2018-04-07,0,2018
2018-04-08,3,2018
2018-04-09,2.8,2018
2018-04-10,0,2018
2018-04-11,0,2018
2018-04-12,0,2018
2018-04-13,7.88,2018
2018-04-14,21.06,2018
2018-04-15,8.34,2018
2018-04-16,0.25,2018
2018-04-17,0,2018
2018-04-18,2.79,2018
2018-04-19,0,2018
2018-04-20,0,2018
2018-04-21,0,2018
2018-04-22,0,2018
2018-04-23,0,2018
2018-04-24,0,2018
2018-04-25,0,2018
2018-04-26,0,2018
2018-04-27,0,2018
2018-04-28,0,2018
2018-04-29,0,2018
2018-04-30,0,2018
2018-05-01,28.71,2018
2018-05-02,9.14,2018
2018-05-03,16.240000000000002,2018
2018-05-04,0.5,2018
2018-05-05,0,2018
2018-05-06,0,2018
2018-05-07,0,2018
2018-05-08,0,2018
2018-05-09,1.78,2018
2018-05-10,0,2018
2018-05-11,0.76,2018
2018-05-12,0,2018
2018-05-13,0.51,2018
2018-05-14,1.02,2018
2018-05-15,0,2018
2018-05-16,0,2018
2018-05-17,0,2018
2018-05-18,0,2018
2018-05-19,3.05,2018
2018-05-20,0.51,2018
2018-05-21,1.26,2018
2018-05-22,0.25,2018
2018-05-23,0,2018
2018-05-24,0,2018
2018-05-25,2.2800000000000002,2018
2018-05-26,0,2018
2018-05-27,0,2018
2018-05-28,0,2018
2018-05-29,9.399999999999999,2018
2018-05-30,0.25,2018
2018-05-31,0,2018
2018-06-01,0,2018
2018-06-02,18.29,2018
2018-06-03,0,2018
2018-06-04,0,2018
2018-06-05,0,2018
2018-06-06,22.599999999999998,2018
2018-06-07,0,2018
2018-06-08,0,2018
2018-06-09,0,2018
2018-06-10,6.34,2018
2018-06-11,21.32,2018
2018-06-12,0.76,2018
2018-06-13,0,2018
2018-06-14,98.55,2018
2018-06-15,0,2018
2018-06-16,0,2018
2018-06-17,0,2018
2018-06-18,34.28,2018
2018-06-19,13.2,2018
2018-06-20,7.87,2018
2018-06-21,5.83,2018
2018-06-22,0,2018
2018-06-23,0,2018
2018-06-24,1.78,2018
2018-06-25,7.619999999999999,2018
2018-06-26,18.28,2018
2018-06-27,0,2018
2018-06-28,0,2018
2018-06-29,0,2018
2018-06-30,38.86,2018
2018-07-01,8.9,2018
2018-07-02,0,2018
2018-07-03,0,2018
2018-07-04,17.27,2018
2018-07-05,23.11,2018
2018-07-06,0,2018
2018-07-07,0,2018
2018-07-08,0,2018
2018-07-09,0,2018
2018-07-10,0,2018
2018-07-11,0,2018
2018-07-12,0,2018
2018-07-13,2.79,2018
2018-07-14,0.25,2018
2018-07-15,0,2018
2018-07-16,0,2018
2018-07-17,0,2018
2018-07-18,0,2018
2018-07-19,0.51,2018
2018-07-20,0,2018
2018-07-21,0,2018
2018-07-22,0,2018
2018-07-23,0.25,2018
2018-07-24,0,2018
2018-07-25,8.64,2018
2018-07-26,0,2018
2018-07-27,0,2018
2018-07-28,0,2018
2018-07-29,0,2018
2018-07-30,0,2018
2018-07-31,0,2018
2018-08-01,29.970000000000002,2018
2018-08-02,0,2018
2018-08-03,0,2018
2018-08-04,0.5,2018
2018-08-05,3.81,2018
2018-08-06,31.23,2018
2018-08-07,15.5,2018
2018-08-08,0,2018
2018-08-09,0,2018
2018-08-10,0,2018
2018-08-11,0,2018
2018-08-12,0,2018
2018-08-13,0,2018
2018-08-14,0,2018
2018-08-15,3.05,2018
2018-08-16,18.28,2018
2018-08-17,0.25,2018
2018-08-18,0,2018
2018-08-19,0.51,2018
2018-08-20,53.84,2018
2018-08-21,0,2018
2018-08-22,0,2018
2018-08-23,0,2018
2018-08-24,0,2018
2018-08-25,0,2018
2018-08-26,0.25,2018
2018-08-27,4.3100000000000005,2018
2018-08-28,24.38,2018
2018-08-29,0,2018
2018-08-30,0,2018
2018-08-31,7.62,2018
2018-09-01,22.330000000000002,2018
2018-09-02,28.2,2018
2018-09-03,9.64,2018
2018-09-04,17.27,2018
2018-09-05,24.630000000000003,2018
2018-09-06,0,2018
2018-09-07,0,2018
2018-09-08,0,2018
2018-09-09,0,2018
2018-09-10,0,2018
2018-09-11,0,2018
2018-09-12,0,2018
2018-09-13,0,2018
2018-09-14,0,2018
2018-09-15,0,2018
2018-09-16,0,2018
2018-09-17,0,2018
2018-09-18,3.3,2018
2018-09-19,10.41,2018
2018-09-20,12.7,2018
2018-09-21,4.0600000000000005,2018
2018-09-22,0,2018
2018-09-23,0,2018
2018-09-24,0,2018
2018-09-25,19.05,2018
2018-09-26,0,2018
2018-09-27,0,2018
2018-09-28,0,2018
2018-09-29,4.56,2018
2018-09-30,5.32,2018
2018-10-01,40.11,2018
2018-10-02,0,2018
2018-10-03,0,2018
2018-10-04,0,2018
2018-10-05,4.05,2018
2018-10-06,2.79,2018
2018-10-07,17.54,2018
2018-10-08,30.2,2018
2018-10-09,6.33,2018
2018-10-10,0,2018
2018-10-11,0,2018
2018-10-12,0,2018
2018-10-13,0,2018
2018-10-14,5.55,2018
2018-10-15,2.2800000000000002,2018
2018-10-16,0,2018
2018-10-17,0,2018
2018-10-18,0,2018
2018-10-19,2.29,2018
2018-10-20,0,2018
2018-10-21,0,2018
2018-10-22,0,2018
2018-10-23,0,2018
2018-10-24,0,2018
2018-10-25,0,2018
2018-10-26,0,2018
2018-10-27,0.5,2018
2018-10-28,0,2018
2018-10-29,0,2018
2018-10-30,0,2018
2018-10-31,0,2018
2018-11-01,0,2018
2018-11-02,0,2018
2018-11-03,14.49,2018
2018-11-04,10.14,2018
2018-11-05,9.39,2018
2018-11-06,0,2018
2018-11-07,0,2018
2018-11-08,0,2018
2018-11-09,0,2018
2018-11-10,0,2018
2018-11-11,0,2018
2018-11-12,0,2018
2018-11-13,0,2018
2018-11-14,0,2018
2018-11-15,0,2018
2018-11-16,1.27,2018
2018-11-17,3.55,2018
2018-11-18,0.25,2018
2018-11-19,0,2018
2018-11-20,0.25,2018
2018-11-21,0,2018
2018-11-22,0,2018
2018-11-23,5.32,2018
2018-11-24,0,2018
2018-11-25,0,2018
2018-11-26,0,2018
2018-11-27,0,2018
2018-11-28,0,2018
2018-11-29,0,2018
2018-11-30,0,2018
2018-12-01,22.84,2018
2018-12-02,4.0600000000000005,2018
2018-12-03,0,2018
2018-12-04,0,2018
2018-12-05,0,2018
2018-12-06,0,2018
2018-12-07,0,2018
2018-12-08,0,2018
2018-12-09,0,2018
2018-12-10,0,2018
2018-12-11,0,2018
2018-12-12,0,2018
2018-12-13,0,2018
2018-12-14,0,2018
2018-12-15,0,2018
2018-12-16,0,2018
2018-12-17,0,2018
2018-12-18,0,2018
2018-12-19,0,2018
2018-12-20,0,2018
2018-12-21,0,2018
2018-12-22,0,2018
2018-12-23,0,2018
2018-12-24,0,2018
2018-12-25,0,2018
2018-12-26,17.02,2018
2018-12-27,21.09,2018
2018-12-28,3.27,2018
2018-12-29,0,2018
2018-12-30,0,2018
2018-12-31,0.25,2018
2019-01-01,0,2019
2019-01-02,0,2019
2019-01-03,0,2019
2019-01-04,0,2019
2019-01-05,0,2019
2019-01-06,0,2019
2019-01-07,0.508,2019
2019-01-08,0,2019
2019-01-09,0,2019
2019-01-10,0,2019
2019-01-11,0,2019
2019-01-12,9.906,2019
2019-01-13,3.048,2019
2019-01-14,0,2019
2019-01-15,0,2019
2019-01-16,0,2019
2019-01-17,0,2019
2019-01-18,9.144,2019
2019-01-19,0,2019
2019-01-20,0,2019
2019-01-21,0,2019
2019-01-22,3.556,2019
2019-01-23,5.588,2019
2019-01-24,0,2019
2019-01-25,0,2019
2019-01-26,0,2019
2019-01-27,4.318,2019
2019-01-28,0.254,2019
2019-01-29,0,2019
2019-01-30,0,2019
2019-01-31,0,2019
2019-02-01,0,2019
2019-02-02,0.254,2019
2019-02-03,0,2019
2019-02-04,0,2019
2019-02-05,0,2019
2019-02-06,0,2019
2019-02-07,5.334,2019
2019-02-08,0,2019
2019-02-09,0,2019
2019-02-10,7.112,2019
2019-02-11,5.334,2019
2019-02-12,3.048,2019
2019-02-13,0,2019
2019-02-14,1.016,2019
2019-02-15,0,2019
2019-02-16,2.286,2019
2019-02-17,14.478,2019
2019-02-18,0,2019
2019-02-19,0,2019
2019-02-20,10.16,2019
2019-02-21,0.762,2019
2019-02-22,0,2019
2019-02-23,3.81,2019
2019-02-24,0,2019
2019-02-25,0,2019
2019-02-26,0,2019
2019-02-27,0,2019
2019-02-28,0.762,2019
2019-03-01,0,2019
2019-03-02,0,2019
2019-03-03,0,2019
2019-03-04,0,2019
2019-03-05,0,2019
2019-03-06,0,2019
2019-03-07,6.096,2019
2019-03-08,0,2019
2019-03-09,10.414,2019
2019-03-10,0.254,2019
2019-03-10,0,2019
2019-03-11,0,2019
2019-03-11,0,2019
2019-03-12,2.032,2019
2019-03-12,0.254,2019
2019-03-13,8.382,2019
2019-03-13,0,2019
2019-03-14,2.794,2019
2019-03-14,0,2019
2019-03-15,0,2019
2019-03-15,0,2019
2019-03-16,0.508,2019
2019-03-16,0,2019
2019-03-17,0.254,2019
2019-03-17,0,2019
2019-03-18,0,2019
2019-03-18,0,2019
2019-03-19,0,2019
2019-03-19,0,2019
2019-03-20,0,2019
2019-03-20,0,2019
2019-03-21,0,2019
2019-03-21,0,2019
2019-03-22,0,2019
2019-03-22,0,2019
2019-03-23,0,2019
2019-03-23,0,2019
2019-03-24,2.286,2019
2019-03-24,0,2019
2019-03-25,0,2019
2019-03-25,0,2019
2019-03-26,0,2019
2019-03-26,0,2019
2019-03-27,0,2019
2019-03-27,0,2019
2019-03-28,0,2019
2019-03-28,0,2019
2019-03-29,6.35,2019
2019-03-29,0,2019
2019-03-30,0,2019
2019-03-30,0,2019
2019-03-31,0,2019
2019-04-01,0,2019
2019-04-02,3.81,2019
2019-04-03,3.048,2019
2019-04-04,3.81,2019
2019-04-05,0,2019
2019-04-06,0,2019
2019-04-07,4.572,2019
2019-04-08,0,2019
2019-04-09,0,2019
2019-04-10,4.064,2019
2019-04-11,3.81,2019
2019-04-12,0,2019
2019-04-13,0,2019
2019-04-14,0,2019
2019-04-15,0,2019
2019-04-16,0,2019
2019-04-17,0.254,2019
2019-04-18,0,2019
2019-04-19,0,2019
2019-04-20,0,2019
2019-04-21,0,2019
2019-04-22,3.556,2019
2019-04-23,0,2019
2019-04-24,0,2019
2019-04-25,1.016,2019
2019-04-26,0,2019
2019-04-27,12.192,2019
2019-04-28,2.794,2019
2019-04-29,1.016,2019
2019-04-30,7.8740000000000006,2019
2019-05-01,1.016,2019
2019-05-02,0,2019
2019-05-03,0,2019
2019-05-04,0,2019
2019-05-05,3.302,2019
2019-05-06,6.858,2019
2019-05-07,0,2019
2019-05-08,20.828,2019
2019-05-09,0,2019
2019-05-10,0,2019
2019-05-11,0,2019
2019-05-12,5.334,2019
2019-05-13,0,2019
2019-05-14,12.954,2019
2019-05-15,0,2019
2019-05-16,0,2019
2019-05-17,19.304000000000002,2019
2019-05-18,8.636,2019
2019-05-19,11.937999999999999,2019
2019-05-20,0,2019
2019-05-21,22.86,2019
2019-05-22,0,2019
2019-05-23,0,2019
2019-05-24,53.086,2019
2019-05-25,0,2019
2019-05-26,0,2019
2019-05-27,7.112,2019
2019-05-28,15.748,2019
2019-05-29,3.556,2019
2019-05-30,0,2019
2019-05-31,0.254,2019
2019-06-01,0,2019
2019-06-02,0,2019
2019-06-03,0,2019
2019-06-04,0,2019
2019-06-05,0.254,2019
2019-06-06,0,2019
2019-06-07,0,2019
2019-06-08,0,2019
2019-06-09,0,2019
2019-06-10,0,2019
2019-06-11,2.794,2019
2019-06-12,1.27,2019
2019-06-13,0,2019
2019-06-14,0.254,2019
2019-06-15,27.68200001,2019
2019-06-16,0,2019
2019-06-17,2.032,2019
2019-06-18,3.302,2019
2019-06-19,0.762,2019
2019-06-20,0,2019
2019-06-21,33.01800001,2019
2019-06-22,5.588,2019
2019-06-23,6.858,2019
2019-06-24,6.604,2019
2019-06-25,0,2019
2019-06-26,0,2019
2019-06-27,0,2019
2019-06-28,0,2019
2019-06-29,0,2019
2019-06-30,0,2019
2019-07-01,0,2019
2019-07-02,13.462,2019
2019-07-03,53.58600002,2019
2019-07-04,1.524,2019
2019-07-05,0.254,2019
2019-07-06,0,2019
2019-07-07,0,2019
2019-07-08,0,2019
2019-07-09,0.8,2019
2019-07-10,0,2019
2019-07-11,0,2019
2019-07-12,0,2019
2019-07-13,0,2019
2019-07-14,0,2019
2019-07-15,0,2019
2019-07-16,16.224999999999998,2019
2019-07-17,11.25,2019
2019-07-18,0.05,2019
2019-07-19,0,2019
2019-07-20,1.6,2019
2019-07-21,0,2019
2019-07-22,0,2019
2019-07-23,0,2019
2019-07-24,0,2019
2019-07-25,0.475,2019
2019-07-26,0,2019
2019-07-27,0,2019
2019-07-28,3.0749999999999997,2019
2019-07-29,0.025,2019
2019-07-30,0,2019
2019-07-31,0,2019
2019-08-01,0,2019
2019-08-02,0,2019
2019-08-03,0,2019
2019-08-04,0,2019
2019-08-05,0.075,2019
2019-08-06,0.025,2019
2019-08-07,0,2019
2019-08-08,0,2019
2019-08-09,0,2019
2019-08-10,2.3,2019
2019-08-11,0,2019
2019-08-12,3.225,2019
2019-08-13,0,2019
2019-08-14,0,2019
2019-08-15,0,2019
2019-08-16,0,2019
2019-08-17,0.15,2019
2019-08-18,6.525,2019
2019-08-19,0,2019
2019-08-20,14.399999999999999,2019
2019-08-21,0,2019
2019-08-22,0,2019
2019-08-23,0,2019
2019-08-24,0,2019
2019-08-25,0,2019
2019-08-26,0.125,2019
2019-08-27,0,2019
2019-08-28,0,2019
2019-08-29,4.8,2019
2019-08-30,0,2019
2019-08-31,0,2019
2019-09-01,0,2019
2019-09-02,0,2019
2019-09-03,0,2019
2019-09-04,0,2019
2019-09-05,0,2019
2019-09-06,0,2019
2019-09-07,3.75,2019
2019-09-08,0.25,2019
2019-09-09,35.5,2019
2019-09-10,3.2,2019
2019-09-11,6.925,2019
2019-09-12,6.35,2019
2019-09-13,0.025,2019
2019-09-14,1.125,2019
2019-09-15,0,2019
2019-09-16,0.1,2019
2019-09-17,0,2019
2019-09-18,4.025,2019
2019-09-19,0.6,2019
2019-09-20,0,2019
2019-09-21,7,2019
2019-09-22,9.05,2019
2019-09-23,0.025,2019
2019-09-24,0,2019
2019-09-25,0,2019
2019-09-26,0,2019
2019-09-27,3.25,2019
2019-09-28,1.3250000000000002,2019
2019-09-29,6.525,2019
2019-09-30,0,2019
2019-10-01,9.625,2019
2019-10-02,12.225,2019
2019-10-03,0,2019
2019-10-04,0,2019
2019-10-05,9.4,2019
2019-10-06,0,2019
2019-10-07,0,2019
2019-10-08,0,2019
2019-10-09,5.075,2019
2019-10-10,13.2,2019
2019-10-11,0.1,2019
2019-10-12,0,2019
2019-10-13,0,2019
2019-10-14,0,2019
2019-10-15,0,2019
2019-10-16,0,2019
2019-10-17,0,2019
2019-10-18,0,2019
2019-10-19,4.4,2019
2019-10-20,0,2019
2019-10-21,20.45,2019
2019-10-22,1,2019
2019-10-23,1.5499999999999998,2019
2019-10-24,0,2019
2019-10-25,0,2019
2019-10-26,0,2019
2019-10-27,0,2019
2019-10-28,0,2019
2019-10-29,1.675,2019
2019-10-30,0,2019
2019-10-31,0,2019
2019-11-01,0,2019
2019-11-02,0,2019
2019-11-03,14.49,2019
2019-11-04,10.14,2019
2019-11-05,9.39,2019
2019-11-06,0,2019
2019-11-07,0,2019
2019-11-08,0,2019
2019-11-09,0,2019
2019-11-10,0,2019
2019-11-11,0,2019
2019-11-12,0,2019
2019-11-13,0,2019
2019-11-14,0,2019
2019-11-15,0,2019
2019-11-16,1.27,2019
2019-11-17,3.55,2019
2019-11-18,0.25,2019
2019-11-19,0,2019
2019-11-20,0.25,2019
2019-11-21,0,2019
2019-11-22,0,2019
2019-11-23,5.32,2019
2019-11-24,0,2019
2019-11-25,0,2019
2019-11-26,0,2019
2019-11-27,0,2019
2019-11-28,0,2019
2019-11-29,0,2019
2019-11-30,0,2019
2019-12-01,22.84,2019
2019-12-02,4.0600000000000005,2019
2019-12-03,0,2019
2019-12-04,0,2019
2019-12-05,0,2019
2019-12-06,0,2019
2019-12-07,0,2019
2019-12-08,0,2019
2019-12-09,0,2019
2019-12-10,0,2019
2019-12-11,0,2019
2019-12-12,0,2019
2019-12-13,0,2019
2019-12-14,0,2019
2019-12-15,0,2019
2019-12-16,0,2019
2019-12-17,0,2019
2019-12-18,0,2019
2019-12-19,0,2019
2019-12-20,0,2019
2019-12-21,0,2019
2019-12-22,0,2019
2019-12-23,0,2019
2019-12-24,0,2019
2019-12-25,0,2019
2019-12-26,17.02,2019
2019-12-27,21.09,2019
2019-12-28,3.27,2019
2019-12-29,0,2019
2019-12-30,0,2019
2019-12-31,0.25,2019
