c_year,c_month,c_day,precip_mm,date,yday
2012,1,1,0,2012-01-01,1
2012,1,2,0,2012-01-02,2
2012,1,3,0,2012-01-03,3
2012,1,4,0,2012-01-04,4
2012,1,5,0,2012-01-05,5
2012,1,6,0,2012-01-06,6
2012,1,7,0,2012-01-07,7
2012,1,8,0,2012-01-08,8
2012,1,9,0,2012-01-09,9
2012,1,10,0,2012-01-10,10
2012,1,11,0.762,2012-01-11,11
2012,1,12,0,2012-01-12,12
2012,1,13,0,2012-01-13,13
2012,1,14,0.508,2012-01-14,14
2012,1,15,0,2012-01-15,15
2012,1,16,0,2012-01-16,16
2012,1,17,0.762,2012-01-17,17
2012,1,18,0,2012-01-18,18
2012,1,19,0,2012-01-19,19
2012,1,20,2.794,2012-01-20,20
2012,1,21,0,2012-01-21,21
2012,1,22,2.54,2012-01-22,22
2012,1,23,1.016,2012-01-23,23
2012,1,24,0,2012-01-24,24
2012,1,25,0,2012-01-25,25
2012,1,26,0,2012-01-26,26
2012,1,27,1.016,2012-01-27,27
2012,1,28,0,2012-01-28,28
2012,1,29,0,2012-01-29,29
2012,1,30,0,2012-01-30,30
2012,1,31,0,2012-01-31,31
2012,2,1,0,2012-02-01,32
2012,2,2,0,2012-02-02,33
2012,2,3,1.524,2012-02-03,34
2012,2,4,1.524,2012-02-04,35
2012,2,5,0,2012-02-05,36
2012,2,6,0,2012-02-06,37
2012,2,7,0,2012-02-07,38
2012,2,8,0,2012-02-08,39
2012,2,9,0,2012-02-09,40
2012,2,10,0,2012-02-10,41
2012,2,11,0,2012-02-11,42
2012,2,12,0,2012-02-12,43
2012,2,13,2.032,2012-02-13,44
2012,2,14,0,2012-02-14,45
2012,2,15,0,2012-02-15,46
2012,2,16,0,2012-02-16,47
2012,2,17,0,2012-02-17,48
2012,2,18,0,2012-02-18,49
2012,2,19,0,2012-02-19,50
2012,2,20,7.62,2012-02-20,51
2012,2,21,0.762,2012-02-21,52
2012,2,22,0,2012-02-22,53
2012,2,23,6.8580000000000005,2012-02-23,54
2012,2,24,0.254,2012-02-24,55
2012,2,25,0,2012-02-25,56
2012,2,26,0,2012-02-26,57
2012,2,27,0,2012-02-27,58
2012,2,28,14.224,2012-02-28,59
2012,2,29,3.81,2012-02-29,60
2012,3,1,0,2012-03-01,61
2012,3,2,0.762,2012-03-02,62
2012,3,3,0,2012-03-03,63
2012,3,4,4.064,2012-03-04,64
2012,3,5,0,2012-03-05,65
2012,3,6,0,2012-03-06,66
2012,3,7,0,2012-03-07,67
2012,3,8,0,2012-03-08,68
2012,3,9,0,2012-03-09,69
2012,3,10,0,2012-03-10,70
2012,3,11,3.556,2012-03-11,71
2012,3,12,0.508,2012-03-12,72
2012,3,13,0,2012-03-13,73
2012,3,14,0,2012-03-14,74
2012,3,15,0,2012-03-15,75
2012,3,16,0,2012-03-16,76
2012,3,17,0,2012-03-17,77
2012,3,18,0,2012-03-18,78
2012,3,19,16.256,2012-03-19,79
2012,3,20,2.54,2012-03-20,80
2012,3,21,0.762,2012-03-21,81
2012,3,22,3.048,2012-03-22,82
2012,3,23,0,2012-03-23,83
2012,3,24,0,2012-03-24,84
2012,3,25,0,2012-03-25,85
2012,3,26,0,2012-03-26,86
2012,3,27,0,2012-03-27,87
2012,3,28,0,2012-03-28,88
2012,3,29,3.048,2012-03-29,89
2012,3,30,8.89,2012-03-30,90
2012,3,31,0,2012-03-31,91
2012,4,1,0,2012-04-01,92
2012,4,2,0,2012-04-02,93
2012,4,3,0,2012-04-03,94
2012,4,4,0,2012-04-04,95
2012,4,5,0,2012-04-05,96
2012,4,6,0,2012-04-06,97
2012,4,7,1.27,2012-04-07,98
2012,4,8,0,2012-04-08,99
2012,4,9,0,2012-04-09,100
2012,4,10,0,2012-04-10,101
2012,4,11,0,2012-04-11,102
2012,4,12,0,2012-04-12,103
2012,4,13,11.176,2012-04-13,104
2012,4,14,30.733999999999998,2012-04-14,105
2012,4,15,3.81,2012-04-15,106
2012,4,16,0,2012-04-16,107
2012,4,17,0,2012-04-17,108
2012,4,18,4.572,2012-04-18,109
2012,4,19,14.478,2012-04-19,110
2012,4,20,0,2012-04-20,111
2012,4,21,2.286,2012-04-21,112
2012,4,22,0,2012-04-22,113
2012,4,23,0,2012-04-23,114
2012,4,24,0,2012-04-24,115
2012,4,25,0,2012-04-25,116
2012,4,26,0,2012-04-26,117
2012,4,27,3.556,2012-04-27,118
2012,4,28,7.62,2012-04-28,119
2012,4,29,4.8260000000000005,2012-04-29,120
2012,4,30,0,2012-04-30,121
2012,5,1,0,2012-05-01,122
2012,5,2,13.716000000000001,2012-05-02,123
2012,5,3,1.524,2012-05-03,124
2012,5,4,0,2012-05-04,125
2012,5,5,0,2012-05-05,126
2012,5,6,12.7,2012-05-06,127
2012,5,7,0,2012-05-07,128
2012,5,8,0,2012-05-08,129
2012,5,9,0,2012-05-09,130
2012,5,10,0,2012-05-10,131
2012,5,11,0,2012-05-11,132
2012,5,12,0,2012-05-12,133
2012,5,13,0,2012-05-13,134
2012,5,14,0,2012-05-14,135
2012,5,15,0,2012-05-15,136
2012,5,16,0,2012-05-16,137
2012,5,17,0,2012-05-17,138
2012,5,18,0,2012-05-18,139
2012,5,19,1.27,2012-05-19,140
2012,5,20,0,2012-05-20,141
2012,5,21,0,2012-05-21,142
2012,5,22,0,2012-05-22,143
2012,5,23,0,2012-05-23,144
2012,5,24,4.318,2012-05-24,145
2012,5,25,2.54,2012-05-25,146
2012,5,26,0,2012-05-26,147
2012,5,27,0,2012-05-27,148
2012,5,28,1.016,2012-05-28,149
2012,5,29,0,2012-05-29,150
2012,5,30,5.08,2012-05-30,151
2012,5,31,7.62,2012-05-31,152
2012,6,1,0,2012-06-01,153
2012,6,2,0.508,2012-06-02,154
2012,6,3,0.254,2012-06-03,155
2012,6,4,0,2012-06-04,156
2012,6,5,0.508,2012-06-05,157
2012,6,6,0,2012-06-06,158
2012,6,7,0,2012-06-07,159
2012,6,8,0,2012-06-08,160
2012,6,9,0,2012-06-09,161
2012,6,10,4.572,2012-06-10,162
2012,6,11,0.254,2012-06-11,163
2012,6,12,0,2012-06-12,164
2012,6,13,0,2012-06-13,165
2012,6,14,0,2012-06-14,166
2012,6,15,20.828,2012-06-15,167
2012,6,16,0.254,2012-06-16,168
2012,6,17,0,2012-06-17,169
2012,6,18,0,2012-06-18,170
2012,6,19,0,2012-06-19,171
2012,6,20,24.637999999999998,2012-06-20,172
2012,6,21,0,2012-06-21,173
2012,6,22,0,2012-06-22,174
2012,6,23,3.556,2012-06-23,175
2012,6,24,0,2012-06-24,176
2012,6,25,0,2012-06-25,177
2012,6,26,0,2012-06-26,178
2012,6,27,0,2012-06-27,179
2012,6,28,0,2012-06-28,180
2012,6,29,1.016,2012-06-29,181
2012,6,30,0,2012-06-30,182
2012,7,1,0,2012-07-01,183
2012,7,2,0,2012-07-02,184
2012,7,3,0,2012-07-03,185
2012,7,4,0,2012-07-04,186
2012,7,5,1.524,2012-07-05,187
2012,7,6,0,2012-07-06,188
2012,7,7,0,2012-07-07,189
2012,7,8,0,2012-07-08,190
2012,7,9,1.27,2012-07-09,191
2012,7,10,0,2012-07-10,192
2012,7,11,0,2012-07-11,193
2012,7,12,0,2012-07-12,194
2012,7,13,2.032,2012-07-13,195
2012,7,14,0.508,2012-07-14,196
2012,7,15,0,2012-07-15,197
2012,7,16,0,2012-07-16,198
2012,7,17,0,2012-07-17,199
2012,7,18,0,2012-07-18,200
2012,7,19,0,2012-07-19,201
2012,7,20,0,2012-07-20,202
2012,7,21,0,2012-07-21,203
2012,7,22,0,2012-07-22,204
2012,7,23,0.254,2012-07-23,205
2012,7,24,0,2012-07-24,206
2012,7,25,9.652000000000001,2012-07-25,207
2012,7,26,0,2012-07-26,208
2012,7,27,0,2012-07-27,209
2012,7,28,13.716000000000001,2012-07-28,210
2012,7,29,2.54,2012-07-29,211
2012,7,30,0,2012-07-30,212
2012,7,31,0,2012-07-31,213
2012,8,1,0,2012-08-01,214
2012,8,2,0,2012-08-02,215
2012,8,3,0,2012-08-03,216
2012,8,4,25.4,2012-08-04,217
2012,8,5,0,2012-08-05,218
2012,8,6,0,2012-08-06,219
2012,8,7,1.27,2012-08-07,220
2012,8,8,8.636,2012-08-08,221
2012,8,9,0,2012-08-09,222
2012,8,10,0,2012-08-10,223
2012,8,11,0.254,2012-08-11,224
2012,8,12,3.81,2012-08-12,225
2012,8,13,0.254,2012-08-13,226
2012,8,14,0,2012-08-14,227
2012,8,15,0.254,2012-08-15,228
2012,8,16,3.048,2012-08-16,229
2012,8,17,0,2012-08-17,230
2012,8,18,0.254,2012-08-18,231
2012,8,19,0,2012-08-19,232
2012,8,20,0,2012-08-20,233
2012,8,21,0,2012-08-21,234
2012,8,22,0,2012-08-22,235
2012,8,23,0,2012-08-23,236
2012,8,24,0,2012-08-24,237
2012,8,25,4.318,2012-08-25,238
2012,8,26,0.508,2012-08-26,239
2012,8,27,0,2012-08-27,240
2012,8,28,0,2012-08-28,241
2012,8,29,0,2012-08-29,242
2012,8,30,0,2012-08-30,243
2012,8,31,0,2012-08-31,244
2012,9,1,0,2012-09-01,245
2012,9,2,0,2012-09-02,246
2012,9,3,2.54,2012-09-03,247
2012,9,4,0,2012-09-04,248
2012,9,5,6.604,2012-09-05,249
2012,9,6,2.286,2012-09-06,250
2012,9,7,13.716,2012-09-07,251
2012,9,8,0,2012-09-08,252
2012,9,9,0,2012-09-09,253
2012,9,10,0,2012-09-10,254
2012,9,11,0,2012-09-11,255
2012,9,12,9.398,2012-09-12,256
2012,9,13,8.382,2012-09-13,257
2012,9,14,0,2012-09-14,258
2012,9,15,0,2012-09-15,259
2012,9,16,0,2012-09-16,260
2012,9,17,1.016,2012-09-17,261
2012,9,18,0,2012-09-18,262
2012,9,19,0,2012-09-19,263
2012,9,20,0,2012-09-20,264
2012,9,21,0,2012-09-21,265
2012,9,22,0,2012-09-22,266
2012,9,23,0,2012-09-23,267
2012,9,24,0,2012-09-24,268
2012,9,25,0,2012-09-25,269
2012,9,26,0,2012-09-26,270
2012,9,27,0,2012-09-27,271
2012,9,28,0,2012-09-28,272
2012,9,29,0,2012-09-29,273
2012,9,30,0,2012-09-30,274
2012,10,1,0,2012-10-01,275
2012,10,2,0,2012-10-02,276
2012,10,3,0,2012-10-03,277
2012,10,4,0.762,2012-10-04,278
2012,10,5,0,2012-10-05,279
2012,10,6,0,2012-10-06,280
2012,10,7,0,2012-10-07,281
2012,10,8,0,2012-10-08,282
2012,10,9,0.762,2012-10-09,283
2012,10,10,0,2012-10-10,284
2012,10,11,0,2012-10-11,285
2012,10,12,0.254,2012-10-12,286
2012,10,13,14.224,2012-10-13,287
2012,10,14,10.414,2012-10-14,288
2012,10,15,0,2012-10-15,289
2012,10,16,0,2012-10-16,290
2012,10,17,1.016,2012-10-17,291
2012,10,18,9.398,2012-10-18,292
2012,10,19,0.254,2012-10-19,293
2012,10,20,0,2012-10-20,294
2012,10,21,0,2012-10-21,295
2012,10,22,3.556,2012-10-22,296
2012,10,23,0,2012-10-23,297
2012,10,24,2.032,2012-10-24,298
2012,10,25,15.494,2012-10-25,299
2012,10,26,0,2012-10-26,300
2012,10,27,0,2012-10-27,301
2012,10,28,0,2012-10-28,302
2012,10,29,0,2012-10-29,303
2012,10,30,0,2012-10-30,304
2012,10,31,0,2012-10-31,305
2012,11,1,0,2012-11-01,306
2012,11,2,0,2012-11-02,307
2012,11,3,0,2012-11-03,308
2012,11,4,2.54,2012-11-04,309
2012,11,5,3.302,2012-11-05,310
2012,11,6,1.27,2012-11-06,311
2012,11,7,0,2012-11-07,312
2012,11,8,0,2012-11-08,313
2012,11,9,0,2012-11-09,314
2012,11,10,0,2012-11-10,315
2012,11,11,8.636,2012-11-11,316
2012,11,12,0,2012-11-12,317
2012,11,13,0,2012-11-13,318
2012,11,14,0,2012-11-14,319
2012,11,15,0,2012-11-15,320
2012,11,16,0,2012-11-16,321
2012,11,17,0,2012-11-17,322
2012,11,18,0.254,2012-11-18,323
2012,11,19,0.254,2012-11-19,324
2012,11,20,0,2012-11-20,325
2012,11,21,0,2012-11-21,326
2012,11,22,0,2012-11-22,327
2012,11,23,0,2012-11-23,328
2012,11,24,0,2012-11-24,329
2012,11,25,0,2012-11-25,330
2012,11,26,0,2012-11-26,331
2012,11,27,0,2012-11-27,332
2012,11,28,0,2012-11-28,333
2012,11,29,0,2012-11-29,334
2012,11,30,0,2012-11-30,335
2012,12,1,0,2012-12-01,336
2012,12,2,0,2012-12-02,337
2012,12,3,0,2012-12-03,338
2012,12,4,0,2012-12-04,339
2012,12,5,0,2012-12-05,340
2012,12,6,0.762,2012-12-06,341
2012,12,7,0,2012-12-07,342
2012,12,8,1.27,2012-12-08,343
2012,12,9,3.302,2012-12-09,344
2012,12,10,0,2012-12-10,345
2012,12,11,0,2012-12-11,346
2012,12,12,0,2012-12-12,347
2012,12,13,0,2012-12-13,348
2012,12,14,1.016,2012-12-14,349
2012,12,15,7.8740000000000006,2012-12-15,350
2012,12,16,0,2012-12-16,351
2012,12,17,0,2012-12-17,352
2012,12,18,0,2012-12-18,353
2012,12,19,6.8580000000000005,2012-12-19,354
2012,12,20,5.08,2012-12-20,355
2012,12,21,0,2012-12-21,356
2012,12,22,0,2012-12-22,357
2012,12,23,0,2012-12-23,358
2012,12,24,0,2012-12-24,359
2012,12,25,0,2012-12-25,360
2012,12,26,0,2012-12-26,361
2012,12,27,0,2012-12-27,362
2012,12,28,0.508,2012-12-28,363
2012,12,29,0,2012-12-29,364
2012,12,30,0,2012-12-30,365
2012,12,31,0,2012-12-31,366
2013,1,1,0,2013-01-01,1
2013,1,2,0,2013-01-02,2
2013,1,3,0,2013-01-03,3
2013,1,4,0,2013-01-04,4
2013,1,5,0,2013-01-05,5
2013,1,6,0,2013-01-06,6
2013,1,7,0,2013-01-07,7
2013,1,8,0,2013-01-08,8
2013,1,9,0,2013-01-09,9
2013,1,10,0.508,2013-01-10,10
2013,1,11,0,2013-01-11,11
2013,1,12,0,2013-01-12,12
2013,1,13,0,2013-01-13,13
2013,1,14,0,2013-01-14,14
2013,1,15,0,2013-01-15,15
2013,1,16,0,2013-01-16,16
2013,1,17,0,2013-01-17,17
2013,1,18,0,2013-01-18,18
2013,1,19,0,2013-01-19,19
2013,1,20,3.81,2013-01-20,20
2013,1,21,0,2013-01-21,21
2013,1,22,0,2013-01-22,22
2013,1,23,0,2013-01-23,23
2013,1,24,0,2013-01-24,24
2013,1,25,0,2013-01-25,25
2013,1,26,0,2013-01-26,26
2013,1,27,2.54,2013-01-27,27
2013,1,28,0.762,2013-01-28,28
2013,1,29,0.254,2013-01-29,29
2013,1,30,4.8260000000000005,2013-01-30,30
2013,1,31,0,2013-01-31,31
2013,2,1,0,2013-02-01,32
2013,2,2,1.27,2013-02-02,33
2013,2,3,0,2013-02-03,34
2013,2,4,0,2013-02-04,35
2013,2,5,0,2013-02-05,36
2013,2,6,0,2013-02-06,37
2013,2,7,1.016,2013-02-07,38
2013,2,8,0,2013-02-08,39
2013,2,9,0.254,2013-02-09,40
2013,2,10,3.302,2013-02-10,41
2013,2,11,0,2013-02-11,42
2013,2,12,0,2013-02-12,43
2013,2,13,0,2013-02-13,44
2013,2,14,0,2013-02-14,45
2013,2,15,0,2013-02-15,46
2013,2,16,0,2013-02-16,47
2013,2,17,0,2013-02-17,48
2013,2,18,0.762,2013-02-18,49
2013,2,19,0,2013-02-19,50
2013,2,20,0,2013-02-20,51
2013,2,21,6.35,2013-02-21,52
2013,2,22,3.81,2013-02-22,53
2013,2,23,0,2013-02-23,54
2013,2,24,0,2013-02-24,55
2013,2,25,0,2013-02-25,56
2013,2,26,7.62,2013-02-26,57
2013,2,27,1.27,2013-02-27,58
2013,2,28,0,2013-02-28,59
2013,3,1,0.254,2013-03-01,60
2013,3,2,0,2013-03-02,61
2013,3,3,2.54,2013-03-03,62
2013,3,4,1.27,2013-03-04,63
2013,3,5,1.778,2013-03-05,64
2013,3,6,0,2013-03-06,65
2013,3,7,0,2013-03-07,66
2013,3,8,1.27,2013-03-08,67
2013,3,9,15.748000000000001,2013-03-09,68
2013,3,10,14.986,2013-03-10,69
2013,3,11,4.8260000000000005,2013-03-11,70
2013,3,12,0.508,2013-03-12,71
2013,3,13,0,2013-03-13,72
2013,3,14,0,2013-03-14,73
2013,3,15,0,2013-03-15,74
2013,3,16,0,2013-03-16,75
2013,3,17,0,2013-03-17,76
2013,3,18,2.032,2013-03-18,77
2013,3,19,0,2013-03-19,78
2013,3,20,0.254,2013-03-20,79
2013,3,21,0,2013-03-21,80
2013,3,22,0.254,2013-03-22,81
2013,3,23,0,2013-03-23,82
2013,3,24,2.032,2013-03-24,83
2013,3,25,0,2013-03-25,84
2013,3,26,0,2013-03-26,85
2013,3,27,0,2013-03-27,86
2013,3,28,0,2013-03-28,87
2013,3,29,0,2013-03-29,88
2013,3,30,1.778,2013-03-30,89
2013,3,31,0.254,2013-03-31,90
2013,4,1,0,2013-04-01,91
2013,4,2,0,2013-04-02,92
2013,4,3,0,2013-04-03,93
2013,4,4,0,2013-04-04,94
2013,4,5,0,2013-04-05,95
2013,4,6,0,2013-04-06,96
2013,4,7,0.508,2013-04-07,97
2013,4,8,0.508,2013-04-08,98
2013,4,9,33.02,2013-04-09,99
2013,4,10,14.732,2013-04-10,100
2013,4,11,7.62,2013-04-11,101
2013,4,12,0.254,2013-04-12,102
2013,4,13,0.762,2013-04-13,103
2013,4,14,15.494,2013-04-14,104
2013,4,15,0.508,2013-04-15,105
2013,4,16,0,2013-04-16,106
2013,4,17,32.766,2013-04-17,107
2013,4,18,11.938,2013-04-18,108
2013,4,19,0.254,2013-04-19,109
2013,4,20,0,2013-04-20,110
2013,4,21,5.588,2013-04-21,111
2013,4,22,9.652000000000001,2013-04-22,112
2013,4,23,0,2013-04-23,113
2013,4,24,0.254,2013-04-24,114
2013,4,25,0,2013-04-25,115
2013,4,26,0,2013-04-26,116
2013,4,27,0,2013-04-27,117
2013,4,28,0,2013-04-28,118
2013,4,29,17.272000000000002,2013-04-29,119
2013,4,30,0,2013-04-30,120
2013,5,1,4.572,2013-05-01,121
2013,5,2,39.116,2013-05-02,122
2013,5,3,9.906,2013-05-03,123
2013,5,4,6.35,2013-05-04,124
2013,5,5,1.27,2013-05-05,125
2013,5,6,0,2013-05-06,126
2013,5,7,0,2013-05-07,127
2013,5,8,4.318,2013-05-08,128
2013,5,9,24.13,2013-05-09,129
2013,5,10,0,2013-05-10,130
2013,5,11,0,2013-05-11,131
2013,5,12,0,2013-05-12,132
2013,5,13,0,2013-05-13,133
2013,5,14,0,2013-05-14,134
2013,5,15,0,2013-05-15,135
2013,5,16,0.254,2013-05-16,136
2013,5,17,1.016,2013-05-17,137
2013,5,18,0,2013-05-18,138
2013,5,19,22.606,2013-05-19,139
2013,5,20,2.54,2013-05-20,140
2013,5,21,0,2013-05-21,141
2013,5,22,0,2013-05-22,142
2013,5,23,0,2013-05-23,143
2013,5,24,0.254,2013-05-24,144
2013,5,25,20.32,2013-05-25,145
2013,5,26,12.954,2013-05-26,146
2013,5,27,32.766,2013-05-27,147
2013,5,28,7.112,2013-05-28,148
2013,5,29,20.574,2013-05-29,149
2013,5,30,4.064,2013-05-30,150
2013,5,31,0,2013-05-31,151
2013,6,1,2.286,2013-06-01,152
2013,6,2,0,2013-06-02,153
2013,6,3,0,2013-06-03,154
2013,6,4,10.668,2013-06-04,155
2013,6,5,5.334,2013-06-05,156
2013,6,6,0,2013-06-06,157
2013,6,7,0,2013-06-07,158
2013,6,8,10.16,2013-06-08,159
2013,6,9,4.8260000000000005,2013-06-09,160
2013,6,10,0,2013-06-10,161
2013,6,11,0,2013-06-11,162
2013,6,12,4.064,2013-06-12,163
2013,6,13,0,2013-06-13,164
2013,6,14,12.954,2013-06-14,165
2013,6,15,7.112,2013-06-15,166
2013,6,16,0,2013-06-16,167
2013,6,17,0,2013-06-17,168
2013,6,18,0,2013-06-18,169
2013,6,19,0,2013-06-19,170
2013,6,20,0,2013-06-20,171
2013,6,21,0,2013-06-21,172
2013,6,22,0,2013-06-22,173
2013,6,23,5.08,2013-06-23,174
2013,6,24,9.398,2013-06-24,175
2013,6,25,2.032,2013-06-25,176
2013,6,26,1.524,2013-06-26,177
2013,6,27,1.016,2013-06-27,178
2013,6,28,0,2013-06-28,179
2013,6,29,1.524,2013-06-29,180
2013,6,30,0,2013-06-30,181
2013,7,1,0,2013-07-01,182
2013,7,2,0,2013-07-02,183
2013,7,3,0,2013-07-03,184
2013,7,4,0,2013-07-04,185
2013,7,5,0,2013-07-05,186
2013,7,6,0,2013-07-06,187
2013,7,7,0,2013-07-07,188
2013,7,8,0,2013-07-08,189
2013,7,9,6.096,2013-07-09,190
2013,7,10,0,2013-07-10,191
2013,7,11,0,2013-07-11,192
2013,7,12,0,2013-07-12,193
2013,7,13,0,2013-07-13,194
2013,7,14,0,2013-07-14,195
2013,7,15,0,2013-07-15,196
2013,7,16,0,2013-07-16,197
2013,7,17,0,2013-07-17,198
2013,7,18,0,2013-07-18,199
2013,7,19,0.508,2013-07-19,200
2013,7,20,0,2013-07-20,201
2013,7,21,0.762,2013-07-21,202
2013,7,22,13.97,2013-07-22,203
2013,7,23,0,2013-07-23,204
2013,7,24,0,2013-07-24,205
2013,7,25,0,2013-07-25,206
2013,7,26,0,2013-07-26,207
2013,7,27,0,2013-07-27,208
2013,7,28,0,2013-07-28,209
2013,7,29,0.254,2013-07-29,210
2013,7,30,1.778,2013-07-30,211
2013,7,31,0,2013-07-31,212
2013,8,1,0,2013-08-01,213
2013,8,2,0.508,2013-08-02,214
2013,8,3,0,2013-08-03,215
2013,8,4,0,2013-08-04,216
2013,8,5,0.254,2013-08-05,217
2013,8,6,0,2013-08-06,218
2013,8,7,0.254,2013-08-07,219
2013,8,8,0,2013-08-08,220
2013,8,9,0,2013-08-09,221
2013,8,10,0,2013-08-10,222
2013,8,11,22.352,2013-08-11,223
2013,8,12,2.032,2013-08-12,224
2013,8,13,0,2013-08-13,225
2013,8,14,0,2013-08-14,226
2013,8,15,0,2013-08-15,227
2013,8,16,0,2013-08-16,228
2013,8,17,0,2013-08-17,229
2013,8,18,0,2013-08-18,230
2013,8,19,0,2013-08-19,231
2013,8,20,0,2013-08-20,232
2013,8,21,0,2013-08-21,233
2013,8,22,0.254,2013-08-22,234
2013,8,23,0,2013-08-23,235
2013,8,24,0,2013-08-24,236
2013,8,25,0,2013-08-25,237
2013,8,26,0,2013-08-26,238
2013,8,27,0,2013-08-27,239
2013,8,28,0,2013-08-28,240
2013,8,29,0,2013-08-29,241
2013,8,30,0.254,2013-08-30,242
2013,8,31,0,2013-08-31,243
2013,9,1,4.064,2013-09-01,244
2013,9,2,0,2013-09-02,245
2013,9,3,0,2013-09-03,246
2013,9,4,0,2013-09-04,247
2013,9,5,0,2013-09-05,248
2013,9,6,0,2013-09-06,249
2013,9,7,0,2013-09-07,250
2013,9,8,0,2013-09-08,251
2013,9,9,0,2013-09-09,252
2013,9,10,1.27,2013-09-10,253
2013,9,11,2.286,2013-09-11,254
2013,9,12,0,2013-09-12,255
2013,9,13,0,2013-09-13,256
2013,9,14,0,2013-09-14,257
2013,9,15,0,2013-09-15,258
2013,9,16,0,2013-09-16,259
2013,9,17,4.8260000000000005,2013-09-17,260
2013,9,18,7.619999999999999,2013-09-18,261
2013,9,19,10.668,2013-09-19,262
2013,9,20,0,2013-09-20,263
2013,9,21,0,2013-09-21,264
2013,9,22,0,2013-09-22,265
2013,9,23,0,2013-09-23,266
2013,9,24,0,2013-09-24,267
2013,9,25,0,2013-09-25,268
2013,9,26,0,2013-09-26,269
2013,9,27,0,2013-09-27,270
2013,9,28,2.032,2013-09-28,271
2013,9,29,0,2013-09-29,272
2013,9,30,0,2013-09-30,273
2013,10,1,0,2013-10-01,274
2013,10,2,0,2013-10-02,275
2013,10,3,1.27,2013-10-03,276
2013,10,4,25.146,2013-10-04,277
2013,10,5,0.254,2013-10-05,278
2013,10,6,0.762,2013-10-06,279
2013,10,7,0,2013-10-07,280
2013,10,8,0,2013-10-08,281
2013,10,9,0,2013-10-09,282
2013,10,10,0,2013-10-10,283
2013,10,11,0,2013-10-11,284
2013,10,12,0.254,2013-10-12,285
2013,10,13,0,2013-10-13,286
2013,10,14,8.128,2013-10-14,287
2013,10,15,3.302,2013-10-15,288
2013,10,16,0.254,2013-10-16,289
2013,10,17,0.254,2013-10-17,290
2013,10,18,0.254,2013-10-18,291
2013,10,19,0.254,2013-10-19,292
2013,10,20,0,2013-10-20,293
2013,10,21,0,2013-10-21,294
2013,10,22,3.81,2013-10-22,295
2013,10,23,1.27,2013-10-23,296
2013,10,24,0,2013-10-24,297
2013,10,25,0,2013-10-25,298
2013,10,26,0,2013-10-26,299
2013,10,27,0,2013-10-27,300
2013,10,28,0,2013-10-28,301
2013,10,29,0.762,2013-10-29,302
2013,10,30,7.874,2013-10-30,303
2013,10,31,0,2013-10-31,304
2013,11,1,0.254,2013-11-01,305
2013,11,2,0,2013-11-02,306
2013,11,3,0.254,2013-11-03,307
2013,11,4,2.286,2013-11-04,308
2013,11,5,22.606,2013-11-05,309
2013,11,6,0,2013-11-06,310
2013,11,7,0,2013-11-07,311
2013,11,8,0,2013-11-08,312
2013,11,9,0,2013-11-09,313
2013,11,10,0,2013-11-10,314
2013,11,11,2.54,2013-11-11,315
2013,11,12,0,2013-11-12,316
2013,11,13,0,2013-11-13,317
2013,11,14,0,2013-11-14,318
2013,11,15,0,2013-11-15,319
2013,11,16,0.508,2013-11-16,320
2013,11,17,8.636,2013-11-17,321
2013,11,18,0,2013-11-18,322
2013,11,19,0,2013-11-19,323
2013,11,20,0,2013-11-20,324
2013,11,21,6.096,2013-11-21,325
2013,11,22,1.27,2013-11-22,326
2013,11,23,0,2013-11-23,327
2013,11,24,0,2013-11-24,328
2013,11,25,2.032,2013-11-25,329
2013,11,26,0,2013-11-26,330
2013,11,27,0,2013-11-27,331
2013,11,28,0,2013-11-28,332
2013,11,29,0,2013-11-29,333
2013,11,30,0,2013-11-30,334
2013,12,1,0,2013-12-01,335
2013,12,2,0,2013-12-02,336
2013,12,3,0.254,2013-12-03,337
2013,12,4,0,2013-12-04,338
2013,12,5,0,2013-12-05,339
2013,12,6,0,2013-12-06,340
2013,12,7,0,2013-12-07,341
2013,12,8,8.636,2013-12-08,342
2013,12,9,0,2013-12-09,343
2013,12,10,1.524,2013-12-10,344
2013,12,11,1.27,2013-12-11,345
2013,12,12,0,2013-12-12,346
2013,12,13,0,2013-12-13,347
2013,12,14,0,2013-12-14,348
2013,12,15,0,2013-12-15,349
2013,12,16,0,2013-12-16,350
2013,12,17,0.254,2013-12-17,351
2013,12,18,0,2013-12-18,352
2013,12,19,0,2013-12-19,353
2013,12,20,0,2013-12-20,354
2013,12,21,0.254,2013-12-21,355
2013,12,22,5.8420000000000005,2013-12-22,356
2013,12,23,0,2013-12-23,357
2013,12,24,0.508,2013-12-24,358
2013,12,25,0,2013-12-25,359
2013,12,26,0,2013-12-26,360
2013,12,27,0,2013-12-27,361
2013,12,28,0,2013-12-28,362
2013,12,29,0,2013-12-29,363
2013,12,30,5.08,2013-12-30,364
2013,12,31,0,2013-12-31,365
2014,1,1,0,2014-01-01,1
2014,1,2,0,2014-01-02,2
2014,1,3,0,2014-01-03,3
2014,1,4,0,2014-01-04,4
2014,1,5,0,2014-01-05,5
2014,1,6,0,2014-01-06,6
2014,1,7,0,2014-01-07,7
2014,1,8,0,2014-01-08,8
2014,1,9,0,2014-01-09,9
2014,1,10,0,2014-01-10,10
2014,1,11,0,2014-01-11,11
2014,1,12,0,2014-01-12,12
2014,1,13,0,2014-01-13,13
2014,1,14,0,2014-01-14,14
2014,1,15,0,2014-01-15,15
2014,1,16,0,2014-01-16,16
2014,1,17,0,2014-01-17,17
2014,1,18,0,2014-01-18,18
2014,1,19,0,2014-01-19,19
2014,1,20,0,2014-01-20,20
2014,1,21,0,2014-01-21,21
2014,1,22,0,2014-01-22,22
2014,1,23,0,2014-01-23,23
2014,1,24,0,2014-01-24,24
2014,1,25,0,2014-01-25,25
2014,1,26,0,2014-01-26,26
2014,1,27,0,2014-01-27,27
2014,1,28,0,2014-01-28,28
2014,1,29,0,2014-01-29,29
2014,1,30,0,2014-01-30,30
2014,1,31,0,2014-01-31,31
2014,2,1,0,2014-02-01,32
2014,2,2,0,2014-02-02,33
2014,2,3,0,2014-02-03,34
2014,2,4,0,2014-02-04,35
2014,2,5,0,2014-02-05,36
2014,2,6,0,2014-02-06,37
2014,2,7,0,2014-02-07,38
2014,2,8,0,2014-02-08,39
2014,2,9,0,2014-02-09,40
2014,2,10,0,2014-02-10,41
2014,2,11,0,2014-02-11,42
2014,2,12,0,2014-02-12,43
2014,2,13,0,2014-02-13,44
2014,2,14,0,2014-02-14,45
2014,2,15,0,2014-02-15,46
2014,2,16,0,2014-02-16,47
2014,2,17,0,2014-02-17,48
2014,2,18,0,2014-02-18,49
2014,2,19,0,2014-02-19,50
2014,2,20,0,2014-02-20,51
2014,2,21,0,2014-02-21,52
2014,2,22,0,2014-02-22,53
2014,2,23,0,2014-02-23,54
2014,2,24,0,2014-02-24,55
2014,2,25,0,2014-02-25,56
2014,2,26,0,2014-02-26,57
2014,2,27,0,2014-02-27,58
2014,2,28,0,2014-02-28,59
2014,3,1,0,2014-03-01,60
2014,3,2,0,2014-03-02,61
2014,3,3,0,2014-03-03,62
2014,3,4,0,2014-03-04,63
2014,3,5,0,2014-03-05,64
2014,3,6,0,2014-03-06,65
2014,3,7,0,2014-03-07,66
2014,3,8,0,2014-03-08,67
2014,3,9,0,2014-03-09,68
2014,3,10,0,2014-03-10,69
2014,3,11,0,2014-03-11,70
2014,3,12,0,2014-03-12,71
2014,3,13,0,2014-03-13,72
2014,3,14,0,2014-03-14,73
2014,3,15,0,2014-03-15,74
2014,3,16,0,2014-03-16,75
2014,3,17,0,2014-03-17,76
2014,3,18,0,2014-03-18,77
2014,3,19,0,2014-03-19,78
2014,3,20,0,2014-03-20,79
2014,3,21,0,2014-03-21,80
2014,3,22,0,2014-03-22,81
2014,3,23,0,2014-03-23,82
2014,3,24,0,2014-03-24,83
2014,3,25,0,2014-03-25,84
2014,3,26,0,2014-03-26,85
2014,3,27,0.5,2014-03-27,86
2014,3,28,0,2014-03-28,87
2014,3,29,0,2014-03-29,88
2014,3,30,0,2014-03-30,89
2014,3,31,0.25,2014-03-31,90
2014,4,1,0,2014-04-01,91
2014,4,2,0,2014-04-02,92
2014,4,3,0,2014-04-03,93
2014,4,4,0.25,2014-04-04,94
2014,4,5,0,2014-04-05,95
2014,4,6,0,2014-04-06,96
2014,4,7,0,2014-04-07,97
2014,4,8,0,2014-04-08,98
2014,4,9,3.81,2014-04-09,99
2014,4,10,0,2014-04-10,100
2014,4,11,0,2014-04-11,101
2014,4,12,1.02,2014-04-12,102
2014,4,13,44.21,2014-04-13,103
2014,4,14,1.52,2014-04-14,104
2014,4,15,0,2014-04-15,105
2014,4,16,0,2014-04-16,106
2014,4,17,0,2014-04-17,107
2014,4,18,0,2014-04-18,108
2014,4,19,0,2014-04-19,109
2014,4,20,2.03,2014-04-20,110
2014,4,21,0,2014-04-21,111
2014,4,22,0,2014-04-22,112
2014,4,23,4.57,2014-04-23,113
2014,4,24,5.32,2014-04-24,114
2014,4,25,0,2014-04-25,115
2014,4,26,0,2014-04-26,116
2014,4,27,27.43,2014-04-27,117
2014,4,28,21.84,2014-04-28,118
2014,4,29,4.0600000000000005,2014-04-29,119
2014,4,30,7.86,2014-04-30,120
2014,5,1,0.5,2014-05-01,121
2014,5,2,0,2014-05-02,122
2014,5,3,0.25,2014-05-03,123
2014,5,4,0,2014-05-04,124
2014,5,5,0,2014-05-05,125
2014,5,6,0,2014-05-06,126
2014,5,7,0,2014-05-07,127
2014,5,8,0.25,2014-05-08,128
2014,5,9,0,2014-05-09,129
2014,5,10,0,2014-05-10,130
2014,5,11,12.190000000000001,2014-05-11,131
2014,5,12,18.29,2014-05-12,132
2014,5,13,0,2014-05-13,133
2014,5,14,1.77,2014-05-14,134
2014,5,15,1.78,2014-05-15,135
2014,5,16,0,2014-05-16,136
2014,5,17,0,2014-05-17,137
2014,5,18,0,2014-05-18,138
2014,5,19,0.76,2014-05-19,139
2014,5,20,40.89,2014-05-20,140
2014,5,21,0,2014-05-21,141
2014,5,22,0,2014-05-22,142
2014,5,23,0,2014-05-23,143
2014,5,24,0,2014-05-24,144
2014,5,25,1.01,2014-05-25,145
2014,5,26,17.02,2014-05-26,146
2014,5,27,3.04,2014-05-27,147
2014,5,28,0,2014-05-28,148
2014,5,29,0,2014-05-29,149
2014,5,30,0,2014-05-30,150
2014,5,31,0,2014-05-31,151
2014,6,1,19.3,2014-06-01,152
2014,6,2,0.25,2014-06-02,153
2014,6,3,20.07,2014-06-03,154
2014,6,4,4.83,2014-06-04,155
2014,6,5,0,2014-06-05,156
2014,6,6,0,2014-06-06,157
2014,6,7,11.69,2014-06-07,158
2014,6,8,0,2014-06-08,159
2014,6,9,0,2014-06-09,160
2014,6,10,0,2014-06-10,161
2014,6,11,0,2014-06-11,162
2014,6,12,0,2014-06-12,163
2014,6,13,0,2014-06-13,164
2014,6,14,0,2014-06-14,165
2014,6,15,0,2014-06-15,166
2014,6,16,0,2014-06-16,167
2014,6,17,30.49,2014-06-17,168
2014,6,18,0.5,2014-06-18,169
2014,6,19,26.43,2014-06-19,170
2014,6,20,0,2014-06-20,171
2014,6,21,0,2014-06-21,172
2014,6,22,24.12,2014-06-22,173
2014,6,23,0.25,2014-06-23,174
2014,6,24,0,2014-06-24,175
2014,6,25,0,2014-06-25,176
2014,6,26,8.88,2014-06-26,177
2014,6,27,40.13,2014-06-27,178
2014,6,28,5.33,2014-06-28,179
2014,6,29,1.77,2014-06-29,180
2014,6,30,31.490000000000002,2014-06-30,181
2014,7,1,0.76,2014-07-01,182
2014,7,2,0.25,2014-07-02,183
2014,7,3,0,2014-07-03,184
2014,7,4,0,2014-07-04,185
2014,7,5,20.82,2014-07-05,186
2014,7,6,0,2014-07-06,187
2014,7,7,0,2014-07-07,188
2014,7,8,0.25,2014-07-08,189
2014,7,9,0,2014-07-09,190
2014,7,10,0,2014-07-10,191
2014,7,11,3.17,2014-07-11,192
2014,7,12,26.92,2014-07-12,193
2014,7,13,1.27,2014-07-13,194
2014,7,14,0,2014-07-14,195
2014,7,15,0,2014-07-15,196
2014,7,16,0,2014-07-16,197
2014,7,17,0,2014-07-17,198
2014,7,18,0,2014-07-18,199
2014,7,19,0,2014-07-19,200
2014,7,20,0,2014-07-20,201
2014,7,21,0,2014-07-21,202
2014,7,22,0,2014-07-22,203
2014,7,23,0,2014-07-23,204
2014,7,24,1,2014-07-24,205
2014,7,25,3.81,2014-07-25,206
2014,7,26,0,2014-07-26,207
2014,7,27,0,2014-07-27,208
2014,7,28,0,2014-07-28,209
2014,7,29,0,2014-07-29,210
2014,7,30,0,2014-07-30,211
2014,7,31,0,2014-07-31,212
2014,8,1,0,2014-08-01,213
2014,8,2,0,2014-08-02,214
2014,8,3,0,2014-08-03,215
2014,8,4,0,2014-08-04,216
2014,8,5,0,2014-08-05,217
2014,8,6,25.9,2014-08-06,218
2014,8,7,1.52,2014-08-07,219
2014,8,8,0,2014-08-08,220
2014,8,9,0,2014-08-09,221
2014,8,10,0,2014-08-10,222
2014,8,11,0,2014-08-11,223
2014,8,12,0,2014-08-12,224
2014,8,13,0,2014-08-13,225
2014,8,14,0,2014-08-14,226
2014,8,15,7.61,2014-08-15,227
2014,8,16,0,2014-08-16,228
2014,8,17,0,2014-08-17,229
2014,8,18,0,2014-08-18,230
2014,8,19,0,2014-08-19,231
2014,8,20,6.6,2014-08-20,232
2014,8,21,3.3,2014-08-21,233
2014,8,22,3.55,2014-08-22,234
2014,8,23,8.38,2014-08-23,235
2014,8,24,0,2014-08-24,236
2014,8,25,0,2014-08-25,237
2014,8,26,22.1,2014-08-26,238
2014,8,27,0,2014-08-27,239
2014,8,28,25.14,2014-08-28,240
2014,8,29,30.48,2014-08-29,241
2014,8,30,0,2014-08-30,242
2014,8,31,41.65,2014-08-31,243
2014,9,1,0.25,2014-09-01,244
2014,9,2,1.27,2014-09-02,245
2014,9,3,0,2014-09-03,246
2014,9,4,0,2014-09-04,247
2014,9,5,17.27,2014-09-05,248
2014,9,6,0.25,2014-09-06,249
2014,9,7,0,2014-09-07,250
2014,9,8,1.01,2014-09-08,251
2014,9,9,26.16,2014-09-09,252
2014,9,10,8.12,2014-09-10,253
2014,9,11,0,2014-09-11,254
2014,9,12,7.1,2014-09-12,255
2014,9,13,0,2014-09-13,256
2014,9,14,0,2014-09-14,257
2014,9,15,0,2014-09-15,258
2014,9,16,0,2014-09-16,259
2014,9,17,0,2014-09-17,260
2014,9,18,0,2014-09-18,261
2014,9,19,0,2014-09-19,262
2014,9,20,7.62,2014-09-20,263
2014,9,21,0,2014-09-21,264
2014,9,22,0,2014-09-22,265
2014,9,23,0,2014-09-23,266
2014,9,24,22.1,2014-09-24,267
2014,9,25,0,2014-09-25,268
2014,9,26,0,2014-09-26,269
2014,9,27,0,2014-09-27,270
2014,9,28,0,2014-09-28,271
2014,9,29,0,2014-09-29,272
2014,9,30,7.869999999999999,2014-09-30,273
2014,10,1,21.84,2014-10-01,274
2014,10,2,6.34,2014-10-02,275
2014,10,3,0,2014-10-03,276
2014,10,4,0,2014-10-04,277
2014,10,5,0,2014-10-05,278
2014,10,6,0,2014-10-06,279
2014,10,7,0,2014-10-07,280
2014,10,8,0,2014-10-08,281
2014,10,9,4.0600000000000005,2014-10-09,282
2014,10,10,0,2014-10-10,283
2014,10,11,0,2014-10-11,284
2014,10,12,0,2014-10-12,285
2014,10,13,29.2,2014-10-13,286
2014,10,14,8.629999999999999,2014-10-14,287
2014,10,15,0,2014-10-15,288
2014,10,16,0,2014-10-16,289
2014,10,17,0,2014-10-17,290
2014,10,18,0,2014-10-18,291
2014,10,19,0,2014-10-19,292
2014,10,20,0,2014-10-20,293
2014,10,21,0,2014-10-21,294
2014,10,22,0,2014-10-22,295
2014,10,23,13.469999999999999,2014-10-23,296
2014,10,24,0.25,2014-10-24,297
2014,10,25,0,2014-10-25,298
2014,10,26,0,2014-10-26,299
2014,10,27,0,2014-10-27,300
2014,10,28,0,2014-10-28,301
2014,10,29,0,2014-10-29,302
2014,10,30,0,2014-10-30,303
2014,10,31,0,2014-10-31,304
2014,11,1,0,2014-11-01,305
2014,11,2,0,2014-11-02,306
2014,11,3,1.02,2014-11-03,307
2014,11,4,0,2014-11-04,308
2014,11,5,0.25,2014-11-05,309
2014,11,6,0,2014-11-06,310
2014,11,7,0,2014-11-07,311
2014,11,8,0,2014-11-08,312
2014,11,9,0,2014-11-09,313
2014,11,10,0,2014-11-10,314
2014,11,11,0,2014-11-11,315
2014,11,12,0,2014-11-12,316
2014,11,13,0,2014-11-13,317
2014,11,14,0,2014-11-14,318
2014,11,15,0,2014-11-15,319
2014,11,16,0,2014-11-16,320
2014,11,17,0,2014-11-17,321
2014,11,18,0,2014-11-18,322
2014,11,19,0,2014-11-19,323
2014,11,20,0,2014-11-20,324
2014,11,21,0,2014-11-21,325
2014,11,22,0,2014-11-22,326
2014,11,23,11.42,2014-11-23,327
2014,11,24,0,2014-11-24,328
2014,11,25,0,2014-11-25,329
2014,11,26,1.02,2014-11-26,330
2014,11,27,0,2014-11-27,331
2014,11,28,0.76,2014-11-28,332
2014,11,29,0,2014-11-29,333
2014,11,30,0.25,2014-11-30,334
2014,12,1,0,2014-12-01,335
2014,12,2,0,2014-12-02,336
2014,12,3,0,2014-12-03,337
2014,12,4,0,2014-12-04,338
2014,12,5,0,2014-12-05,339
2014,12,6,0,2014-12-06,340
2014,12,7,0.25,2014-12-07,341
2014,12,8,0.25,2014-12-08,342
2014,12,9,0,2014-12-09,343
2014,12,10,0,2014-12-10,344
2014,12,11,0,2014-12-11,345
2014,12,12,0,2014-12-12,346
2014,12,13,0,2014-12-13,347
2014,12,14,0,2014-12-14,348
2014,12,15,10.66,2014-12-15,349
2014,12,16,0.25,2014-12-16,350
2014,12,17,0,2014-12-17,351
2014,12,18,0,2014-12-18,352
2014,12,19,0,2014-12-19,353
2014,12,20,0,2014-12-20,354
2014,12,21,0,2014-12-21,355
2014,12,22,7.59,2014-12-22,356
2014,12,23,7.6,2014-12-23,357
2014,12,24,5.07,2014-12-24,358
2014,12,25,0,2014-12-25,359
2014,12,26,0,2014-12-26,360
2014,12,27,0,2014-12-27,361
2014,12,28,0,2014-12-28,362
2014,12,29,0,2014-12-29,363
2014,12,30,0,2014-12-30,364
2014,12,31,0,2014-12-31,365
2015,1,1,0,2015-01-01,1
2015,1,2,0,2015-01-02,2
2015,1,3,0,2015-01-03,3
2015,1,4,0,2015-01-04,4
2015,1,5,0,2015-01-05,5
2015,1,6,0,2015-01-06,6
2015,1,7,0,2015-01-07,7
2015,1,8,0,2015-01-08,8
2015,1,9,0,2015-01-09,9
2015,1,10,0,2015-01-10,10
2015,1,11,0,2015-01-11,11
2015,1,12,0,2015-01-12,12
2015,1,13,0,2015-01-13,13
2015,1,14,0,2015-01-14,14
2015,1,15,0,2015-01-15,15
2015,1,16,0,2015-01-16,16
2015,1,17,0,2015-01-17,17
2015,1,18,0,2015-01-18,18
2015,1,19,0.254,2015-01-19,19
2015,1,20,0,2015-01-20,20
2015,1,21,0,2015-01-21,21
2015,1,22,0,2015-01-22,22
2015,1,23,0,2015-01-23,23
2015,1,24,0,2015-01-24,24
2015,1,25,2.032,2015-01-25,25
2015,1,26,0,2015-01-26,26
2015,1,27,0,2015-01-27,27
2015,1,28,0,2015-01-28,28
2015,1,29,0,2015-01-29,29
2015,1,30,0,2015-01-30,30
2015,1,31,1.524,2015-01-31,31
2015,2,1,0,2015-02-01,32
2015,2,2,0,2015-02-02,33
2015,2,3,0,2015-02-03,34
2015,2,4,0,2015-02-04,35
2015,2,5,0,2015-02-05,36
2015,2,6,1.27,2015-02-06,37
2015,2,7,0,2015-02-07,38
2015,2,8,0,2015-02-08,39
2015,2,9,0,2015-02-09,40
2015,2,10,0,2015-02-10,41
2015,2,11,0,2015-02-11,42
2015,2,12,0,2015-02-12,43
2015,2,13,0,2015-02-13,44
2015,2,14,0,2015-02-14,45
2015,2,15,0,2015-02-15,46
2015,2,16,0,2015-02-16,47
2015,2,17,0,2015-02-17,48
2015,2,18,0,2015-02-18,49
2015,2,19,0,2015-02-19,50
2015,2,20,0,2015-02-20,51
2015,2,21,0,2015-02-21,52
2015,2,22,0,2015-02-22,53
2015,2,23,0,2015-02-23,54
2015,2,24,0,2015-02-24,55
2015,2,25,0,2015-02-25,56
2015,2,26,0,2015-02-26,57
2015,2,27,0,2015-02-27,58
2015,2,28,0,2015-02-28,59
2015,3,1,0,2015-03-01,60
2015,3,2,0,2015-03-02,61
2015,3,3,0.254,2015-03-03,62
2015,3,4,0,2015-03-04,63
2015,3,5,0,2015-03-05,64
2015,3,6,0.254,2015-03-06,65
2015,3,7,0,2015-03-07,66
2015,3,8,0,2015-03-08,67
2015,3,9,0,2015-03-09,68
2015,3,10,0,2015-03-10,69
2015,3,11,0,2015-03-11,70
2015,3,12,0,2015-03-12,71
2015,3,13,0,2015-03-13,72
2015,3,14,0,2015-03-14,73
2015,3,15,0,2015-03-15,74
2015,3,16,0,2015-03-16,75
2015,3,17,0,2015-03-17,76
2015,3,18,0,2015-03-18,77
2015,3,19,0,2015-03-19,78
2015,3,20,0,2015-03-20,79
2015,3,21,0,2015-03-21,80
2015,3,22,0,2015-03-22,81
2015,3,23,0.508,2015-03-23,82
2015,3,24,3.556,2015-03-24,83
2015,3,25,1.524,2015-03-25,84
2015,3,26,0,2015-03-26,85
2015,3,27,0,2015-03-27,86
2015,3,28,0,2015-03-28,87
2015,3,29,0.254,2015-03-29,88
2015,3,30,0,2015-03-30,89
2015,3,31,0,2015-03-31,90
2015,4,1,0,2015-04-01,91
2015,4,2,16.764,2015-04-02,92
2015,4,3,0,2015-04-03,93
2015,4,4,0,2015-04-04,94
2015,4,5,0,2015-04-05,95
2015,4,6,1.27,2015-04-06,96
2015,4,7,2.794,2015-04-07,97
2015,4,8,3.81,2015-04-08,98
2015,4,9,7.62,2015-04-09,99
2015,4,10,0,2015-04-10,100
2015,4,11,0,2015-04-11,101
2015,4,12,3.048,2015-04-12,102
2015,4,13,3.81,2015-04-13,103
2015,4,14,0,2015-04-14,104
2015,4,15,0,2015-04-15,105
2015,4,16,0,2015-04-16,106
2015,4,17,0,2015-04-17,107
2015,4,18,21.842,2015-04-18,108
2015,4,19,10.668,2015-04-19,109
2015,4,20,0,2015-04-20,110
2015,4,21,0,2015-04-21,111
2015,4,22,0,2015-04-22,112
2015,4,23,0,2015-04-23,113
2015,4,24,7.62,2015-04-24,114
2015,4,25,4.318,2015-04-25,115
2015,4,26,0,2015-04-26,116
2015,4,27,0,2015-04-27,117
2015,4,28,0,2015-04-28,118
2015,4,29,0,2015-04-29,119
2015,4,30,0,2015-04-30,120
2015,5,1,0.508,2015-05-01,121
2015,5,2,0,2015-05-02,122
2015,5,3,2.794,2015-05-03,123
2015,5,4,2.286,2015-05-04,124
2015,5,5,10.922,2015-05-05,125
2015,5,6,0,2015-05-06,126
2015,5,7,3.81,2015-05-07,127
2015,5,8,0,2015-05-08,128
2015,5,9,0,2015-05-09,129
2015,5,10,3.302,2015-05-10,130
2015,5,11,2.794,2015-05-11,131
2015,5,12,0,2015-05-12,132
2015,5,13,0,2015-05-13,133
2015,5,14,21.336,2015-05-14,134
2015,5,15,0,2015-05-15,135
2015,5,16,3.302,2015-05-16,136
2015,5,17,8.382,2015-05-17,137
2015,5,18,0,2015-05-18,138
2015,5,19,0,2015-05-19,139
2015,5,20,2.286,2015-05-20,140
2015,5,21,0,2015-05-21,141
2015,5,22,0,2015-05-22,142
2015,5,23,0,2015-05-23,143
2015,5,24,19.304,2015-05-24,144
2015,5,25,3.81,2015-05-25,145
2015,5,26,20.066,2015-05-26,146
2015,5,27,0.254,2015-05-27,147
2015,5,28,0,2015-05-28,148
2015,5,29,0,2015-05-29,149
2015,5,30,0.254,2015-05-30,150
2015,5,31,0,2015-05-31,151
2015,6,1,0,2015-06-01,152
2015,6,2,0,2015-06-02,153
2015,6,3,2.286,2015-06-03,154
2015,6,4,0,2015-06-04,155
2015,6,5,0,2015-06-05,156
2015,6,6,0,2015-06-06,157
2015,6,7,12.956,2015-06-07,158
2015,6,8,0,2015-06-08,159
2015,6,9,0,2015-06-09,160
2015,6,10,0,2015-06-10,161
2015,6,11,42.162,2015-06-11,162
2015,6,12,9.652,2015-06-12,163
2015,6,13,1.27,2015-06-13,164
2015,6,14,2.794,2015-06-14,165
2015,6,15,10.16,2015-06-15,166
2015,6,16,0.508,2015-06-16,167
2015,6,17,2.54,2015-06-17,168
2015,6,18,0,2015-06-18,169
2015,6,19,0,2015-06-19,170
2015,6,20,0,2015-06-20,171
2015,6,21,0,2015-06-21,172
2015,6,22,0.762,2015-06-22,173
2015,6,23,0,2015-06-23,174
2015,6,24,69.342,2015-06-24,175
2015,6,25,3.556,2015-06-25,176
2015,6,26,0.508,2015-06-26,177
2015,6,27,0,2015-06-27,178
2015,6,28,5.08,2015-06-28,179
2015,6,29,0,2015-06-29,180
2015,6,30,0,2015-06-30,181
2015,7,1,0,2015-07-01,182
2015,7,2,0,2015-07-02,183
2015,7,3,0,2015-07-03,184
2015,7,4,0,2015-07-04,185
2015,7,5,0,2015-07-05,186
2015,7,6,26.924,2015-07-06,187
2015,7,7,0,2015-07-07,188
2015,7,8,0,2015-07-08,189
2015,7,9,0,2015-07-09,190
2015,7,10,0,2015-07-10,191
2015,7,11,12.448,2015-07-11,192
2015,7,12,0,2015-07-12,193
2015,7,13,0,2015-07-13,194
2015,7,14,0,2015-07-14,195
2015,7,15,5.334,2015-07-15,196
2015,7,16,25.148,2015-07-16,197
2015,7,17,0,2015-07-17,198
2015,7,18,0,2015-07-18,199
2015,7,19,0,2015-07-19,200
2015,7,20,2.794,2015-07-20,201
2015,7,21,0,2015-07-21,202
2015,7,22,0,2015-07-22,203
2015,7,23,0,2015-07-23,204
2015,7,24,0,2015-07-24,205
2015,7,25,0,2015-07-25,206
2015,7,26,5.8420000000000005,2015-07-26,207
2015,7,27,26.418,2015-07-27,208
2015,7,28,40.382,2015-07-28,209
2015,7,29,0,2015-07-29,210
2015,7,30,0,2015-07-30,211
2015,7,31,0,2015-07-31,212
2015,8,1,0,2015-08-01,213
2015,8,2,0.508,2015-08-02,214
2015,8,3,0,2015-08-03,215
2015,8,4,0,2015-08-04,216
2015,8,5,0,2015-08-05,217
2015,8,6,0,2015-08-06,218
2015,8,7,0,2015-08-07,219
2015,8,8,0.508,2015-08-08,220
2015,8,9,72.384,2015-08-09,221
2015,8,10,5.8420000000000005,2015-08-10,222
2015,8,11,0,2015-08-11,223
2015,8,12,0,2015-08-12,224
2015,8,13,0,2015-08-13,225
2015,8,14,0,2015-08-14,226
2015,8,15,0,2015-08-15,227
2015,8,16,0,2015-08-16,228
2015,8,17,16.004,2015-08-17,229
2015,8,18,45.47,2015-08-18,230
2015,8,19,0,2015-08-19,231
2015,8,20,0,2015-08-20,232
2015,8,21,0,2015-08-21,233
2015,8,22,9.144,2015-08-22,234
2015,8,23,1.016,2015-08-23,235
2015,8,24,0,2015-08-24,236
2015,8,25,0,2015-08-25,237
2015,8,26,0,2015-08-26,238
2015,8,27,0.508,2015-08-27,239
2015,8,28,46.222,2015-08-28,240
2015,8,29,0.254,2015-08-29,241
2015,8,30,0,2015-08-30,242
2015,8,31,0,2015-08-31,243
2015,9,1,0,2015-09-01,244
2015,9,2,31.491999999999997,2015-09-02,245
2015,9,3,0,2015-09-03,246
2015,9,4,0,2015-09-04,247
2015,9,5,0,2015-09-05,248
2015,9,6,35.56,2015-09-06,249
2015,9,7,6.35,2015-09-07,250
2015,9,8,0,2015-09-08,251
2015,9,9,0,2015-09-09,252
2015,9,10,0,2015-09-10,253
2015,9,11,0,2015-09-11,254
2015,9,12,0,2015-09-12,255
2015,9,13,0,2015-09-13,256
2015,9,14,0,2015-09-14,257
2015,9,15,0,2015-09-15,258
2015,9,16,0,2015-09-16,259
2015,9,17,20.068,2015-09-17,260
2015,9,18,6.604,2015-09-18,261
2015,9,19,0,2015-09-19,262
2015,9,20,0,2015-09-20,263
2015,9,21,0,2015-09-21,264
2015,9,22,1.016,2015-09-22,265
2015,9,23,2.286,2015-09-23,266
2015,9,24,0,2015-09-24,267
2015,9,25,0,2015-09-25,268
2015,9,26,0,2015-09-26,269
2015,9,27,0,2015-09-27,270
2015,9,28,0.508,2015-09-28,271
2015,9,29,20.574,2015-09-29,272
2015,9,30,0,2015-09-30,273
2015,10,1,0,2015-10-01,274
2015,10,2,0,2015-10-02,275
2015,10,3,0,2015-10-03,276
2015,10,4,0,2015-10-04,277
2015,10,5,0,2015-10-05,278
2015,10,6,0,2015-10-06,279
2015,10,7,0,2015-10-07,280
2015,10,8,0,2015-10-08,281
2015,10,9,0,2015-10-09,282
2015,10,10,0,2015-10-10,283
2015,10,11,0,2015-10-11,284
2015,10,12,0,2015-10-12,285
2015,10,13,0,2015-10-13,286
2015,10,14,0,2015-10-14,287
2015,10,15,0,2015-10-15,288
2015,10,16,0,2015-10-16,289
2015,10,17,0,2015-10-17,290
2015,10,18,0,2015-10-18,291
2015,10,19,0,2015-10-19,292
2015,10,20,0,2015-10-20,293
2015,10,21,5.08,2015-10-21,294
2015,10,22,0,2015-10-22,295
2015,10,23,8.382,2015-10-23,296
2015,10,24,0,2015-10-24,297
2015,10,25,0,2015-10-25,298
2015,10,26,0,2015-10-26,299
2015,10,27,9.906,2015-10-27,300
2015,10,28,1.524,2015-10-28,301
2015,10,29,0,2015-10-29,302
2015,10,30,0.508,2015-10-30,303
2015,10,31,6.096,2015-10-31,304
2015,11,1,0,2015-11-01,305
2015,11,2,0,2015-11-02,306
2015,11,3,0,2015-11-03,307
2015,11,4,0,2015-11-04,308
2015,11,5,0,2015-11-05,309
2015,11,6,0,2015-11-06,310
2015,11,7,0,2015-11-07,311
2015,11,8,0,2015-11-08,312
2015,11,9,0,2015-11-09,313
2015,11,10,0,2015-11-10,314
2015,11,11,10.67,2015-11-11,315
2015,11,12,1.778,2015-11-12,316
2015,11,13,0,2015-11-13,317
2015,11,14,0,2015-11-14,318
2015,11,15,0,2015-11-15,319
2015,11,16,6.096,2015-11-16,320
2015,11,17,4.8260000000000005,2015-11-17,321
2015,11,18,4.318,2015-11-18,322
2015,11,19,0,2015-11-19,323
2015,11,20,0,2015-11-20,324
2015,11,21,0,2015-11-21,325
2015,11,22,2.032,2015-11-22,326
2015,11,23,0,2015-11-23,327
2015,11,24,0,2015-11-24,328
2015,11,25,0,2015-11-25,329
2015,11,26,18.796,2015-11-26,330
2015,11,27,0,2015-11-27,331
2015,11,28,0.254,2015-11-28,332
2015,11,29,0.254,2015-11-29,333
2015,11,30,11.176,2015-11-30,334
2015,12,1,0,2015-12-01,335
2015,12,2,1.016,2015-12-02,336
2015,12,3,0,2015-12-03,337
2015,12,4,0,2015-12-04,338
2015,12,5,0,2015-12-05,339
2015,12,6,0,2015-12-06,340
2015,12,7,0,2015-12-07,341
2015,12,8,0,2015-12-08,342
2015,12,9,0,2015-12-09,343
2015,12,10,0,2015-12-10,344
2015,12,11,0,2015-12-11,345
2015,12,12,4.8260000000000005,2015-12-12,346
2015,12,13,54.104,2015-12-13,347
2015,12,14,38.354,2015-12-14,348
2015,12,15,0,2015-12-15,349
2015,12,16,0.762,2015-12-16,350
2015,12,17,0,2015-12-17,351
2015,12,18,0,2015-12-18,352
2015,12,19,0,2015-12-19,353
2015,12,20,0,2015-12-20,354
2015,12,21,0,2015-12-21,355
2015,12,22,0,2015-12-22,356
2015,12,23,17.018,2015-12-23,357
2015,12,24,0,2015-12-24,358
2015,12,25,0,2015-12-25,359
2015,12,26,5.08,2015-12-26,360
2015,12,27,0,2015-12-27,361
2015,12,28,0,2015-12-28,362
2015,12,29,0,2015-12-29,363
2015,12,30,0,2015-12-30,364
2015,12,31,0,2015-12-31,365
2016,1,1,0.25,2016-01-01,1
2016,1,2,0,2016-01-02,2
2016,1,3,0,2016-01-03,3
2016,1,4,0,2016-01-04,4
2016,1,5,0,2016-01-05,5
2016,1,6,3.05,2016-01-06,6
2016,1,7,2.29,2016-01-07,7
2016,1,8,2.77,2016-01-08,8
2016,1,9,0,2016-01-09,9
2016,1,10,0,2016-01-10,10
2016,1,11,0,2016-01-11,11
2016,1,12,0,2016-01-12,12
2016,1,13,0,2016-01-13,13
2016,1,14,0,2016-01-14,14
2016,1,15,0,2016-01-15,15
2016,1,16,0,2016-01-16,16
2016,1,17,0,2016-01-17,17
2016,1,18,0,2016-01-18,18
2016,1,19,0,2016-01-19,19
2016,1,20,0,2016-01-20,20
2016,1,21,0.76,2016-01-21,21
2016,1,22,0,2016-01-22,22
2016,1,23,0,2016-01-23,23
2016,1,24,0,2016-01-24,24
2016,1,25,0,2016-01-25,25
2016,1,26,0,2016-01-26,26
2016,1,27,0.25,2016-01-27,27
2016,1,28,0,2016-01-28,28
2016,1,29,0,2016-01-29,29
2016,1,30,0,2016-01-30,30
2016,1,31,0,2016-01-31,31
2016,2,1,0.25,2016-02-01,32
2016,2,2,4.07,2016-02-02,33
2016,2,3,0,2016-02-03,34
2016,2,4,0,2016-02-04,35
2016,2,5,0,2016-02-05,36
2016,2,6,0,2016-02-06,37
2016,2,7,2.54,2016-02-07,38
2016,2,8,0,2016-02-08,39
2016,2,9,0,2016-02-09,40
2016,2,10,0,2016-02-10,41
2016,2,11,0,2016-02-11,42
2016,2,12,0,2016-02-12,43
2016,2,13,0,2016-02-13,44
2016,2,14,0,2016-02-14,45
2016,2,15,1.01,2016-02-15,46
2016,2,16,1.53,2016-02-16,47
2016,2,17,0,2016-02-17,48
2016,2,18,0,2016-02-18,49
2016,2,19,0,2016-02-19,50
2016,2,20,0,2016-02-20,51
2016,2,21,0,2016-02-21,52
2016,2,22,0,2016-02-22,53
2016,2,23,0,2016-02-23,54
2016,2,24,0,2016-02-24,55
2016,2,25,0,2016-02-25,56
2016,2,26,0,2016-02-26,57
2016,2,27,0,2016-02-27,58
2016,2,28,0,2016-02-28,59
2016,2,29,0,2016-02-29,60
2016,3,1,0,2016-03-01,61
2016,3,2,0.76,2016-03-02,62
2016,3,3,0,2016-03-03,63
2016,3,4,0,2016-03-04,64
2016,3,5,0,2016-03-05,65
2016,3,6,0,2016-03-06,66
2016,3,7,0,2016-03-07,67
2016,3,8,0,2016-03-08,68
2016,3,9,0,2016-03-09,69
2016,3,10,0,2016-03-10,70
2016,3,11,0,2016-03-11,71
2016,3,12,3.55,2016-03-12,72
2016,3,13,1.3900000000000001,2016-03-13,73
2016,3,14,0,2016-03-14,74
2016,3,15,6.35,2016-03-15,75
2016,3,16,0,2016-03-16,76
2016,3,17,0,2016-03-17,77
2016,3,18,0,2016-03-18,78
2016,3,19,0.5,2016-03-19,79
2016,3,20,0,2016-03-20,80
2016,3,21,0,2016-03-21,81
2016,3,22,0,2016-03-22,82
2016,3,23,11.43,2016-03-23,83
2016,3,24,0,2016-03-24,84
2016,3,25,0,2016-03-25,85
2016,3,26,3.81,2016-03-26,86
2016,3,27,0,2016-03-27,87
2016,3,28,0,2016-03-28,88
2016,3,29,0,2016-03-29,89
2016,3,30,7.609999999999999,2016-03-30,90
2016,3,31,3.81,2016-03-31,91
2016,4,1,16.52,2016-04-01,92
2016,4,2,0,2016-04-02,93
2016,4,3,0,2016-04-03,94
2016,4,4,0,2016-04-04,95
2016,4,5,0,2016-04-05,96
2016,4,6,0.76,2016-04-06,97
2016,4,7,1.77,2016-04-07,98
2016,4,8,0,2016-04-08,99
2016,4,9,0,2016-04-09,100
2016,4,10,0,2016-04-10,101
2016,4,11,0,2016-04-11,102
2016,4,12,0,2016-04-12,103
2016,4,13,0,2016-04-13,104
2016,4,14,0,2016-04-14,105
2016,4,15,0,2016-04-15,106
2016,4,16,0,2016-04-16,107
2016,4,17,0,2016-04-17,108
2016,4,18,2.54,2016-04-18,109
2016,4,19,0.25,2016-04-19,110
2016,4,20,13.21,2016-04-20,111
2016,4,21,2.54,2016-04-21,112
2016,4,22,0,2016-04-22,113
2016,4,23,0,2016-04-23,114
2016,4,24,0,2016-04-24,115
2016,4,25,4.07,2016-04-25,116
2016,4,26,0,2016-04-26,117
2016,4,27,18.28,2016-04-27,118
2016,4,28,1.52,2016-04-28,119
2016,4,29,0.25,2016-04-29,120
2016,4,30,28.96,2016-04-30,121
2016,5,1,4.3,2016-05-01,122
2016,5,2,0,2016-05-02,123
2016,5,3,0,2016-05-03,124
2016,5,4,0,2016-05-04,125
2016,5,5,0,2016-05-05,126
2016,5,6,0,2016-05-06,127
2016,5,7,0,2016-05-07,128
2016,5,8,0.5,2016-05-08,129
2016,5,9,9.899999999999999,2016-05-09,130
2016,5,10,0,2016-05-10,131
2016,5,11,2.0300000000000002,2016-05-11,132
2016,5,12,0,2016-05-12,133
2016,5,13,4.82,2016-05-13,134
2016,5,14,0,2016-05-14,135
2016,5,15,0,2016-05-15,136
2016,5,16,0,2016-05-16,137
2016,5,17,0,2016-05-17,138
2016,5,18,0,2016-05-18,139
2016,5,19,0,2016-05-19,140
2016,5,20,0,2016-05-20,141
2016,5,21,0,2016-05-21,142
2016,5,22,0,2016-05-22,143
2016,5,23,0.25,2016-05-23,144
2016,5,24,4.0600000000000005,2016-05-24,145
2016,5,25,15.24,2016-05-25,146
2016,5,26,7.62,2016-05-26,147
2016,5,27,16,2016-05-27,148
2016,5,28,5.08,2016-05-28,149
2016,5,29,0,2016-05-29,150
2016,5,30,11.68,2016-05-30,151
2016,5,31,16.25,2016-05-31,152
2016,6,1,0,2016-06-01,153
2016,6,2,0,2016-06-02,154
2016,6,3,10.16,2016-06-03,155
2016,6,4,0.25,2016-06-04,156
2016,6,5,0,2016-06-05,157
2016,6,6,0,2016-06-06,158
2016,6,7,0,2016-06-07,159
2016,6,8,0,2016-06-08,160
2016,6,9,0,2016-06-09,161
2016,6,10,0,2016-06-10,162
2016,6,11,0,2016-06-11,163
2016,6,12,0,2016-06-12,164
2016,6,13,0.51,2016-06-13,165
2016,6,14,6.34,2016-06-14,166
2016,6,15,0.25,2016-06-15,167
2016,6,16,0,2016-06-16,168
2016,6,17,0,2016-06-17,169
2016,6,18,0,2016-06-18,170
2016,6,19,0,2016-06-19,171
2016,6,20,0.51,2016-06-20,172
2016,6,21,0,2016-06-21,173
2016,6,22,1.27,2016-06-22,174
2016,6,23,0,2016-06-23,175
2016,6,24,0,2016-06-24,176
2016,6,25,0,2016-06-25,177
2016,6,26,2.02,2016-06-26,178
2016,6,27,0,2016-06-27,179
2016,6,28,0,2016-06-28,180
2016,6,29,0,2016-06-29,181
2016,6,30,0,2016-06-30,182
2016,7,1,0,2016-07-01,183
2016,7,2,0,2016-07-02,184
2016,7,3,0,2016-07-03,185
2016,7,4,0,2016-07-04,186
2016,7,5,0,2016-07-05,187
2016,7,6,8.629999999999999,2016-07-06,188
2016,7,7,10.42,2016-07-07,189
2016,7,8,0,2016-07-08,190
2016,7,9,0,2016-07-09,191
2016,7,10,11.43,2016-07-10,192
2016,7,11,0.25,2016-07-11,193
2016,7,12,18.79,2016-07-12,194
2016,7,13,1.02,2016-07-13,195
2016,7,14,0,2016-07-14,196
2016,7,15,0,2016-07-15,197
2016,7,16,0,2016-07-16,198
2016,7,17,28.43,2016-07-17,199
2016,7,18,37.84,2016-07-18,200
2016,7,19,20.08,2016-07-19,201
2016,7,20,0,2016-07-20,202
2016,7,21,0,2016-07-21,203
2016,7,22,0,2016-07-22,204
2016,7,23,0,2016-07-23,205
2016,7,24,0,2016-07-24,206
2016,7,25,0,2016-07-25,207
2016,7,26,0,2016-07-26,208
2016,7,27,0,2016-07-27,209
2016,7,28,0,2016-07-28,210
2016,7,29,0,2016-07-29,211
2016,7,30,0,2016-07-30,212
2016,7,31,0,2016-07-31,213
2016,8,1,0.76,2016-08-01,214
2016,8,2,8.120000000000001,2016-08-02,215
2016,8,3,0.25,2016-08-03,216
2016,8,4,16.26,2016-08-04,217
2016,8,5,0.25,2016-08-05,218
2016,8,6,0,2016-08-06,219
2016,8,7,0,2016-08-07,220
2016,8,8,0,2016-08-08,221
2016,8,9,0,2016-08-09,222
2016,8,10,5.33,2016-08-10,223
2016,8,11,120.89999999999999,2016-08-11,224
2016,8,12,9.15,2016-08-12,225
2016,8,13,0,2016-08-13,226
2016,8,14,0,2016-08-14,227
2016,8,15,0,2016-08-15,228
2016,8,16,0,2016-08-16,229
2016,8,17,3.04,2016-08-17,230
2016,8,18,0,2016-08-18,231
2016,8,19,15.49,2016-08-19,232
2016,8,20,1.01,2016-08-20,233
2016,8,21,0,2016-08-21,234
2016,8,22,0,2016-08-22,235
2016,8,23,0,2016-08-23,236
2016,8,24,7.36,2016-08-24,237
2016,8,25,0,2016-08-25,238
2016,8,26,1.27,2016-08-26,239
2016,8,27,0,2016-08-27,240
2016,8,28,0,2016-08-28,241
2016,8,29,2.54,2016-08-29,242
2016,8,30,0,2016-08-30,243
2016,8,31,0,2016-08-31,244
2016,9,1,0,2016-09-01,245
2016,9,2,0,2016-09-02,246
2016,9,3,0,2016-09-03,247
2016,9,4,0,2016-09-04,248
2016,9,5,0,2016-09-05,249
2016,9,6,0,2016-09-06,250
2016,9,7,24.650000000000002,2016-09-07,251
2016,9,8,32.25,2016-09-08,252
2016,9,9,6.609999999999999,2016-09-09,253
2016,9,10,0,2016-09-10,254
2016,9,11,0,2016-09-11,255
2016,9,12,0,2016-09-12,256
2016,9,13,3.3,2016-09-13,257
2016,9,14,0,2016-09-14,258
2016,9,15,13.21,2016-09-15,259
2016,9,16,25.65,2016-09-16,260
2016,9,17,0,2016-09-17,261
2016,9,18,0,2016-09-18,262
2016,9,19,0,2016-09-19,263
2016,9,20,0,2016-09-20,264
2016,9,21,0,2016-09-21,265
2016,9,22,41.39,2016-09-22,266
2016,9,23,6.1,2016-09-23,267
2016,9,24,23.62,2016-09-24,268
2016,9,25,6.09,2016-09-25,269
2016,9,26,0,2016-09-26,270
2016,9,27,0,2016-09-27,271
2016,9,28,0,2016-09-28,272
2016,9,29,0,2016-09-29,273
2016,9,30,0,2016-09-30,274
2016,10,1,0,2016-10-01,275
2016,10,2,0,2016-10-02,276
2016,10,3,0,2016-10-03,277
2016,10,4,0.25,2016-10-04,278
2016,10,5,1.77,2016-10-05,279
2016,10,6,1.27,2016-10-06,280
2016,10,7,0,2016-10-07,281
2016,10,8,0,2016-10-08,282
2016,10,9,0,2016-10-09,283
2016,10,10,1.01,2016-10-10,284
2016,10,11,0.25,2016-10-11,285
2016,10,12,1.27,2016-10-12,286
2016,10,13,0,2016-10-13,287
2016,10,14,0,2016-10-14,288
2016,10,15,0,2016-10-15,289
2016,10,16,0.25,2016-10-16,290
2016,10,17,0,2016-10-17,291
2016,10,18,0,2016-10-18,292
2016,10,19,0,2016-10-19,293
2016,10,20,0,2016-10-20,294
2016,10,21,0,2016-10-21,295
2016,10,22,0,2016-10-22,296
2016,10,23,0,2016-10-23,297
2016,10,24,0,2016-10-24,298
2016,10,25,0,2016-10-25,299
2016,10,26,4.57,2016-10-26,300
2016,10,27,0,2016-10-27,301
2016,10,28,0,2016-10-28,302
2016,10,29,0,2016-10-29,303
2016,10,30,0,2016-10-30,304
2016,10,31,0,2016-10-31,305
2016,11,1,0,2016-11-01,306
2016,11,2,0,2016-11-02,307
2016,11,3,0,2016-11-03,308
2016,11,4,0,2016-11-04,309
2016,11,5,0,2016-11-05,310
2016,11,6,0,2016-11-06,311
2016,11,7,0,2016-11-07,312
2016,11,8,0,2016-11-08,313
2016,11,9,0,2016-11-09,314
2016,11,10,0,2016-11-10,315
2016,11,11,0,2016-11-11,316
2016,11,12,0,2016-11-12,317
2016,11,13,0,2016-11-13,318
2016,11,14,0,2016-11-14,319
2016,11,15,0,2016-11-15,320
2016,11,16,0,2016-11-16,321
2016,11,17,0,2016-11-17,322
2016,11,18,0,2016-11-18,323
2016,11,19,0,2016-11-19,324
2016,11,20,0,2016-11-20,325
2016,11,21,0,2016-11-21,326
2016,11,22,17.52,2016-11-22,327
2016,11,23,9.120000000000001,2016-11-23,328
2016,11,24,0,2016-11-24,329
2016,11,25,0,2016-11-25,330
2016,11,26,0,2016-11-26,331
2016,11,27,12.69,2016-11-27,332
2016,11,28,1.02,2016-11-28,333
2016,11,29,0,2016-11-29,334
2016,11,30,0,2016-11-30,335
2016,12,1,0,2016-12-01,336
2016,12,2,0,2016-12-02,337
2016,12,3,1.01,2016-12-03,338
2016,12,4,6.85,2016-12-04,339
2016,12,5,1.52,2016-12-05,340
2016,12,6,0.5,2016-12-06,341
2016,12,7,0,2016-12-07,342
2016,12,8,0,2016-12-08,343
2016,12,9,0,2016-12-09,344
2016,12,10,0,2016-12-10,345
2016,12,11,0.25,2016-12-11,346
2016,12,12,0,2016-12-12,347
2016,12,13,0,2016-12-13,348
2016,12,14,0,2016-12-14,349
2016,12,15,0,2016-12-15,350
2016,12,16,0,2016-12-16,351
2016,12,17,0,2016-12-17,352
2016,12,18,0,2016-12-18,353
2016,12,19,0,2016-12-19,354
2016,12,20,0,2016-12-20,355
2016,12,21,0,2016-12-21,356
2016,12,22,0,2016-12-22,357
2016,12,23,3.81,2016-12-23,358
2016,12,24,0,2016-12-24,359
2016,12,25,18.27,2016-12-25,360
2016,12,26,0,2016-12-26,361
2016,12,27,0,2016-12-27,362
2016,12,28,0,2016-12-28,363
2016,12,29,0,2016-12-29,364
2016,12,30,0,2016-12-30,365
2016,12,31,0,2016-12-31,366
2017,1,1,0,2017-01-01,1
2017,1,2,4.32,2017-01-02,2
2017,1,3,0,2017-01-03,3
2017,1,4,0,2017-01-04,4
2017,1,5,0,2017-01-05,5
2017,1,6,0,2017-01-06,6
2017,1,7,0,2017-01-07,7
2017,1,8,0,2017-01-08,8
2017,1,9,0,2017-01-09,9
2017,1,10,8.629999999999999,2017-01-10,10
2017,1,11,0,2017-01-11,11
2017,1,12,0,2017-01-12,12
2017,1,13,0,2017-01-13,13
2017,1,14,0,2017-01-14,14
2017,1,15,0,2017-01-15,15
2017,1,16,12.459999999999999,2017-01-16,16
2017,1,17,5.6,2017-01-17,17
2017,1,18,0,2017-01-18,18
2017,1,19,0,2017-01-19,19
2017,1,20,1.26,2017-01-20,20
2017,1,21,5.58,2017-01-21,21
2017,1,22,0,2017-01-22,22
2017,1,23,0,2017-01-23,23
2017,1,24,3.55,2017-01-24,24
2017,1,25,5.82,2017-01-25,25
2017,1,26,0,2017-01-26,26
2017,1,27,0,2017-01-27,27
2017,1,28,0,2017-01-28,28
2017,1,29,0.76,2017-01-29,29
2017,1,30,0.51,2017-01-30,30
2017,1,31,0,2017-01-31,31
2017,2,1,0,2017-02-01,32
2017,2,2,0,2017-02-02,33
2017,2,3,0,2017-02-03,34
2017,2,4,0,2017-02-04,35
2017,2,5,0,2017-02-05,36
2017,2,6,0,2017-02-06,37
2017,2,7,0,2017-02-07,38
2017,2,8,0,2017-02-08,39
2017,2,9,0,2017-02-09,40
2017,2,10,0,2017-02-10,41
2017,2,11,0,2017-02-11,42
2017,2,12,0.5,2017-02-12,43
2017,2,13,0,2017-02-13,44
2017,2,14,0,2017-02-14,45
2017,2,15,0,2017-02-15,46
2017,2,16,0,2017-02-16,47
2017,2,17,0,2017-02-17,48
2017,2,18,0,2017-02-18,49
2017,2,19,0,2017-02-19,50
2017,2,20,17.51,2017-02-20,51
2017,2,21,0,2017-02-21,52
2017,2,22,0,2017-02-22,53
2017,2,23,3.55,2017-02-23,54
2017,2,24,11.41,2017-02-24,55
2017,2,25,0,2017-02-25,56
2017,2,26,3.05,2017-02-26,57
2017,2,27,0.25,2017-02-27,58
2017,2,28,0.5,2017-02-28,59
2017,3,1,0.25,2017-03-01,60
2017,3,2,0,2017-03-02,61
2017,3,3,0,2017-03-03,62
2017,3,4,0,2017-03-04,63
2017,3,5,0,2017-03-05,64
2017,3,6,5.33,2017-03-06,65
2017,3,7,0,2017-03-07,66
2017,3,8,0,2017-03-08,67
2017,3,9,0,2017-03-09,68
2017,3,10,0,2017-03-10,69
2017,3,11,0,2017-03-11,70
2017,3,12,2.5300000000000002,2017-03-12,71
2017,3,13,3.8,2017-03-13,72
2017,3,14,2.0300000000000002,2017-03-14,73
2017,3,15,0,2017-03-15,74
2017,3,16,0,2017-03-16,75
2017,3,17,0,2017-03-17,76
2017,3,18,0,2017-03-18,77
2017,3,19,0,2017-03-19,78
2017,3,20,0,2017-03-20,79
2017,3,21,0,2017-03-21,80
2017,3,22,0,2017-03-22,81
2017,3,23,0,2017-03-23,82
2017,3,24,4.82,2017-03-24,83
2017,3,25,22.87,2017-03-25,84
2017,3,26,0,2017-03-26,85
2017,3,27,0,2017-03-27,86
2017,3,28,0,2017-03-28,87
2017,3,29,36.82,2017-03-29,88
2017,3,30,0.51,2017-03-30,89
2017,3,31,0,2017-03-31,90
2017,4,1,0,2017-04-01,91
2017,4,2,0.5,2017-04-02,92
2017,4,3,16.25,2017-04-03,93
2017,4,4,0,2017-04-04,94
2017,4,5,0.25,2017-04-05,95
2017,4,6,0,2017-04-06,96
2017,4,7,0,2017-04-07,97
2017,4,8,0,2017-04-08,98
2017,4,9,0,2017-04-09,99
2017,4,10,0,2017-04-10,100
2017,4,11,0,2017-04-11,101
2017,4,12,0.51,2017-04-12,102
2017,4,13,3.81,2017-04-13,103
2017,4,14,8.370000000000001,2017-04-14,104
2017,4,15,4.57,2017-04-15,105
2017,4,16,0,2017-04-16,106
2017,4,17,0,2017-04-17,107
2017,4,18,2.79,2017-04-18,108
2017,4,19,10.15,2017-04-19,109
2017,4,20,0,2017-04-20,110
2017,4,21,0,2017-04-21,111
2017,4,22,0,2017-04-22,112
2017,4,23,0,2017-04-23,113
2017,4,24,0,2017-04-24,114
2017,4,25,0.25,2017-04-25,115
2017,4,26,0,2017-04-26,116
2017,4,27,0,2017-04-27,117
2017,4,28,9.4,2017-04-28,118
2017,4,29,1.78,2017-04-29,119
2017,4,30,35.8,2017-04-30,120
2017,5,1,14.22,2017-05-01,121
2017,5,2,0,2017-05-02,122
2017,5,3,0,2017-05-03,123
2017,5,4,0,2017-05-04,124
2017,5,5,0,2017-05-05,125
2017,5,6,0,2017-05-06,126
2017,5,7,0,2017-05-07,127
2017,5,8,0,2017-05-08,128
2017,5,9,0,2017-05-09,129
2017,5,10,27.69,2017-05-10,130
2017,5,11,0,2017-05-11,131
2017,5,12,0,2017-05-12,132
2017,5,13,0,2017-05-13,133
2017,5,14,0,2017-05-14,134
2017,5,15,0,2017-05-15,135
2017,5,16,8.38,2017-05-16,136
2017,5,17,22.86,2017-05-17,137
2017,5,18,0.25,2017-05-18,138
2017,5,19,28.7,2017-05-19,139
2017,5,20,9.13,2017-05-20,140
2017,5,21,0,2017-05-21,141
2017,5,22,2.28,2017-05-22,142
2017,5,23,6.09,2017-05-23,143
2017,5,24,7.11,2017-05-24,144
2017,5,25,0,2017-05-25,145
2017,5,26,0,2017-05-26,146
2017,5,27,5.59,2017-05-27,147
2017,5,28,0,2017-05-28,148
2017,5,29,0,2017-05-29,149
2017,5,30,0,2017-05-30,150
2017,5,31,0,2017-05-31,151
2017,6,1,0,2017-06-01,152
2017,6,2,0,2017-06-02,153
2017,6,3,0,2017-06-03,154
2017,6,4,0,2017-06-04,155
2017,6,5,0,2017-06-05,156
2017,6,6,0,2017-06-06,157
2017,6,7,0,2017-06-07,158
2017,6,8,0,2017-06-08,159
2017,6,9,0,2017-06-09,160
2017,6,10,0,2017-06-10,161
2017,6,11,0,2017-06-11,162
2017,6,12,0,2017-06-12,163
2017,6,13,0,2017-06-13,164
2017,6,14,25.14,2017-06-14,165
2017,6,15,0,2017-06-15,166
2017,6,16,4.83,2017-06-16,167
2017,6,17,2.02,2017-06-17,168
2017,6,18,0,2017-06-18,169
2017,6,19,0.25,2017-06-19,170
2017,6,20,0,2017-06-20,171
2017,6,21,0,2017-06-21,172
2017,6,22,24.89,2017-06-22,173
2017,6,23,1.02,2017-06-23,174
2017,6,24,0,2017-06-24,175
2017,6,25,0,2017-06-25,176
2017,6,26,2.29,2017-06-26,177
2017,6,27,0,2017-06-27,178
2017,6,28,9.4,2017-06-28,179
2017,6,29,1.27,2017-06-29,180
2017,6,30,0.76,2017-06-30,181
2017,7,1,0,2017-07-01,182
2017,7,2,0,2017-07-02,183
2017,7,3,0,2017-07-03,184
2017,7,4,0,2017-07-04,185
2017,7,5,0,2017-07-05,186
2017,7,6,0,2017-07-06,187
2017,7,7,0,2017-07-07,188
2017,7,8,0,2017-07-08,189
2017,7,9,0,2017-07-09,190
2017,7,10,0,2017-07-10,191
2017,7,11,0,2017-07-11,192
2017,7,12,21.6,2017-07-12,193
2017,7,13,0,2017-07-13,194
2017,7,14,0,2017-07-14,195
2017,7,15,0,2017-07-15,196
2017,7,16,0,2017-07-16,197
2017,7,17,0,2017-07-17,198
2017,7,18,0,2017-07-18,199
2017,7,19,0,2017-07-19,200
2017,7,20,16,2017-07-20,201
2017,7,21,0.76,2017-07-21,202
2017,7,22,0,2017-07-22,203
2017,7,23,0,2017-07-23,204
2017,7,24,0,2017-07-24,205
2017,7,25,0,2017-07-25,206
2017,7,26,4.32,2017-07-26,207
2017,7,27,0,2017-07-27,208
2017,7,28,0,2017-07-28,209
2017,7,29,0,2017-07-29,210
2017,7,30,0,2017-07-30,211
2017,7,31,0,2017-07-31,212
2017,8,1,22.35,2017-08-01,213
2017,8,2,0.25,2017-08-02,214
2017,8,3,11.17,2017-08-03,215
2017,8,4,0,2017-08-04,216
2017,8,5,0,2017-08-05,217
2017,8,6,0,2017-08-06,218
2017,8,7,0,2017-08-07,219
2017,8,8,0,2017-08-08,220
2017,8,9,0,2017-08-09,221
2017,8,10,0,2017-08-10,222
2017,8,11,0,2017-08-11,223
2017,8,12,0,2017-08-12,224
2017,8,13,0.51,2017-08-13,225
2017,8,14,6.85,2017-08-14,226
2017,8,15,2.8,2017-08-15,227
2017,8,16,1.77,2017-08-16,228
2017,8,17,0,2017-08-17,229
2017,8,18,0.51,2017-08-18,230
2017,8,19,3.05,2017-08-19,231
2017,8,20,6.6,2017-08-20,232
2017,8,21,27.17,2017-08-21,233
2017,8,22,0.25,2017-08-22,234
2017,8,23,0,2017-08-23,235
2017,8,24,0.25,2017-08-24,236
2017,8,25,0.25,2017-08-25,237
2017,8,26,0.51,2017-08-26,238
2017,8,27,0,2017-08-27,239
2017,8,28,0,2017-08-28,240
2017,8,29,0,2017-08-29,241
2017,8,30,0,2017-08-30,242
2017,8,31,0,2017-08-31,243
2017,9,1,0,2017-09-01,244
2017,9,2,0,2017-09-02,245
2017,9,3,0,2017-09-03,246
2017,9,4,0,2017-09-04,247
2017,9,5,0,2017-09-05,248
2017,9,6,0,2017-09-06,249
2017,9,7,0,2017-09-07,250
2017,9,8,0,2017-09-08,251
2017,9,9,0,2017-09-09,252
2017,9,10,0,2017-09-10,253
2017,9,11,0,2017-09-11,254
2017,9,12,0,2017-09-12,255
2017,9,13,0,2017-09-13,256
2017,9,14,0,2017-09-14,257
2017,9,15,0,2017-09-15,258
2017,9,16,2.0300000000000002,2017-09-16,259
2017,9,17,16.509999999999998,2017-09-17,260
2017,9,18,3.81,2017-09-18,261
2017,9,19,0,2017-09-19,262
2017,9,20,0,2017-09-20,263
2017,9,21,0,2017-09-21,264
2017,9,22,0,2017-09-22,265
2017,9,23,0,2017-09-23,266
2017,9,24,0,2017-09-24,267
2017,9,25,20.06,2017-09-25,268
2017,9,26,0.75,2017-09-26,269
2017,9,27,0,2017-09-27,270
2017,9,28,0,2017-09-28,271
2017,9,29,0,2017-09-29,272
2017,9,30,0,2017-09-30,273
2017,10,1,0.25,2017-10-01,274
2017,10,2,11.16,2017-10-02,275
2017,10,3,6.87,2017-10-03,276
2017,10,4,0.25,2017-10-04,277
2017,10,5,2.2800000000000002,2017-10-05,278
2017,10,6,39.35,2017-10-06,279
2017,10,7,37.83,2017-10-07,280
2017,10,8,0,2017-10-08,281
2017,10,9,0,2017-10-09,282
2017,10,10,18.28,2017-10-10,283
2017,10,11,0,2017-10-11,284
2017,10,12,0,2017-10-12,285
2017,10,13,5.83,2017-10-13,286
2017,10,14,16.75,2017-10-14,287
2017,10,15,0.25,2017-10-15,288
2017,10,16,0,2017-10-16,289
2017,10,17,0,2017-10-17,290
2017,10,18,0,2017-10-18,291
2017,10,19,0,2017-10-19,292
2017,10,20,0,2017-10-20,293
2017,10,21,2.04,2017-10-21,294
2017,10,22,0,2017-10-22,295
2017,10,23,0,2017-10-23,296
2017,10,24,0,2017-10-24,297
2017,10,25,0,2017-10-25,298
2017,10,26,0,2017-10-26,299
2017,10,27,0,2017-10-27,300
2017,10,28,0,2017-10-28,301
2017,10,29,2.0300000000000002,2017-10-29,302
2017,10,30,0,2017-10-30,303
2017,10,31,0,2017-10-31,304
2017,11,1,0,2017-11-01,305
2017,11,2,0,2017-11-02,306
2017,11,3,0,2017-11-03,307
2017,11,4,0,2017-11-04,308
2017,11,5,0,2017-11-05,309
2017,11,6,0,2017-11-06,310
2017,11,7,0,2017-11-07,311
2017,11,8,0,2017-11-08,312
2017,11,9,0,2017-11-09,313
2017,11,10,0,2017-11-10,314
2017,11,11,0,2017-11-11,315
2017,11,12,0.76,2017-11-12,316
2017,11,13,0,2017-11-13,317
2017,11,14,0.5,2017-11-14,318
2017,11,15,0.25,2017-11-15,319
2017,11,16,0,2017-11-16,320
2017,11,17,0,2017-11-17,321
2017,11,18,4.82,2017-11-18,322
2017,11,19,0,2017-11-19,323
2017,11,20,0,2017-11-20,324
2017,11,21,0,2017-11-21,325
2017,11,22,0,2017-11-22,326
2017,11,23,0,2017-11-23,327
2017,11,24,0,2017-11-24,328
2017,11,25,0,2017-11-25,329
2017,11,26,0,2017-11-26,330
2017,11,27,0,2017-11-27,331
2017,11,28,0,2017-11-28,332
2017,11,29,0,2017-11-29,333
2017,11,30,0,2017-11-30,334
2017,12,1,0,2017-12-01,335
2017,12,2,0,2017-12-02,336
2017,12,3,0,2017-12-03,337
2017,12,4,0,2017-12-04,338
2017,12,5,0,2017-12-05,339
2017,12,6,0,2017-12-06,340
2017,12,7,0,2017-12-07,341
2017,12,8,0,2017-12-08,342
2017,12,9,0,2017-12-09,343
2017,12,10,0,2017-12-10,344
2017,12,11,0,2017-12-11,345
2017,12,12,0,2017-12-12,346
2017,12,13,0.76,2017-12-13,347
2017,12,14,0,2017-12-14,348
2017,12,15,0,2017-12-15,349
2017,12,16,0,2017-12-16,350
2017,12,17,0,2017-12-17,351
2017,12,18,0,2017-12-18,352
2017,12,19,0,2017-12-19,353
2017,12,20,0,2017-12-20,354
2017,12,21,0,2017-12-21,355
2017,12,22,0,2017-12-22,356
2017,12,23,0,2017-12-23,357
2017,12,24,0,2017-12-24,358
2017,12,25,0,2017-12-25,359
2017,12,26,0,2017-12-26,360
2017,12,27,0,2017-12-27,361
2017,12,28,4.54,2017-12-28,362
2017,12,29,7.35,2017-12-29,363
2017,12,30,0,2017-12-30,364
2017,12,31,0,2017-12-31,365
2018,1,1,NA,2018-01-01,1
2018,1,2,NA,2018-01-02,2
2018,1,3,NA,2018-01-03,3
2018,1,4,NA,2018-01-04,4
2018,1,5,NA,2018-01-05,5
2018,1,6,NA,2018-01-06,6
2018,1,7,NA,2018-01-07,7
2018,1,8,NA,2018-01-08,8
2018,1,9,NA,2018-01-09,9
2018,1,10,NA,2018-01-10,10
2018,1,11,NA,2018-01-11,11
2018,1,12,NA,2018-01-12,12
2018,1,13,NA,2018-01-13,13
2018,1,14,NA,2018-01-14,14
2018,1,15,NA,2018-01-15,15
2018,1,16,NA,2018-01-16,16
2018,1,17,NA,2018-01-17,17
2018,1,18,NA,2018-01-18,18
2018,1,19,NA,2018-01-19,19
2018,1,20,NA,2018-01-20,20
2018,1,21,NA,2018-01-21,21
2018,1,22,NA,2018-01-22,22
2018,1,23,NA,2018-01-23,23
2018,1,24,NA,2018-01-24,24
2018,1,25,NA,2018-01-25,25
2018,1,26,NA,2018-01-26,26
2018,1,27,NA,2018-01-27,27
2018,1,28,NA,2018-01-28,28
2018,1,29,NA,2018-01-29,29
2018,1,30,NA,2018-01-30,30
2018,1,31,NA,2018-01-31,31
2018,2,1,NA,2018-02-01,32
2018,2,2,NA,2018-02-02,33
2018,2,3,NA,2018-02-03,34
2018,2,4,NA,2018-02-04,35
2018,2,5,NA,2018-02-05,36
2018,2,6,NA,2018-02-06,37
2018,2,7,NA,2018-02-07,38
2018,2,8,NA,2018-02-08,39
2018,2,9,NA,2018-02-09,40
2018,2,10,NA,2018-02-10,41
2018,2,11,NA,2018-02-11,42
2018,2,12,NA,2018-02-12,43
2018,2,13,NA,2018-02-13,44
2018,2,14,NA,2018-02-14,45
2018,2,15,NA,2018-02-15,46
2018,2,16,NA,2018-02-16,47
2018,2,17,NA,2018-02-17,48
2018,2,18,NA,2018-02-18,49
2018,2,19,NA,2018-02-19,50
2018,2,20,NA,2018-02-20,51
2018,2,21,NA,2018-02-21,52
2018,2,22,NA,2018-02-22,53
2018,2,23,NA,2018-02-23,54
2018,2,24,NA,2018-02-24,55
2018,2,25,NA,2018-02-25,56
2018,2,26,NA,2018-02-26,57
2018,2,27,NA,2018-02-27,58
2018,2,28,NA,2018-02-28,59
2018,3,1,NA,2018-03-01,60
2018,3,2,NA,2018-03-02,61
2018,3,3,NA,2018-03-03,62
2018,3,4,NA,2018-03-04,63
2018,3,5,NA,2018-03-05,64
2018,3,6,NA,2018-03-06,65
2018,3,7,NA,2018-03-07,66
2018,3,8,NA,2018-03-08,67
2018,3,9,NA,2018-03-09,68
2018,3,10,NA,2018-03-10,69
2018,3,11,NA,2018-03-11,70
2018,3,12,NA,2018-03-12,71
2018,3,13,NA,2018-03-13,72
2018,3,14,NA,2018-03-14,73
2018,3,15,NA,2018-03-15,74
2018,3,16,NA,2018-03-16,75
2018,3,17,NA,2018-03-17,76
2018,3,18,NA,2018-03-18,77
2018,3,19,NA,2018-03-19,78
2018,3,20,NA,2018-03-20,79
2018,3,21,NA,2018-03-21,80
2018,3,22,NA,2018-03-22,81
2018,3,23,NA,2018-03-23,82
2018,3,24,NA,2018-03-24,83
2018,3,25,NA,2018-03-25,84
2018,3,26,NA,2018-03-26,85
2018,3,27,NA,2018-03-27,86
2018,3,28,NA,2018-03-28,87
2018,3,29,NA,2018-03-29,88
2018,3,30,NA,2018-03-30,89
2018,3,31,NA,2018-03-31,90
2018,4,1,NA,2018-04-01,91
2018,4,2,NA,2018-04-02,92
2018,4,3,NA,2018-04-03,93
2018,4,4,NA,2018-04-04,94
2018,4,5,NA,2018-04-05,95
2018,4,6,NA,2018-04-06,96
2018,4,7,NA,2018-04-07,97
2018,4,8,NA,2018-04-08,98
2018,4,9,NA,2018-04-09,99
2018,4,10,NA,2018-04-10,100
2018,4,11,NA,2018-04-11,101
2018,4,12,NA,2018-04-12,102
2018,4,13,NA,2018-04-13,103
2018,4,14,NA,2018-04-14,104
2018,4,15,NA,2018-04-15,105
2018,4,16,NA,2018-04-16,106
2018,4,17,NA,2018-04-17,107
2018,4,18,NA,2018-04-18,108
2018,4,19,NA,2018-04-19,109
2018,4,20,NA,2018-04-20,110
2018,4,21,NA,2018-04-21,111
2018,4,22,NA,2018-04-22,112
2018,4,23,NA,2018-04-23,113
2018,4,24,NA,2018-04-24,114
2018,4,25,NA,2018-04-25,115
2018,4,26,NA,2018-04-26,116
2018,4,27,NA,2018-04-27,117
2018,4,28,NA,2018-04-28,118
2018,4,29,NA,2018-04-29,119
2018,4,30,NA,2018-04-30,120
2018,5,1,NA,2018-05-01,121
2018,5,2,NA,2018-05-02,122
2018,5,3,NA,2018-05-03,123
2018,5,4,NA,2018-05-04,124
2018,5,5,NA,2018-05-05,125
2018,5,6,NA,2018-05-06,126
2018,5,7,NA,2018-05-07,127
2018,5,8,NA,2018-05-08,128
2018,5,9,NA,2018-05-09,129
2018,5,10,NA,2018-05-10,130
2018,5,11,NA,2018-05-11,131
2018,5,12,NA,2018-05-12,132
2018,5,13,NA,2018-05-13,133
2018,5,14,NA,2018-05-14,134
2018,5,15,NA,2018-05-15,135
2018,5,16,NA,2018-05-16,136
2018,5,17,NA,2018-05-17,137
2018,5,18,NA,2018-05-18,138
2018,5,19,NA,2018-05-19,139
2018,5,20,NA,2018-05-20,140
2018,5,21,NA,2018-05-21,141
2018,5,22,NA,2018-05-22,142
2018,5,23,NA,2018-05-23,143
2018,5,24,NA,2018-05-24,144
2018,5,25,NA,2018-05-25,145
2018,5,26,NA,2018-05-26,146
2018,5,27,NA,2018-05-27,147
2018,5,28,NA,2018-05-28,148
2018,5,29,NA,2018-05-29,149
2018,5,30,NA,2018-05-30,150
2018,5,31,NA,2018-05-31,151
2018,6,1,NA,2018-06-01,152
2018,6,2,NA,2018-06-02,153
2018,6,3,NA,2018-06-03,154
2018,6,4,NA,2018-06-04,155
2018,6,5,NA,2018-06-05,156
2018,6,6,NA,2018-06-06,157
2018,6,7,NA,2018-06-07,158
2018,6,8,NA,2018-06-08,159
2018,6,9,NA,2018-06-09,160
2018,6,10,NA,2018-06-10,161
2018,6,11,NA,2018-06-11,162
2018,6,12,NA,2018-06-12,163
2018,6,13,NA,2018-06-13,164
2018,6,14,NA,2018-06-14,165
2018,6,15,NA,2018-06-15,166
2018,6,16,NA,2018-06-16,167
2018,6,17,NA,2018-06-17,168
2018,6,18,NA,2018-06-18,169
2018,6,19,NA,2018-06-19,170
2018,6,20,NA,2018-06-20,171
2018,6,21,NA,2018-06-21,172
2018,6,22,NA,2018-06-22,173
2018,6,23,NA,2018-06-23,174
2018,6,24,NA,2018-06-24,175
2018,6,25,NA,2018-06-25,176
2018,6,26,NA,2018-06-26,177
2018,6,27,NA,2018-06-27,178
2018,6,28,NA,2018-06-28,179
2018,6,29,NA,2018-06-29,180
2018,6,30,NA,2018-06-30,181
2018,7,1,NA,2018-07-01,182
2018,7,2,NA,2018-07-02,183
2018,7,3,NA,2018-07-03,184
2018,7,4,NA,2018-07-04,185
2018,7,5,NA,2018-07-05,186
2018,7,6,NA,2018-07-06,187
2018,7,7,NA,2018-07-07,188
2018,7,8,NA,2018-07-08,189
2018,7,9,NA,2018-07-09,190
2018,7,10,NA,2018-07-10,191
2018,7,11,NA,2018-07-11,192
2018,7,12,NA,2018-07-12,193
2018,7,13,NA,2018-07-13,194
2018,7,14,NA,2018-07-14,195
2018,7,15,NA,2018-07-15,196
2018,7,16,NA,2018-07-16,197
2018,7,17,NA,2018-07-17,198
2018,7,18,NA,2018-07-18,199
2018,7,19,NA,2018-07-19,200
2018,7,20,NA,2018-07-20,201
2018,7,21,NA,2018-07-21,202
2018,7,22,NA,2018-07-22,203
2018,7,23,NA,2018-07-23,204
2018,7,24,NA,2018-07-24,205
2018,7,25,NA,2018-07-25,206
2018,7,26,NA,2018-07-26,207
2018,7,27,NA,2018-07-27,208
2018,7,28,NA,2018-07-28,209
2018,7,29,NA,2018-07-29,210
2018,7,30,NA,2018-07-30,211
2018,7,31,NA,2018-07-31,212
2018,8,1,NA,2018-08-01,213
2018,8,2,NA,2018-08-02,214
2018,8,3,NA,2018-08-03,215
2018,8,4,NA,2018-08-04,216
2018,8,5,NA,2018-08-05,217
2018,8,6,NA,2018-08-06,218
2018,8,7,NA,2018-08-07,219
2018,8,8,NA,2018-08-08,220
2018,8,9,NA,2018-08-09,221
2018,8,10,NA,2018-08-10,222
2018,8,11,NA,2018-08-11,223
2018,8,12,NA,2018-08-12,224
2018,8,13,NA,2018-08-13,225
2018,8,14,NA,2018-08-14,226
2018,8,15,NA,2018-08-15,227
2018,8,16,NA,2018-08-16,228
2018,8,17,NA,2018-08-17,229
2018,8,18,NA,2018-08-18,230
2018,8,19,NA,2018-08-19,231
2018,8,20,NA,2018-08-20,232
2018,8,21,NA,2018-08-21,233
2018,8,22,NA,2018-08-22,234
2018,8,23,NA,2018-08-23,235
2018,8,24,NA,2018-08-24,236
2018,8,25,NA,2018-08-25,237
2018,8,26,NA,2018-08-26,238
2018,8,27,NA,2018-08-27,239
2018,8,28,NA,2018-08-28,240
2018,8,29,NA,2018-08-29,241
2018,8,30,NA,2018-08-30,242
2018,8,31,NA,2018-08-31,243
2018,9,1,NA,2018-09-01,244
2018,9,2,NA,2018-09-02,245
2018,9,3,NA,2018-09-03,246
2018,9,4,NA,2018-09-04,247
2018,9,5,NA,2018-09-05,248
2018,9,6,NA,2018-09-06,249
2018,9,7,NA,2018-09-07,250
2018,9,8,NA,2018-09-08,251
2018,9,9,NA,2018-09-09,252
2018,9,10,NA,2018-09-10,253
2018,9,11,NA,2018-09-11,254
2018,9,12,NA,2018-09-12,255
2018,9,13,NA,2018-09-13,256
2018,9,14,NA,2018-09-14,257
2018,9,15,NA,2018-09-15,258
2018,9,16,NA,2018-09-16,259
2018,9,17,NA,2018-09-17,260
2018,9,18,NA,2018-09-18,261
2018,9,19,NA,2018-09-19,262
2018,9,20,NA,2018-09-20,263
2018,9,21,NA,2018-09-21,264
2018,9,22,NA,2018-09-22,265
2018,9,23,NA,2018-09-23,266
2018,9,24,NA,2018-09-24,267
2018,9,25,NA,2018-09-25,268
2018,9,26,NA,2018-09-26,269
2018,9,27,NA,2018-09-27,270
2018,9,28,NA,2018-09-28,271
2018,9,29,NA,2018-09-29,272
2018,9,30,NA,2018-09-30,273
2018,10,1,NA,2018-10-01,274
2018,10,2,NA,2018-10-02,275
2018,10,3,NA,2018-10-03,276
2018,10,4,NA,2018-10-04,277
2018,10,5,NA,2018-10-05,278
2018,10,6,NA,2018-10-06,279
2018,10,7,NA,2018-10-07,280
2018,10,8,NA,2018-10-08,281
2018,10,9,NA,2018-10-09,282
2018,10,10,NA,2018-10-10,283
2018,10,11,NA,2018-10-11,284
2018,10,12,NA,2018-10-12,285
2018,10,13,NA,2018-10-13,286
2018,10,14,NA,2018-10-14,287
2018,10,15,NA,2018-10-15,288
2018,10,16,NA,2018-10-16,289
2018,10,17,NA,2018-10-17,290
2018,10,18,NA,2018-10-18,291
2018,10,19,NA,2018-10-19,292
2018,10,20,NA,2018-10-20,293
2018,10,21,NA,2018-10-21,294
2018,10,22,NA,2018-10-22,295
2018,10,23,NA,2018-10-23,296
2018,10,24,NA,2018-10-24,297
2018,10,25,NA,2018-10-25,298
2018,10,26,NA,2018-10-26,299
2018,10,27,NA,2018-10-27,300
2018,10,28,NA,2018-10-28,301
2018,10,29,NA,2018-10-29,302
2018,10,30,NA,2018-10-30,303
2018,10,31,NA,2018-10-31,304
2018,11,1,NA,2018-11-01,305
2018,11,2,NA,2018-11-02,306
2018,11,3,NA,2018-11-03,307
2018,11,4,NA,2018-11-04,308
2018,11,5,NA,2018-11-05,309
2018,11,6,NA,2018-11-06,310
2018,11,7,NA,2018-11-07,311
2018,11,8,NA,2018-11-08,312
2018,11,9,NA,2018-11-09,313
2018,11,10,NA,2018-11-10,314
2018,11,11,NA,2018-11-11,315
2018,11,12,NA,2018-11-12,316
2018,11,13,NA,2018-11-13,317
2018,11,14,NA,2018-11-14,318
2018,11,15,NA,2018-11-15,319
2018,11,16,NA,2018-11-16,320
2018,11,17,NA,2018-11-17,321
2018,11,18,NA,2018-11-18,322
2018,11,19,NA,2018-11-19,323
2018,11,20,NA,2018-11-20,324
2018,11,21,NA,2018-11-21,325
2018,11,22,NA,2018-11-22,326
2018,11,23,NA,2018-11-23,327
2018,11,24,NA,2018-11-24,328
2018,11,25,NA,2018-11-25,329
2018,11,26,NA,2018-11-26,330
2018,11,27,NA,2018-11-27,331
2018,11,28,NA,2018-11-28,332
2018,11,29,NA,2018-11-29,333
2018,11,30,NA,2018-11-30,334
2018,12,1,NA,2018-12-01,335
2018,12,2,NA,2018-12-02,336
2018,12,3,NA,2018-12-03,337
2018,12,4,NA,2018-12-04,338
2018,12,5,NA,2018-12-05,339
2018,12,6,NA,2018-12-06,340
2018,12,7,NA,2018-12-07,341
2018,12,8,NA,2018-12-08,342
2018,12,9,NA,2018-12-09,343
2018,12,10,NA,2018-12-10,344
2018,12,11,NA,2018-12-11,345
2018,12,12,NA,2018-12-12,346
2018,12,13,NA,2018-12-13,347
2018,12,14,NA,2018-12-14,348
2018,12,15,NA,2018-12-15,349
2018,12,16,NA,2018-12-16,350
2018,12,17,NA,2018-12-17,351
2018,12,18,NA,2018-12-18,352
2018,12,19,NA,2018-12-19,353
2018,12,20,NA,2018-12-20,354
2018,12,21,NA,2018-12-21,355
2018,12,22,NA,2018-12-22,356
2018,12,23,NA,2018-12-23,357
2018,12,24,NA,2018-12-24,358
2018,12,25,NA,2018-12-25,359
2018,12,26,NA,2018-12-26,360
2018,12,27,NA,2018-12-27,361
2018,12,28,NA,2018-12-28,362
2018,12,29,NA,2018-12-29,363
2018,12,30,NA,2018-12-30,364
2018,12,31,NA,2018-12-31,365
2019,1,1,NA,2019-01-01,1
2019,1,2,NA,2019-01-02,2
2019,1,3,NA,2019-01-03,3
2019,1,4,NA,2019-01-04,4
2019,1,5,NA,2019-01-05,5
2019,1,6,NA,2019-01-06,6
2019,1,7,NA,2019-01-07,7
2019,1,8,NA,2019-01-08,8
2019,1,9,NA,2019-01-09,9
2019,1,10,NA,2019-01-10,10
2019,1,11,NA,2019-01-11,11
2019,1,12,NA,2019-01-12,12
2019,1,13,NA,2019-01-13,13
2019,1,14,NA,2019-01-14,14
2019,1,15,NA,2019-01-15,15
2019,1,16,NA,2019-01-16,16
2019,1,17,NA,2019-01-17,17
2019,1,18,NA,2019-01-18,18
2019,1,19,NA,2019-01-19,19
2019,1,20,NA,2019-01-20,20
2019,1,21,NA,2019-01-21,21
2019,1,22,NA,2019-01-22,22
2019,1,23,NA,2019-01-23,23
2019,1,24,NA,2019-01-24,24
2019,1,25,NA,2019-01-25,25
2019,1,26,NA,2019-01-26,26
2019,1,27,NA,2019-01-27,27
2019,1,28,NA,2019-01-28,28
2019,1,29,NA,2019-01-29,29
2019,1,30,NA,2019-01-30,30
2019,1,31,NA,2019-01-31,31
2019,2,1,NA,2019-02-01,32
2019,2,2,NA,2019-02-02,33
2019,2,3,NA,2019-02-03,34
2019,2,4,NA,2019-02-04,35
2019,2,5,NA,2019-02-05,36
2019,2,6,NA,2019-02-06,37
2019,2,7,NA,2019-02-07,38
2019,2,8,NA,2019-02-08,39
2019,2,9,NA,2019-02-09,40
2019,2,10,NA,2019-02-10,41
2019,2,11,NA,2019-02-11,42
2019,2,12,NA,2019-02-12,43
2019,2,13,NA,2019-02-13,44
2019,2,14,NA,2019-02-14,45
2019,2,15,NA,2019-02-15,46
2019,2,16,NA,2019-02-16,47
2019,2,17,NA,2019-02-17,48
2019,2,18,NA,2019-02-18,49
2019,2,19,NA,2019-02-19,50
2019,2,20,NA,2019-02-20,51
2019,2,21,NA,2019-02-21,52
2019,2,22,NA,2019-02-22,53
2019,2,23,NA,2019-02-23,54
2019,2,24,NA,2019-02-24,55
2019,2,25,NA,2019-02-25,56
2019,2,26,NA,2019-02-26,57
2019,2,27,NA,2019-02-27,58
2019,2,28,NA,2019-02-28,59
2019,3,1,NA,2019-03-01,60
2019,3,2,NA,2019-03-02,61
2019,3,3,NA,2019-03-03,62
2019,3,4,NA,2019-03-04,63
2019,3,5,NA,2019-03-05,64
2019,3,6,NA,2019-03-06,65
2019,3,7,NA,2019-03-07,66
2019,3,8,NA,2019-03-08,67
2019,3,9,NA,2019-03-09,68
2019,3,10,NA,2019-03-10,69
2019,3,11,NA,2019-03-11,70
2019,3,12,NA,2019-03-12,71
2019,3,13,NA,2019-03-13,72
2019,3,14,NA,2019-03-14,73
2019,3,15,NA,2019-03-15,74
2019,3,16,NA,2019-03-16,75
2019,3,17,NA,2019-03-17,76
2019,3,18,NA,2019-03-18,77
2019,3,19,NA,2019-03-19,78
2019,3,20,NA,2019-03-20,79
2019,3,21,NA,2019-03-21,80
2019,3,22,NA,2019-03-22,81
2019,3,23,NA,2019-03-23,82
2019,3,24,NA,2019-03-24,83
2019,3,25,NA,2019-03-25,84
2019,3,26,NA,2019-03-26,85
2019,3,27,NA,2019-03-27,86
2019,3,28,NA,2019-03-28,87
2019,3,29,NA,2019-03-29,88
2019,3,30,NA,2019-03-30,89
2019,3,31,NA,2019-03-31,90
2019,4,1,NA,2019-04-01,91
2019,4,2,NA,2019-04-02,92
2019,4,3,NA,2019-04-03,93
2019,4,4,NA,2019-04-04,94
2019,4,5,NA,2019-04-05,95
2019,4,6,NA,2019-04-06,96
2019,4,7,NA,2019-04-07,97
2019,4,8,NA,2019-04-08,98
2019,4,9,NA,2019-04-09,99
2019,4,10,NA,2019-04-10,100
2019,4,11,NA,2019-04-11,101
2019,4,12,NA,2019-04-12,102
2019,4,13,NA,2019-04-13,103
2019,4,14,NA,2019-04-14,104
2019,4,15,NA,2019-04-15,105
2019,4,16,NA,2019-04-16,106
2019,4,17,NA,2019-04-17,107
2019,4,18,NA,2019-04-18,108
2019,4,19,NA,2019-04-19,109
2019,4,20,NA,2019-04-20,110
2019,4,21,NA,2019-04-21,111
2019,4,22,NA,2019-04-22,112
2019,4,23,NA,2019-04-23,113
2019,4,24,NA,2019-04-24,114
2019,4,25,NA,2019-04-25,115
2019,4,26,NA,2019-04-26,116
2019,4,27,NA,2019-04-27,117
2019,4,28,NA,2019-04-28,118
2019,4,29,NA,2019-04-29,119
2019,4,30,NA,2019-04-30,120
2019,5,1,NA,2019-05-01,121
2019,5,2,NA,2019-05-02,122
2019,5,3,NA,2019-05-03,123
2019,5,4,NA,2019-05-04,124
2019,5,5,NA,2019-05-05,125
2019,5,6,NA,2019-05-06,126
2019,5,7,NA,2019-05-07,127
2019,5,8,NA,2019-05-08,128
2019,5,9,NA,2019-05-09,129
2019,5,10,NA,2019-05-10,130
2019,5,11,NA,2019-05-11,131
2019,5,12,NA,2019-05-12,132
2019,5,13,NA,2019-05-13,133
2019,5,14,NA,2019-05-14,134
2019,5,15,NA,2019-05-15,135
2019,5,16,NA,2019-05-16,136
2019,5,17,NA,2019-05-17,137
2019,5,18,NA,2019-05-18,138
2019,5,19,NA,2019-05-19,139
2019,5,20,NA,2019-05-20,140
2019,5,21,NA,2019-05-21,141
2019,5,22,NA,2019-05-22,142
2019,5,23,NA,2019-05-23,143
2019,5,24,NA,2019-05-24,144
2019,5,25,NA,2019-05-25,145
2019,5,26,NA,2019-05-26,146
2019,5,27,NA,2019-05-27,147
2019,5,28,NA,2019-05-28,148
2019,5,29,NA,2019-05-29,149
2019,5,30,NA,2019-05-30,150
2019,5,31,NA,2019-05-31,151
2019,6,1,NA,2019-06-01,152
2019,6,2,NA,2019-06-02,153
2019,6,3,NA,2019-06-03,154
2019,6,4,NA,2019-06-04,155
2019,6,5,NA,2019-06-05,156
2019,6,6,NA,2019-06-06,157
2019,6,7,NA,2019-06-07,158
2019,6,8,NA,2019-06-08,159
2019,6,9,NA,2019-06-09,160
2019,6,10,NA,2019-06-10,161
2019,6,11,NA,2019-06-11,162
2019,6,12,NA,2019-06-12,163
2019,6,13,NA,2019-06-13,164
2019,6,14,NA,2019-06-14,165
2019,6,15,NA,2019-06-15,166
2019,6,16,NA,2019-06-16,167
2019,6,17,NA,2019-06-17,168
2019,6,18,NA,2019-06-18,169
2019,6,19,NA,2019-06-19,170
2019,6,20,NA,2019-06-20,171
2019,6,21,NA,2019-06-21,172
2019,6,22,NA,2019-06-22,173
2019,6,23,NA,2019-06-23,174
2019,6,24,NA,2019-06-24,175
2019,6,25,NA,2019-06-25,176
2019,6,26,NA,2019-06-26,177
2019,6,27,NA,2019-06-27,178
2019,6,28,NA,2019-06-28,179
2019,6,29,NA,2019-06-29,180
2019,6,30,NA,2019-06-30,181
2019,7,1,NA,2019-07-01,182
2019,7,2,NA,2019-07-02,183
2019,7,3,NA,2019-07-03,184
2019,7,4,NA,2019-07-04,185
2019,7,5,NA,2019-07-05,186
2019,7,6,NA,2019-07-06,187
2019,7,7,NA,2019-07-07,188
2019,7,8,NA,2019-07-08,189
2019,7,9,NA,2019-07-09,190
2019,7,10,NA,2019-07-10,191
2019,7,11,NA,2019-07-11,192
2019,7,12,NA,2019-07-12,193
2019,7,13,NA,2019-07-13,194
2019,7,14,NA,2019-07-14,195
2019,7,15,NA,2019-07-15,196
2019,7,16,NA,2019-07-16,197
2019,7,17,NA,2019-07-17,198
2019,7,18,NA,2019-07-18,199
2019,7,19,NA,2019-07-19,200
2019,7,20,NA,2019-07-20,201
2019,7,21,NA,2019-07-21,202
2019,7,22,NA,2019-07-22,203
2019,7,23,NA,2019-07-23,204
2019,7,24,NA,2019-07-24,205
2019,7,25,NA,2019-07-25,206
2019,7,26,NA,2019-07-26,207
2019,7,27,NA,2019-07-27,208
2019,7,28,NA,2019-07-28,209
2019,7,29,NA,2019-07-29,210
2019,7,30,NA,2019-07-30,211
2019,7,31,NA,2019-07-31,212
2019,8,1,NA,2019-08-01,213
2019,8,2,NA,2019-08-02,214
2019,8,3,NA,2019-08-03,215
2019,8,4,NA,2019-08-04,216
2019,8,5,NA,2019-08-05,217
2019,8,6,NA,2019-08-06,218
2019,8,7,NA,2019-08-07,219
2019,8,8,NA,2019-08-08,220
2019,8,9,NA,2019-08-09,221
2019,8,10,NA,2019-08-10,222
2019,8,11,NA,2019-08-11,223
2019,8,12,NA,2019-08-12,224
2019,8,13,NA,2019-08-13,225
2019,8,14,NA,2019-08-14,226
2019,8,15,NA,2019-08-15,227
2019,8,16,NA,2019-08-16,228
2019,8,17,NA,2019-08-17,229
2019,8,18,NA,2019-08-18,230
2019,8,19,NA,2019-08-19,231
2019,8,20,NA,2019-08-20,232
2019,8,21,NA,2019-08-21,233
2019,8,22,NA,2019-08-22,234
2019,8,23,NA,2019-08-23,235
2019,8,24,NA,2019-08-24,236
2019,8,25,NA,2019-08-25,237
2019,8,26,NA,2019-08-26,238
2019,8,27,NA,2019-08-27,239
2019,8,28,NA,2019-08-28,240
2019,8,29,NA,2019-08-29,241
2019,8,30,NA,2019-08-30,242
2019,8,31,NA,2019-08-31,243
2019,9,1,NA,2019-09-01,244
2019,9,2,NA,2019-09-02,245
2019,9,3,NA,2019-09-03,246
2019,9,4,NA,2019-09-04,247
2019,9,5,NA,2019-09-05,248
2019,9,6,NA,2019-09-06,249
2019,9,7,NA,2019-09-07,250
2019,9,8,NA,2019-09-08,251
2019,9,9,NA,2019-09-09,252
2019,9,10,NA,2019-09-10,253
2019,9,11,NA,2019-09-11,254
2019,9,12,NA,2019-09-12,255
2019,9,13,NA,2019-09-13,256
2019,9,14,NA,2019-09-14,257
2019,9,15,NA,2019-09-15,258
2019,9,16,NA,2019-09-16,259
2019,9,17,NA,2019-09-17,260
2019,9,18,NA,2019-09-18,261
2019,9,19,NA,2019-09-19,262
2019,9,20,NA,2019-09-20,263
2019,9,21,NA,2019-09-21,264
2019,9,22,NA,2019-09-22,265
2019,9,23,NA,2019-09-23,266
2019,9,24,NA,2019-09-24,267
2019,9,25,NA,2019-09-25,268
2019,9,26,NA,2019-09-26,269
2019,9,27,NA,2019-09-27,270
2019,9,28,NA,2019-09-28,271
2019,9,29,NA,2019-09-29,272
2019,9,30,NA,2019-09-30,273
2019,10,1,NA,2019-10-01,274
2019,10,2,NA,2019-10-02,275
2019,10,3,NA,2019-10-03,276
2019,10,4,NA,2019-10-04,277
2019,10,5,NA,2019-10-05,278
2019,10,6,NA,2019-10-06,279
2019,10,7,NA,2019-10-07,280
2019,10,8,NA,2019-10-08,281
2019,10,9,NA,2019-10-09,282
2019,10,10,NA,2019-10-10,283
2019,10,11,NA,2019-10-11,284
2019,10,12,NA,2019-10-12,285
2019,10,13,NA,2019-10-13,286
2019,10,14,NA,2019-10-14,287
2019,10,15,NA,2019-10-15,288
2019,10,16,NA,2019-10-16,289
2019,10,17,NA,2019-10-17,290
2019,10,18,NA,2019-10-18,291
2019,10,19,NA,2019-10-19,292
2019,10,20,NA,2019-10-20,293
2019,10,21,NA,2019-10-21,294
2019,10,22,NA,2019-10-22,295
2019,10,23,NA,2019-10-23,296
2019,10,24,NA,2019-10-24,297
2019,10,25,NA,2019-10-25,298
2019,10,26,NA,2019-10-26,299
2019,10,27,NA,2019-10-27,300
2019,10,28,NA,2019-10-28,301
2019,10,29,NA,2019-10-29,302
2019,10,30,NA,2019-10-30,303
2019,10,31,NA,2019-10-31,304
2019,11,1,NA,2019-11-01,305
2019,11,2,NA,2019-11-02,306
2019,11,3,NA,2019-11-03,307
2019,11,4,NA,2019-11-04,308
2019,11,5,NA,2019-11-05,309
2019,11,6,NA,2019-11-06,310
2019,11,7,NA,2019-11-07,311
2019,11,8,NA,2019-11-08,312
2019,11,9,NA,2019-11-09,313
2019,11,10,NA,2019-11-10,314
2019,11,11,NA,2019-11-11,315
2019,11,12,NA,2019-11-12,316
2019,11,13,NA,2019-11-13,317
2019,11,14,NA,2019-11-14,318
2019,11,15,NA,2019-11-15,319
2019,11,16,NA,2019-11-16,320
2019,11,17,NA,2019-11-17,321
2019,11,18,NA,2019-11-18,322
2019,11,19,NA,2019-11-19,323
2019,11,20,NA,2019-11-20,324
2019,11,21,NA,2019-11-21,325
2019,11,22,NA,2019-11-22,326
2019,11,23,NA,2019-11-23,327
2019,11,24,NA,2019-11-24,328
2019,11,25,NA,2019-11-25,329
2019,11,26,NA,2019-11-26,330
2019,11,27,NA,2019-11-27,331
2019,11,28,NA,2019-11-28,332
2019,11,29,NA,2019-11-29,333
2019,11,30,NA,2019-11-30,334
2019,12,1,NA,2019-12-01,335
2019,12,2,NA,2019-12-02,336
2019,12,3,NA,2019-12-03,337
2019,12,4,NA,2019-12-04,338
2019,12,5,NA,2019-12-05,339
2019,12,6,NA,2019-12-06,340
2019,12,7,NA,2019-12-07,341
2019,12,8,NA,2019-12-08,342
2019,12,9,NA,2019-12-09,343
2019,12,10,NA,2019-12-10,344
2019,12,11,NA,2019-12-11,345
2019,12,12,NA,2019-12-12,346
2019,12,13,NA,2019-12-13,347
2019,12,14,NA,2019-12-14,348
2019,12,15,NA,2019-12-15,349
2019,12,16,NA,2019-12-16,350
2019,12,17,NA,2019-12-17,351
2019,12,18,NA,2019-12-18,352
2019,12,19,NA,2019-12-19,353
2019,12,20,NA,2019-12-20,354
2019,12,21,NA,2019-12-21,355
2019,12,22,NA,2019-12-22,356
2019,12,23,NA,2019-12-23,357
2019,12,24,NA,2019-12-24,358
2019,12,25,NA,2019-12-25,359
2019,12,26,NA,2019-12-26,360
2019,12,27,NA,2019-12-27,361
2019,12,28,NA,2019-12-28,362
2019,12,29,NA,2019-12-29,363
2019,12,30,NA,2019-12-30,364
2019,12,31,NA,2019-12-31,365
