date,year,doy,pet_mm
2012-01-01,2012,1,1.6764
2012-01-02,2012,2,1.2446
2012-01-03,2012,3,1.2192
2012-01-04,2012,4,1.524
2012-01-05,2012,5,3.302
2012-01-06,2012,6,1.6764
2012-01-07,2012,7,0.9144
2012-01-08,2012,8,0.4318
2012-01-09,2012,9,2.8194
2012-01-10,2012,10,2.0574
2012-01-11,2012,11,1.397
2012-01-12,2012,12,0.5588
2012-01-13,2012,13,0.635
2012-01-14,2012,14,0.3556
2012-01-15,2012,15,2.2098
2012-01-16,2012,16,1.778
2012-01-17,2012,17,0.889
2012-01-18,2012,18,1.4478
2012-01-19,2012,19,0.7874
2012-01-20,2012,20,0.2286
2012-01-21,2012,21,0.9398
2012-01-22,2012,22,0.6858
2012-01-23,2012,23,0.508
2012-01-24,2012,24,0.254
2012-01-25,2012,25,0.4826
2012-01-26,2012,26,0.635
2012-01-27,2012,27,0.8382
2012-01-28,2012,28,2.3622
2012-01-29,2012,29,1.5494
2012-01-30,2012,30,3.7084
2012-01-31,2012,31,2.2352
2012-02-01,2012,32,0.9652
2012-02-02,2012,33,1.016
2012-02-03,2012,34,0
2012-02-04,2012,35,0.1016
2012-02-05,2012,36,0.0508
2012-02-06,2012,37,0.3302
2012-02-07,2012,38,0.381
2012-02-08,2012,39,0.7366
2012-02-09,2012,40,0.5588
2012-02-10,2012,41,1.4986
2012-02-11,2012,42,2.1336
2012-02-12,2012,43,1.6256
2012-02-13,2012,44,0.4318
2012-02-14,2012,45,0.889
2012-02-15,2012,46,1.143
2012-02-16,2012,47,1.8796
2012-02-17,2012,48,2.3368
2012-02-18,2012,49,1.6002
2012-02-19,2012,50,1.778
2012-02-20,2012,51,2.7178
2012-02-21,2012,52,1.6256
2012-02-22,2012,53,1.651
2012-02-23,2012,54,0.2032
2012-02-24,2012,55,1.1684
2012-02-25,2012,56,1.3462
2012-02-26,2012,57,2.8956
2012-02-27,2012,58,1.6764
2012-02-28,2012,59,1.2192
2012-02-29,2012,60,0.8636
2012-03-01,2012,61,1.143
2012-03-02,2012,62,1.8034
2012-03-03,2012,63,1.905
2012-03-04,2012,64,0.3302
2012-03-05,2012,65,2.3876
2012-03-06,2012,66,6.3754
2012-03-07,2012,67,2.8448
2012-03-08,2012,68,3.81
2012-03-09,2012,69,3.937
2012-03-10,2012,70,8.1026
2012-03-11,2012,71,2.8448
2012-03-12,2012,72,2.7686
2012-03-13,2012,73,5.0546
2012-03-14,2012,74,4.826
2012-03-15,2012,75,4.0132
2012-03-16,2012,76,4.8514
2012-03-17,2012,77,4.1656
2012-03-18,2012,78,4.6482
2012-03-19,2012,79,3.4036
2012-03-20,2012,80,1.016
2012-03-21,2012,81,1.0668
2012-03-22,2012,82,0.6604
2012-03-23,2012,83,3.0734
2012-03-24,2012,84,3.5306
2012-03-25,2012,85,3.8862
2012-03-26,2012,86,4.5974
2012-03-27,2012,87,8.5344
2012-03-28,2012,88,5.6388
2012-03-29,2012,89,5.0292
2012-03-30,2012,90,1.7018
2012-03-31,2012,91,2.286
2012-04-01,2012,92,5.2832
2012-04-02,2012,93,6.4262
2012-04-03,2012,94,5.0292
2012-04-04,2012,95,6.5278
2012-04-05,2012,96,6.6548
2012-04-06,2012,97,6.3754
2012-04-07,2012,98,4.4958
2012-04-08,2012,99,8.4074
2012-04-09,2012,100,8.2804
2012-04-10,2012,101,6.6294
2012-04-11,2012,102,4.9784
2012-04-12,2012,103,4.3434
2012-04-13,2012,104,0.7112
2012-04-14,2012,105,0.7874
2012-04-15,2012,106,4.8514
2012-04-16,2012,107,3.3782
2012-04-17,2012,108,4.699
2012-04-18,2012,109,4.4704
2012-04-19,2012,110,1.1176
2012-04-20,2012,111,4.5466
2012-04-21,2012,112,1.905
2012-04-22,2012,113,2.3368
2012-04-23,2012,114,5.3594
2012-04-24,2012,115,7.0612
2012-04-25,2012,116,7.3914
2012-04-26,2012,117,7.6454
2012-04-27,2012,118,5.969
2012-04-28,2012,119,0.7112
2012-04-29,2012,120,0.3556
2012-04-30,2012,121,2.5146
2012-05-01,2012,122,4.4958
2012-05-02,2012,123,2.4892
2012-05-03,2012,124,4.9022
2012-05-04,2012,125,5.1816
2012-05-05,2012,126,5.5626
2012-05-06,2012,127,3.5306
2012-05-07,2012,128,6.223
2012-05-08,2012,129,5.4864
2012-05-09,2012,130,5.1562
2012-05-10,2012,131,7.8232
2012-05-11,2012,132,7.9756
2012-05-12,2012,133,6.6802
2012-05-13,2012,134,6.6802
2012-05-14,2012,135,9.0424
2012-05-15,2012,136,12.7762
2012-05-16,2012,137,7.7216
2012-05-17,2012,138,10.2616
2012-05-18,2012,139,11.049
2012-05-19,2012,140,7.7978
2012-05-20,2012,141,6.4262
2012-05-21,2012,142,7.0866
2012-05-22,2012,143,9.6774
2012-05-23,2012,144,10.8458
2012-05-24,2012,145,4.9276
2012-05-25,2012,146,1.8034
2012-05-26,2012,147,5.3594
2012-05-27,2012,148,9.8044
2012-05-28,2012,149,8.9916
2012-05-29,2012,150,10.033
2012-05-30,2012,151,5.7658
2012-05-31,2012,152,0.9906
2012-06-01,2012,153,5.7912
2012-06-02,2012,154,6.4008
2012-06-03,2012,155,5.8166
2012-06-04,2012,156,7.8486
2012-06-05,2012,157,6.4008
2012-06-06,2012,158,5.969
2012-06-07,2012,159,4.572
2012-06-08,2012,160,9.0424
2012-06-09,2012,161,9.5504
2012-06-10,2012,162,9.0424
2012-06-11,2012,163,8.3566
2012-06-12,2012,164,7.5692
2012-06-13,2012,165,7.3152
2012-06-14,2012,166,9.8298
2012-06-15,2012,167,3.7592
2012-06-16,2012,168,3.7084
2012-06-17,2012,169,7.5692
2012-06-18,2012,170,10.2108
2012-06-19,2012,171,9.8806
2012-06-20,2012,172,5.9182
2012-06-21,2012,173,5.3848
2012-06-22,2012,174,6.223
2012-06-23,2012,175,2.9718
2012-06-24,2012,176,6.223
2012-06-25,2012,177,7.0866
2012-06-26,2012,178,8.3058
2012-06-27,2012,179,10.8458
2012-06-28,2012,180,4.572
2012-06-29,2012,181,2.9718
2012-06-30,2012,182,5.588
2012-07-01,2012,183,6.7818
2012-07-02,2012,184,7.0866
2012-07-03,2012,185,7.874
2012-07-04,2012,186,8.0518
2012-07-05,2012,187,5.6388
2012-07-06,2012,188,7.239
2012-07-07,2012,189,6.4262
2012-07-08,2012,190,5.8928
2012-07-09,2012,191,5.5118
2012-07-10,2012,192,7.1882
2012-07-11,2012,193,7.1882
2012-07-12,2012,194,6.5532
2012-07-13,2012,195,3.7338
2012-07-14,2012,196,4.826
2012-07-15,2012,197,6.2992
2012-07-16,2012,198,6.985
2012-07-17,2012,199,6.4262
2012-07-18,2012,200,6.5278
2012-07-19,2012,201,6.9088
2012-07-20,2012,202,5.8928
2012-07-21,2012,203,4.2926
2012-07-22,2012,204,7.62
2012-07-23,2012,205,7.0866
2012-07-24,2012,206,7.9502
2012-07-25,2012,207,9.6774
2012-07-26,2012,208,7.62
2012-07-27,2012,209,5.9944
2012-07-28,2012,210,0.8128
2012-07-29,2012,211,5.7658
2012-07-30,2012,212,6.2738
2012-07-31,2012,213,6.2992
2012-08-01,2012,214,6.6802
2012-08-02,2012,215,6.3246
2012-08-03,2012,216,6.858
2012-08-04,2012,217,4.0894
2012-08-05,2012,218,6.2992
2012-08-06,2012,219,6.477
2012-08-07,2012,220,5.207
2012-08-08,2012,221,3.0734
2012-08-09,2012,222,5.3594
2012-08-10,2012,223,4.2926
2012-08-11,2012,224,4.572
2012-08-12,2012,225,1.1938
2012-08-13,2012,226,5.207
2012-08-14,2012,227,5.8166
2012-08-15,2012,228,6.5278
2012-08-16,2012,229,5.0546
2012-08-17,2012,230,5.4864
2012-08-18,2012,231,2.8448
2012-08-19,2012,232,3.683
2012-08-20,2012,233,4.6736
2012-08-21,2012,234,5.5626
2012-08-22,2012,235,6.7818
2012-08-23,2012,236,7.4422
2012-08-24,2012,237,6.3754
2012-08-25,2012,238,0.7112
2012-08-26,2012,239,3.6576
2012-08-27,2012,240,4.8006
2012-08-28,2012,241,5.588
2012-08-29,2012,242,7.0104
2012-08-30,2012,243,8.1788
2012-08-31,2012,244,4.4196
2012-09-01,2012,245,4.5974
2012-09-02,2012,246,4.826
2012-09-03,2012,247,0.9144
2012-09-04,2012,248,5.4356
2012-09-05,2012,249,6.0198
2012-09-06,2012,250,5.969
2012-09-07,2012,251,3.7592
2012-09-08,2012,252,7.0358
2012-09-09,2012,253,4.7244
2012-09-10,2012,254,6.4516
2012-09-11,2012,255,8.4582
2012-09-12,2012,256,3.7338
2012-09-13,2012,257,1.524
2012-09-14,2012,258,5.4102
2012-09-15,2012,259,5.4102
2012-09-16,2012,260,3.6322
2012-09-17,2012,261,3.0226
2012-09-18,2012,262,4.445
2012-09-19,2012,263,8.0772
2012-09-20,2012,264,5.3086
2012-09-21,2012,265,4.2164
2012-09-22,2012,266,4.8768
2012-09-23,2012,267,4.191
2012-09-24,2012,268,5.3086
2012-09-25,2012,269,4.7244
2012-09-26,2012,270,5.1308
2012-09-27,2012,271,3.9878
2012-09-28,2012,272,3.4036
2012-09-29,2012,273,4.6482
2012-09-30,2012,274,5.1562
2012-10-01,2012,275,5.5118
2012-10-02,2012,276,4.3688
2012-10-03,2012,277,4.7752
2012-10-04,2012,278,4.2164
2012-10-05,2012,279,2.8702
2012-10-06,2012,280,1.9558
2012-10-07,2012,281,3.5814
2012-10-08,2012,282,6.1468
2012-10-09,2012,283,2.032
2012-10-10,2012,284,4.0132
2012-10-11,2012,285,4.6228
2012-10-12,2012,286,4.3434
2012-10-13,2012,287,1.4732
2012-10-14,2012,288,2.413
2012-10-15,2012,289,3.2512
2012-10-16,2012,290,3.7592
2012-10-17,2012,291,3.7846
2012-10-18,2012,292,1.7272
2012-10-19,2012,293,0.3048
2012-10-20,2012,294,1.0922
2012-10-21,2012,295,3.5814
2012-10-22,2012,296,1.651
2012-10-23,2012,297,0.9652
2012-10-24,2012,298,1.3716
2012-10-25,2012,299,1.2446
2012-10-26,2012,300,1.3208
2012-10-27,2012,301,1.2446
2012-10-28,2012,302,1.6002
2012-10-29,2012,303,2.3622
2012-10-30,2012,304,1.8288
2012-10-31,2012,305,2.3876
2012-11-01,2012,306,2.5908
2012-11-02,2012,307,1.778
2012-11-03,2012,308,1.524
2012-11-04,2012,309,0.8128
2012-11-05,2012,310,0.3302
2012-11-06,2012,311,1.3462
2012-11-07,2012,312,0.9906
2012-11-08,2012,313,2.413
2012-11-09,2012,314,1.4224
2012-11-10,2012,315,3.9878
2012-11-11,2012,316,3.2766
2012-11-12,2012,317,1.3208
2012-11-13,2012,318,2.0066
2012-11-14,2012,319,2.5654
2012-11-15,2012,320,1.9304
2012-11-16,2012,321,1.6764
2012-11-17,2012,322,2.8448
2012-11-18,2012,323,3.0734
2012-11-19,2012,324,1.3716
2012-11-20,2012,325,1.4478
2012-11-21,2012,326,4.191
2012-11-22,2012,327,3.7338
2012-11-23,2012,328,2.159
2012-11-24,2012,329,0.8382
2012-11-25,2012,330,1.0414
2012-11-26,2012,331,0.9906
2012-11-27,2012,332,1.2446
2012-11-28,2012,333,1.2192
2012-11-29,2012,334,1.143
2012-11-30,2012,335,0.6604
2012-12-01,2012,336,0.3556
2012-12-02,2012,337,0.762
2012-12-03,2012,338,2.2098
2012-12-04,2012,339,2.5654
2012-12-05,2012,340,2.3368
2012-12-06,2012,341,1.2954
2012-12-07,2012,342,1.143
2012-12-08,2012,343,0.508
2012-12-09,2012,344,0.5842
2012-12-10,2012,345,0.6096
2012-12-11,2012,346,1.0922
2012-12-12,2012,347,3.0734
2012-12-13,2012,348,2.7686
2012-12-14,2012,349,1.4986
2012-12-15,2012,350,0.0254
2012-12-16,2012,351,0.2286
2012-12-17,2012,352,0.1016
2012-12-18,2012,353,0
2012-12-19,2012,354,0.127
2012-12-20,2012,355,0.5334
2012-12-21,2012,356,0.3302
2012-12-22,2012,357,0.508
2012-12-23,2012,358,0.3048
2012-12-24,2012,359,0.5334
2012-12-25,2012,360,0.4572
2012-12-26,2012,361,0.3556
2012-12-27,2012,362,0.2032
2012-12-28,2012,363,0.0762
2012-12-29,2012,364,0.2032
2012-12-30,2012,365,0.9398
2012-12-31,2012,366,0.6604
2013-01-01,2013,1,0.3302
2013-01-02,2013,2,0.8128
2013-01-03,2013,3,0.6858
2013-01-04,2013,4,0.9652
2013-01-05,2013,5,0.7366
2013-01-06,2013,6,0.4572
2013-01-07,2013,7,0.7874
2013-01-08,2013,8,0.4064
2013-01-09,2013,9,0.4318
2013-01-10,2013,10,0.2286
2013-01-11,2013,11,0.2794
2013-01-12,2013,12,2.1844
2013-01-13,2013,13,0.5588
2013-01-14,2013,14,0.7112
2013-01-15,2013,15,0.9144
2013-01-16,2013,16,1.4224
2013-01-17,2013,17,0.8128
2013-01-18,2013,18,1.8542
2013-01-19,2013,19,2.2352
2013-01-20,2013,20,0.6604
2013-01-21,2013,21,0.6604
2013-01-22,2013,22,0.4826
2013-01-23,2013,23,1.1938
2013-01-24,2013,24,1.0668
2013-01-25,2013,25,1.8034
2013-01-26,2013,26,1.6002
2013-01-27,2013,27,0.254
2013-01-28,2013,28,0.1778
2013-01-29,2013,29,0.3556
2013-01-30,2013,30,0.8382
2013-01-31,2013,31,0.6096
2013-02-01,2013,32,1.016
2013-02-02,2013,33,0.889
2013-02-03,2013,34,1.0668
2013-02-04,2013,35,0.4064
2013-02-05,2013,36,0.762
2013-02-06,2013,37,0.3556
2013-02-07,2013,38,0.0508
2013-02-08,2013,39,0.1016
2013-02-09,2013,40,0.1778
2013-02-10,2013,41,0.3556
2013-02-11,2013,42,0.5588
2013-02-12,2013,43,1.4732
2013-02-13,2013,44,1.524
2013-02-14,2013,45,0.9144
2013-02-15,2013,46,1.27
2013-02-16,2013,47,1.2192
2013-02-17,2013,48,1.905
2013-02-18,2013,49,1.1684
2013-02-19,2013,50,1.27
2013-02-20,2013,51,1.0668
2013-02-21,2013,52,0.6096
2013-02-22,2013,53,0.7366
2013-02-23,2013,54,1.016
2013-02-24,2013,55,1.016
2013-02-25,2013,56,0.7874
2013-02-26,2013,57,0.2794
2013-02-27,2013,58,0.635
2013-02-28,2013,59,0.7366
2013-03-01,2013,60,0.7874
2013-03-02,2013,61,1.1684
2013-03-03,2013,62,1.1938
2013-03-04,2013,63,0.4826
2013-03-05,2013,64,0.7366
2013-03-06,2013,65,0.7874
2013-03-07,2013,66,1.0414
2013-03-08,2013,67,1.2446
2013-03-09,2013,68,0.0508
2013-03-10,2013,69,0.0254
2013-03-11,2013,70,0.9398
2013-03-12,2013,71,1.2446
2013-03-13,2013,72,1.3716
2013-03-14,2013,73,1.651
2013-03-15,2013,74,1.1176
2013-03-16,2013,75,0.9906
2013-03-17,2013,76,1.9558
2013-03-18,2013,77,1.397
2013-03-19,2013,78,2.3876
2013-03-20,2013,79,1.905
2013-03-21,2013,80,1.778
2013-03-22,2013,81,1.6002
2013-03-23,2013,82,1.4732
2013-03-24,2013,83,0.381
2013-03-25,2013,84,1.9304
2013-03-26,2013,85,1.8542
2013-03-27,2013,86,2.2606
2013-03-28,2013,87,2.6416
2013-03-29,2013,88,3.429
2013-03-30,2013,89,1.2446
2013-03-31,2013,90,3.2258
2013-04-01,2013,91,2.8448
2013-04-02,2013,92,2.9718
2013-04-03,2013,93,3.2004
2013-04-04,2013,94,4.8768
2013-04-05,2013,95,4.8768
2013-04-06,2013,96,3.9878
2013-04-07,2013,97,3.302
2013-04-08,2013,98,4.445
2013-04-09,2013,99,0.8636
2013-04-10,2013,100,0.6604
2013-04-11,2013,101,0.7874
2013-04-12,2013,102,0.8382
2013-04-13,2013,103,3.2766
2013-04-14,2013,104,1.651
2013-04-15,2013,105,1.4478
2013-04-16,2013,106,3.1242
2013-04-17,2013,107,0.0508
2013-04-18,2013,108,0.7366
2013-04-19,2013,109,2.1844
2013-04-20,2013,110,3.2766
2013-04-21,2013,111,5.1562
2013-04-22,2013,112,1.9558
2013-04-23,2013,113,1.651
2013-04-24,2013,114,5.0038
2013-04-25,2013,115,5.6642
2013-04-26,2013,116,6.2484
2013-04-27,2013,117,5.1562
2013-04-28,2013,118,6.0706
2013-04-29,2013,119,5.5118
2013-04-30,2013,120,8.6614
2013-05-01,2013,121,1.7526
2013-05-02,2013,122,1.3462
2013-05-03,2013,123,1.143
2013-05-04,2013,124,0.8636
2013-05-05,2013,125,2.1336
2013-05-06,2013,126,5.08
2013-05-07,2013,127,5.4864
2013-05-08,2013,128,4.1656
2013-05-09,2013,129,2.032
2013-05-10,2013,130,4.191
2013-05-11,2013,131,7.6708
2013-05-12,2013,132,6.7564
2013-05-13,2013,133,7.8486
2013-05-14,2013,134,12.8016
2013-05-15,2013,135,8.8392
2013-05-16,2013,136,6.7818
2013-05-17,2013,137,5.4102
2013-05-18,2013,138,6.9088
2013-05-19,2013,139,7.7978
2013-05-20,2013,140,6.6294
2013-05-21,2013,141,4.1656
2013-05-22,2013,142,2.5146
2013-05-23,2013,143,6.9596
2013-05-24,2013,144,7.62
2013-05-25,2013,145,0.9652
2013-05-26,2013,146,1.3208
2013-05-27,2013,147,2.8956
2013-05-28,2013,148,4.1656
2013-05-29,2013,149,1.5748
2013-05-30,2013,150,2.3114
2013-05-31,2013,151,5.9182
2013-06-01,2013,152,3.048
2013-06-02,2013,153,5.6388
2013-06-03,2013,154,7.1882
2013-06-04,2013,155,1.8542
2013-06-05,2013,156,2.3114
2013-06-06,2013,157,4.2926
2013-06-07,2013,158,3.6322
2013-06-08,2013,159,2.3114
2013-06-09,2013,160,2.5908
2013-06-10,2013,161,4.0132
2013-06-11,2013,162,5.6642
2013-06-12,2013,163,6.8834
2013-06-13,2013,164,8.3566
2013-06-14,2013,165,2.413
2013-06-15,2013,166,2.7432
2013-06-16,2013,167,7.4422
2013-06-17,2013,168,8.4836
2013-06-18,2013,169,6.6294
2013-06-19,2013,170,7.2644
2013-06-20,2013,171,8.1788
2013-06-21,2013,172,4.699
2013-06-22,2013,173,7.5438
2013-06-23,2013,174,2.921
2013-06-24,2013,175,1.8288
2013-06-25,2013,176,4.4704
2013-06-26,2013,177,6.2992
2013-06-27,2013,178,5.0292
2013-06-28,2013,179,10.0076
2013-06-29,2013,180,4.2672
2013-06-30,2013,181,7.4168
2013-07-01,2013,182,8.0264
2013-07-02,2013,183,6.9088
2013-07-03,2013,184,6.8326
2013-07-04,2013,185,7.7978
2013-07-05,2013,186,8.2042
2013-07-06,2013,187,8.7884
2013-07-07,2013,188,7.493
2013-07-08,2013,189,4.7752
2013-07-09,2013,190,5.3086
2013-07-10,2013,191,7.493
2013-07-11,2013,192,7.0866
2013-07-12,2013,193,8.0264
2013-07-13,2013,194,4.0894
2013-07-14,2013,195,7.1374
2013-07-15,2013,196,6.096
2013-07-16,2013,197,6.8072
2013-07-17,2013,198,6.8072
2013-07-18,2013,199,7.7724
2013-07-19,2013,200,7.8486
2013-07-20,2013,201,5.9944
2013-07-21,2013,202,4.3688
2013-07-22,2013,203,6.9596
2013-07-23,2013,204,4.9784
2013-07-24,2013,205,5.2578
2013-07-25,2013,206,5.9944
2013-07-26,2013,207,5.4864
2013-07-27,2013,208,5.8928
2013-07-28,2013,209,6.7818
2013-07-29,2013,210,4.0894
2013-07-30,2013,211,1.0414
2013-07-31,2013,212,4.572
2013-08-01,2013,213,5.5118
2013-08-02,2013,214,3.5814
2013-08-03,2013,215,5.334
2013-08-04,2013,216,6.0198
2013-08-05,2013,217,3.4798
2013-08-06,2013,218,5.334
2013-08-07,2013,219,5.2578
2013-08-08,2013,220,4.1148
2013-08-09,2013,221,4.4958
2013-08-10,2013,222,4.7498
2013-08-11,2013,223,4.5974
2013-08-12,2013,224,5.334
2013-08-13,2013,225,4.8514
2013-08-14,2013,226,4.191
2013-08-15,2013,227,3.7592
2013-08-16,2013,228,4.8006
2013-08-17,2013,229,5.2578
2013-08-18,2013,230,5.2832
2013-08-19,2013,231,4.2926
2013-08-20,2013,232,5.5372
2013-08-21,2013,233,5.2324
2013-08-22,2013,234,3.6068
2013-08-23,2013,235,4.3942
2013-08-24,2013,236,4.1148
2013-08-25,2013,237,5.969
2013-08-26,2013,238,6.5532
2013-08-27,2013,239,6.9596
2013-08-28,2013,240,5.8674
2013-08-29,2013,241,5.4102
2013-08-30,2013,242,5.8166
2013-08-31,2013,243,5.08
2013-09-01,2013,244,5.461
2013-09-02,2013,245,5.2324
2013-09-03,2013,246,4.2926
2013-09-04,2013,247,4.826
2013-09-05,2013,248,4.3688
2013-09-06,2013,249,5.7912
2013-09-07,2013,250,3.556
2013-09-08,2013,251,2.5654
2013-09-09,2013,252,7.8994
2013-09-10,2013,253,7.0866
2013-09-11,2013,254,3.5814
2013-09-12,2013,255,6.3754
2013-09-13,2013,256,4.0894
2013-09-14,2013,257,5.207
2013-09-15,2013,258,2.4638
2013-09-16,2013,259,1.9812
2013-09-17,2013,260,0.3556
2013-09-18,2013,261,5.0546
2013-09-19,2013,262,2.0574
2013-09-20,2013,263,2.9464
2013-09-21,2013,264,3.9878
2013-09-22,2013,265,4.6482
2013-09-23,2013,266,5.08
2013-09-24,2013,267,2.54
2013-09-25,2013,268,3.6068
2013-09-26,2013,269,4.9784
2013-09-27,2013,270,5.6388
2013-09-28,2013,271,1.4478
2013-09-29,2013,272,4.5974
2013-09-30,2013,273,4.6228
2013-10-01,2013,274,5.0546
2013-10-02,2013,275,4.445
2013-10-03,2013,276,2.5908
2013-10-04,2013,277,1.4986
2013-10-05,2013,278,3.7592
2013-10-06,2013,279,0.8128
2013-10-07,2013,280,4.5212
2013-10-08,2013,281,5.8928
2013-10-09,2013,282,4.445
2013-10-10,2013,283,4.5466
2013-10-11,2013,284,3.302
2013-10-12,2013,285,5.1308
2013-10-13,2013,286,2.921
2013-10-14,2013,287,3.9624
2013-10-15,2013,288,1.1176
2013-10-16,2013,289,0.7874
2013-10-17,2013,290,2.921
2013-10-18,2013,291,2.413
2013-10-19,2013,292,2.1336
2013-10-20,2013,293,2.5908
2013-10-21,2013,294,2.1844
2013-10-22,2013,295,0.8636
2013-10-23,2013,296,0.9906
2013-10-24,2013,297,1.8288
2013-10-25,2013,298,3.683
2013-10-26,2013,299,2.9464
2013-10-27,2013,300,3.5306
2013-10-28,2013,301,2.2098
2013-10-29,2013,302,1.5748
2013-10-30,2013,303,1.651
2013-10-31,2013,304,0.6096
2013-11-01,2013,305,1.7272
2013-11-02,2013,306,1.9304
2013-11-03,2013,307,3.302
2013-11-04,2013,308,1.1176
2013-11-05,2013,309,0.127
2013-11-06,2013,310,1.3716
2013-11-07,2013,311,1.4224
2013-11-08,2013,312,2.7686
2013-11-09,2013,313,2.667
2013-11-10,2013,314,1.1938
2013-11-11,2013,315,1.5494
2013-11-12,2013,316,0.9906
2013-11-13,2013,317,3.6322
2013-11-14,2013,318,2.2352
2013-11-15,2013,319,1.6002
2013-11-16,2013,320,1.651
2013-11-17,2013,321,0.5588
2013-11-18,2013,322,1.1938
2013-11-19,2013,323,2.54
2013-11-20,2013,324,1.2192
2013-11-21,2013,325,0.1778
2013-11-22,2013,326,0.4318
2013-11-23,2013,327,0.6604
2013-11-24,2013,328,0.8636
2013-11-25,2013,329,1.1176
2013-11-26,2013,330,1.1176
2013-11-27,2013,331,0.508
2013-11-28,2013,332,0.7874
2013-11-29,2013,333,0.6858
2013-11-30,2013,334,1.3462
2013-12-01,2013,335,0.5334
2013-12-02,2013,336,0.3556
2013-12-03,2013,337,0.0762
2013-12-04,2013,338,0.3048
2013-12-05,2013,339,0.4318
2013-12-06,2013,340,0.4318
2013-12-07,2013,341,0.3302
2013-12-08,2013,342,0.2032
2013-12-09,2013,343,0.5842
2013-12-10,2013,344,0.7366
2013-12-11,2013,345,0.5842
2013-12-12,2013,346,0.7366
2013-12-13,2013,347,0.2286
2013-12-14,2013,348,0.254
2013-12-15,2013,349,0.2286
2013-12-16,2013,350,0.2794
2013-12-17,2013,351,1.0414
2013-12-18,2013,352,0.9652
2013-12-19,2013,353,0.1524
2013-12-20,2013,354,0.0254
2013-12-21,2013,355,0
2013-12-22,2013,356,0.5588
2013-12-23,2013,357,0.5334
2013-12-24,2013,358,0.635
2013-12-25,2013,359,0.4318
2013-12-26,2013,360,0.4318
2013-12-27,2013,361,0.8382
2013-12-28,2013,362,1.0922
2013-12-29,2013,363,1.5748
2013-12-30,2013,364,0.2032
2013-12-31,2013,365,0.1524
2014-01-01,2014,1,0.303
2014-01-02,2014,2,0.378
2014-01-03,2014,3,0.646
2014-01-04,2014,4,0.515
2014-01-05,2014,5,0.488
2014-01-06,2014,6,0.316
2014-01-07,2014,7,0.277
2014-01-08,2014,8,0.388
2014-01-09,2014,9,0.325
2014-01-10,2014,10,0.131
2014-01-11,2014,11,0.432
2014-01-12,2014,12,1.08
2014-01-13,2014,13,1.216
2014-01-14,2014,14,0.906
2014-01-15,2014,15,1.042
2014-01-16,2014,16,1.088
2014-01-17,2014,17,0.695
2014-01-18,2014,18,0.418
2014-01-19,2014,19,2.242
2014-01-20,2014,20,0.813
2014-01-21,2014,21,0.369
2014-01-22,2014,22,0.64
2014-01-23,2014,23,0.481
2014-01-24,2014,24,1.575
2014-01-25,2014,25,1.473
2014-01-26,2014,26,1.583
2014-01-27,2014,27,0.571
2014-01-28,2014,28,0.868
2014-01-29,2014,29,2.359
2014-01-30,2014,30,1.386
2014-01-31,2014,31,0.637
2014-02-01,2014,32,0.625
2014-02-02,2014,33,0.662
2014-02-03,2014,34,1.028
2014-02-04,2014,35,0.315
2014-02-05,2014,36,0.526
2014-02-06,2014,37,0.544
2014-02-07,2014,38,0.712
2014-02-08,2014,39,0.499
2014-02-09,2014,40,0.525
2014-02-10,2014,41,0.509
2014-02-11,2014,42,0.637
2014-02-12,2014,43,0.868
2014-02-13,2014,44,1.596
2014-02-14,2014,45,0.685
2014-02-15,2014,46,0.568
2014-02-16,2014,47,0.931
2014-02-17,2014,48,1.448
2014-02-18,2014,49,2.266
2014-02-19,2014,50,1.751
2014-02-20,2014,51,0.217
2014-02-21,2014,52,1.429
2014-02-22,2014,53,1.305
2014-02-23,2014,54,1.1
2014-02-24,2014,55,0.786
2014-02-25,2014,56,0.726
2014-02-26,2014,57,0.958
2014-02-27,2014,58,0.744
2014-02-28,2014,59,1.079
2014-03-01,2014,60,0.405
2014-03-02,2014,61,0.571
2014-03-03,2014,62,0.835
2014-03-04,2014,63,1.338
2014-03-05,2014,64,0.811
2014-03-06,2014,65,1.046
2014-03-07,2014,66,1.014
2014-03-08,2014,67,1.213
2014-03-09,2014,68,2.231
2014-03-10,2014,69,2.659
2014-03-11,2014,70,1.091
2014-03-12,2014,71,1.55
2014-03-13,2014,72,3.576
2014-03-14,2014,73,2.987
2014-03-15,2014,74,1.838
2014-03-16,2014,75,1.544
2014-03-17,2014,76,2.505
2014-03-18,2014,77,1.472
2014-03-19,2014,78,1.328
2014-03-20,2014,79,3.137
2014-03-21,2014,80,3.447
2014-03-22,2014,81,1.902
2014-03-23,2014,82,2.147
2014-03-24,2014,83,1.571
2014-03-25,2014,84,2.167
2014-03-26,2014,85,4.595
2014-03-27,2014,86,0.167
2014-03-28,2014,87,0.822
2014-03-29,2014,88,3.091
2014-03-30,2014,89,5.685
2014-03-31,2014,90,5.308
2014-04-01,2014,91,2.514
2014-04-02,2014,92,2.602
2014-04-03,2014,93,0.39
2014-04-04,2014,94,20.67
2014-04-05,2014,95,0
2014-04-06,2014,96,0
2014-04-07,2014,97,0
2014-04-08,2014,98,0
2014-04-09,2014,99,0
2014-04-10,2014,100,0
2014-04-11,2014,101,0
2014-04-12,2014,102,0
2014-04-13,2014,103,4.844
2014-04-14,2014,104,0
2014-04-15,2014,105,0
2014-04-16,2014,106,0
2014-04-17,2014,107,0
2014-04-18,2014,108,0
2014-04-19,2014,109,0
2014-04-20,2014,110,0
2014-04-21,2014,111,0
2014-04-22,2014,112,0
2014-04-23,2014,113,0
2014-04-24,2014,114,0
2014-04-25,2014,115,0
2014-04-26,2014,116,0
2014-04-27,2014,117,0
2014-04-28,2014,118,17.39
2014-04-29,2014,119,20.8
2014-04-30,2014,120,0
2014-05-01,2014,121,0
2014-05-02,2014,122,0
2014-05-03,2014,123,0
2014-05-04,2014,124,0
2014-05-05,2014,125,0
2014-05-06,2014,126,0
2014-05-07,2014,127,0
2014-05-08,2014,128,0
2014-05-09,2014,129,0
2014-05-10,2014,130,0
2014-05-11,2014,131,0
2014-05-12,2014,132,0
2014-05-13,2014,133,0
2014-05-14,2014,134,0
2014-05-15,2014,135,0
2014-05-16,2014,136,0
2014-05-17,2014,137,6.825
2014-05-18,2014,138,9.05
2014-05-19,2014,139,4.87
2014-05-20,2014,140,0
2014-05-21,2014,141,0
2014-05-22,2014,142,0
2014-05-23,2014,143,0
2014-05-24,2014,144,0
2014-05-25,2014,145,2.794
2014-05-26,2014,146,3.836
2014-05-27,2014,147,0
2014-05-28,2014,148,0
2014-05-29,2014,149,0
2014-05-30,2014,150,0
2014-05-31,2014,151,6.283
2014-06-01,2014,152,8.62
2014-06-02,2014,153,7.888
2014-06-03,2014,154,3.68
2014-06-04,2014,155,3.778
2014-06-05,2014,156,4.002
2014-06-06,2014,157,6.849
2014-06-07,2014,158,1.964
2014-06-08,2014,159,5.598
2014-06-09,2014,160,4.373
2014-06-10,2014,161,5.705
2014-06-11,2014,162,7.019
2014-06-12,2014,163,8.05
2014-06-13,2014,164,7.939
2014-06-14,2014,165,9.07
2014-06-15,2014,166,7.901
2014-06-16,2014,167,5.284
2014-06-17,2014,168,5.6
2014-06-18,2014,169,5.369
2014-06-19,2014,170,1.885
2014-06-20,2014,171,7.501
2014-06-21,2014,172,6.633
2014-06-22,2014,173,2.338
2014-06-23,2014,174,4.751
2014-06-24,2014,175,5.963
2014-06-25,2014,176,6.826
2014-06-26,2014,177,3.116
2014-06-27,2014,178,1.914
2014-06-28,2014,179,3.712
2014-06-29,2014,180,3.383
2014-06-30,2014,181,0.797
2014-07-01,2014,182,5.364
2014-07-02,2014,183,0.974
2014-07-03,2014,184,6.24
2014-07-04,2014,185,6.778
2014-07-05,2014,186,0
2014-07-06,2014,187,5.12
2014-07-07,2014,188,5.857
2014-07-08,2014,189,7.366
2014-07-09,2014,190,6.076
2014-07-10,2014,191,7.293
2014-07-11,2014,192,0
2014-07-12,2014,193,2.97
2014-07-13,2014,194,5.767
2014-07-14,2014,195,0
2014-07-15,2014,196,0
2014-07-16,2014,197,0
2014-07-17,2014,198,6.034
2014-07-18,2014,199,5.534
2014-07-19,2014,200,5.755
2014-07-20,2014,201,6.686
2014-07-21,2014,202,6.055
2014-07-22,2014,203,5.604
2014-07-23,2014,204,6.284
2014-07-24,2014,205,3.845
2014-07-25,2014,206,4.271
2014-07-26,2014,207,3.71
2014-07-27,2014,208,0
2014-07-28,2014,209,0
2014-07-29,2014,210,5.528
2014-07-30,2014,211,5.811
2014-07-31,2014,212,5.334
2014-08-01,2014,213,5.52
2014-08-02,2014,214,5.941
2014-08-03,2014,215,5.65
2014-08-04,2014,216,4.907
2014-08-05,2014,217,1.746
2014-08-06,2014,218,0.946
2014-08-07,2014,219,1.279
2014-08-08,2014,220,4.306
2014-08-09,2014,221,4.596
2014-08-10,2014,222,3.049
2014-08-11,2014,223,5.636
2014-08-12,2014,224,5.594
2014-08-13,2014,225,5.48
2014-08-14,2014,226,4.342
2014-08-15,2014,227,0.83
2014-08-16,2014,228,2.828
2014-08-17,2014,229,4.8
2014-08-18,2014,230,5.855
2014-08-19,2014,231,5.377
2014-08-20,2014,232,1.257
2014-08-21,2014,233,3.771
2014-08-22,2014,234,3.335
2014-08-23,2014,235,3.036
2014-08-24,2014,236,5.933
2014-08-25,2014,237,5.217
2014-08-26,2014,238,3.319
2014-08-27,2014,239,2.269
2014-08-28,2014,240,1.802
2014-08-29,2014,241,3.002
2014-08-30,2014,242,3.62
2014-08-31,2014,243,3.848
2014-09-01,2014,244,3.976
2014-09-02,2014,245,4.689
2014-09-03,2014,246,4.782
2014-09-04,2014,247,6.111
2014-09-05,2014,248,2.182
2014-09-06,2014,249,4.339
2014-09-07,2014,250,5.023
2014-09-08,2014,251,1.026
2014-09-09,2014,252,1.154
2014-09-10,2014,253,1.63
2014-09-11,2014,254,1.834
2014-09-12,2014,255,1.164
2014-09-13,2014,256,3.665
2014-09-14,2014,257,3.659
2014-09-15,2014,258,1.968
2014-09-16,2014,259,3.924
2014-09-17,2014,260,3.163
2014-09-18,2014,261,4.479
2014-09-19,2014,262,4.081
2014-09-20,2014,263,4.518
2014-09-21,2014,264,4.417
2014-09-22,2014,265,3.849
2014-09-23,2014,266,3.61
2014-09-24,2014,267,1.99
2014-09-25,2014,268,3.706
2014-09-26,2014,269,4.781
2014-09-27,2014,270,4.215
2014-09-28,2014,271,3.686
2014-09-29,2014,272,3.275
2014-09-30,2014,273,1.852
2014-10-01,2014,274,1.089
2014-10-02,2014,275,0.339
2014-10-03,2014,276,2.645
2014-10-04,2014,277,3.364
2014-10-05,2014,278,3.592
2014-10-06,2014,279,3.862
2014-10-07,2014,280,5.312
2014-10-08,2014,281,4.475
2014-10-09,2014,282,3.13
2014-10-10,2014,283,2.267
2014-10-11,2014,284,2.961
2014-10-12,2014,285,1.213
2014-10-13,2014,286,0.247
2014-10-14,2014,287,2.944
2014-10-15,2014,288,3.83
2014-10-16,2014,289,4.18
2014-10-17,2014,290,3.019
2014-10-18,2014,291,1.571
2014-10-19,2014,292,3.044
2014-10-20,2014,293,3.782
2014-10-21,2014,294,2.977
2014-10-22,2014,295,2.467
2014-10-23,2014,296,1.664
2014-10-24,2014,297,0.973
2014-10-25,2014,298,3.481
2014-10-26,2014,299,4.471
2014-10-27,2014,300,1.928
2014-10-28,2014,301,3.237
2014-10-29,2014,302,2.126
2014-10-30,2014,303,2.142
2014-10-31,2014,304,1.961
2014-11-01,2014,305,2.165
2014-11-02,2014,306,4.026
2014-11-03,2014,307,1.788
2014-11-04,2014,308,2.829
2014-11-05,2014,309,2.372
2014-11-06,2014,310,1.873
2014-11-07,2014,311,2.471
2014-11-08,2014,312,2.126
2014-11-09,2014,313,1.518
2014-11-10,2014,314,1.802
2014-11-11,2014,315,0.669
2014-11-12,2014,316,0.872
2014-11-13,2014,317,0.723
2014-11-14,2014,318,0.761
2014-11-15,2014,319,0.449
2014-11-16,2014,320,0.631
2014-11-17,2014,321,0.577
2014-11-18,2014,322,0.626
2014-11-19,2014,323,0.849
2014-11-20,2014,324,0.75
2014-11-21,2014,325,0.952
2014-11-22,2014,326,0.807
2014-11-23,2014,327,0.282
2014-11-24,2014,328,0.674
2014-11-25,2014,329,1.156
2014-11-26,2014,330,0.357
2014-11-27,2014,331,0.441
2014-11-28,2014,332,0.637
2014-11-29,2014,333,0.759
2014-11-30,2014,334,0.65
2014-12-01,2014,335,0.513
2014-12-02,2014,336,1.339
2014-12-03,2014,337,1.04
2014-12-04,2014,338,0.992
2014-12-05,2014,339,0.254
2014-12-06,2014,340,0.779
2014-12-07,2014,341,0.274
2014-12-08,2014,342,0.775
2014-12-09,2014,343,0.45
2014-12-10,2014,344,0.28
2014-12-11,2014,345,0.33
2014-12-12,2014,346,0.32
2014-12-13,2014,347,0.135
2014-12-14,2014,348,0.207
2014-12-15,2014,349,0.131
2014-12-16,2014,350,0.475
2014-12-17,2014,351,0.445
2014-12-18,2014,352,0.269
2014-12-19,2014,353,0.193
2014-12-20,2014,354,0.143
2014-12-21,2014,355,0.27
2014-12-22,2014,356,0.108
2014-12-23,2014,357,0.22
2014-12-24,2014,358,0.242
2014-12-25,2014,359,0.877
2014-12-26,2014,360,0.018
2014-12-27,2014,361,0.455
2014-12-28,2014,362,0.525
2014-12-29,2014,363,0.505
2014-12-30,2014,364,0.44
2014-12-31,2014,365,0.769
2015-01-01,2015,1,1.134
2015-01-02,2015,2,0.479
2015-01-03,2015,3,0.587
2015-01-04,2015,4,0.489
2015-01-05,2015,5,0.177
2015-01-06,2015,6,0.299
2015-01-07,2015,7,0.322
2015-01-08,2015,8,0.561
2015-01-09,2015,9,0.466
2015-01-10,2015,10,0.847
2015-01-11,2015,11,0.532
2015-01-12,2015,12,0.465
2015-01-13,2015,13,0.464
2015-01-14,2015,14,0.458
2015-01-15,2015,15,0.95
2015-01-16,2015,16,1.234
2015-01-17,2015,17,1.436
2015-01-18,2015,18,1.122
2015-01-19,2015,19,0.463
2015-01-20,2015,20,0.986
2015-01-21,2015,21,0.586
2015-01-22,2015,22,0.456
2015-01-23,2015,23,1.082
2015-01-24,2015,24,1.288
2015-01-25,2015,25,0.343
2015-01-26,2015,26,1.488
2015-01-27,2015,27,1.088
2015-01-28,2015,28,0.73
2015-01-29,2015,29,0.743
2015-01-30,2015,30,1.068
2015-01-31,2015,31,0.239
2015-02-01,2015,32,0.298
2015-02-02,2015,33,0.479
2015-02-03,2015,34,0.41
2015-02-04,2015,35,0.491
2015-02-05,2015,36,0.519
2015-02-06,2015,37,0.947
2015-02-07,2015,38,1.057
2015-02-08,2015,39,0.64
2015-02-09,2015,40,0.648
2015-02-10,2015,41,0.609
2015-02-11,2015,42,0.975
2015-02-12,2015,43,0.682
2015-02-13,2015,44,1.119
2015-02-14,2015,45,0.95
2015-02-15,2015,46,0.609
2015-02-16,2015,47,0.733
2015-02-17,2015,48,0.808
2015-02-18,2015,49,0.725
2015-02-19,2015,50,0.857
2015-02-20,2015,51,1.372
2015-02-21,2015,52,1.059
2015-02-22,2015,53,0.871
2015-02-23,2015,54,0.976
2015-02-24,2015,55,1.618
2015-02-25,2015,56,0.482
2015-02-26,2015,57,0.671
2015-02-27,2015,58,0.874
2015-02-28,2015,59,0.855
2015-03-01,2015,60,1.332
2015-03-02,2015,61,0.989
2015-03-03,2015,62,0.625
2015-03-04,2015,63,1.409
2015-03-05,2015,64,1.1
2015-03-06,2015,65,2.523
2015-03-07,2015,66,2.417
2015-03-08,2015,67,2.178
2015-03-09,2015,68,3.065
2015-03-10,2015,69,3.779
2015-03-11,2015,70,3.673
2015-03-12,2015,71,4.267
2015-03-13,2015,72,4.308
2015-03-14,2015,73,3.52
2015-03-15,2015,74,6.031
2015-03-16,2015,75,8.27
2015-03-17,2015,76,3.163
2015-03-18,2015,77,3.375
2015-03-19,2015,78,1.909
2015-03-20,2015,79,4.344
2015-03-21,2015,80,3.529
2015-03-22,2015,81,4.527
2015-03-23,2015,82,1.112
2015-03-24,2015,83,0.401
2015-03-25,2015,84,1.759
2015-03-26,2015,85,2.65
2015-03-27,2015,86,2.452
2015-03-28,2015,87,4.057
2015-03-29,2015,88,4.65
2015-03-30,2015,89,8.92
2015-03-31,2015,90,6.228
2015-04-01,2015,91,11.06
2015-04-02,2015,92,5.115
2015-04-03,2015,93,3.76
2015-04-04,2015,94,6.872
2015-04-05,2015,95,7.579
2015-04-06,2015,96,1.258
2015-04-07,2015,97,0.28
2015-04-08,2015,98,0.43
2015-04-09,2015,99,0.489
2015-04-10,2015,100,3.831
2015-04-11,2015,101,6.633
2015-04-12,2015,102,5.955
2015-04-13,2015,103,6.216
2015-04-14,2015,104,5.733
2015-04-15,2015,105,7.558
2015-04-16,2015,106,5.243
2015-04-17,2015,107,4.457
2015-04-18,2015,108,1.349
2015-04-19,2015,109,1.313
2015-04-20,2015,110,4.217
2015-04-21,2015,111,5.306
2015-04-22,2015,112,5.705
2015-04-23,2015,113,4.943
2015-04-24,2015,114,2.205
2015-04-25,2015,115,1.359
2015-04-26,2015,116,5.547
2015-04-27,2015,117,6.346
2015-04-28,2015,118,7.175
2015-04-29,2015,119,6.994
2015-04-30,2015,120,7.172
2015-05-01,2015,121,4.225
2015-05-02,2015,122,5.199
2015-05-03,2015,123,7.246
2015-05-04,2015,124,2.603
2015-05-05,2015,125,2.845
2015-05-06,2015,126,5.12
2015-05-07,2015,127,3.411
2015-05-08,2015,128,3.445
2015-05-09,2015,129,5.167
2015-05-10,2015,130,1.584
2015-05-11,2015,131,1.839
2015-05-12,2015,132,5.548
2015-05-13,2015,133,8.08
2015-05-14,2015,134,0.649
2015-05-15,2015,135,2.918
2015-05-16,2015,136,5.138
2015-05-17,2015,137,4.45
2015-05-18,2015,138,3.397
2015-05-19,2015,139,4.057
2015-05-20,2015,140,1.229
2015-05-21,2015,141,7.994
2015-05-22,2015,142,6.128
2015-05-23,2015,143,5.409
2015-05-24,2015,144,1.014
2015-05-25,2015,145,5.337
2015-05-26,2015,146,2.252
2015-05-27,2015,147,6.558
2015-05-28,2015,148,5.492
2015-05-29,2015,149,3.351
2015-05-30,2015,150,2.557
2015-05-31,2015,151,6.373
2015-06-01,2015,152,6.66
2015-06-02,2015,153,4.821
2015-06-03,2015,154,4.219
2015-06-04,2015,155,4.302
2015-06-05,2015,156,7.005
2015-06-06,2015,157,4.356
2015-06-07,2015,158,6.294
2015-06-08,2015,159,8.18
2015-06-09,2015,160,11.55
2015-06-10,2015,161,8.99
2015-06-11,2015,162,0.98
2015-06-12,2015,163,1.397
2015-06-13,2015,164,3.308
2015-06-14,2015,165,3.474
2015-06-15,2015,166,2.16
2015-06-16,2015,167,6.827
2015-06-17,2015,168,5.388
2015-06-18,2015,169,5.029
2015-06-19,2015,170,7.21
2015-06-20,2015,171,3.955
2015-06-21,2015,172,5.997
2015-06-22,2015,173,4.323
2015-06-23,2015,174,5.738
2015-06-24,2015,175,1.401
2015-06-25,2015,176,2.946
2015-06-26,2015,177,3.345
2015-06-27,2015,178,5.948
2015-06-28,2015,179,5.886
2015-06-29,2015,180,5.364
2015-06-30,2015,181,3.898
2015-07-01,2015,182,3.977
2015-07-02,2015,183,3.278
2015-07-03,2015,184,5.393
2015-07-04,2015,185,5.795
2015-07-05,2015,186,5.735
2015-07-06,2015,187,1.657
2015-07-07,2015,188,5.661
2015-07-08,2015,189,4.365
2015-07-09,2015,190,4.857
2015-07-10,2015,191,5.622
2015-07-11,2015,192,4.115
2015-07-12,2015,193,6.406
2015-07-13,2015,194,7.097
2015-07-14,2015,195,6.582
2015-07-15,2015,196,2.502
2015-07-16,2015,197,2.467
2015-07-17,2015,198,6.754
2015-07-18,2015,199,6.449
2015-07-19,2015,200,5.221
2015-07-20,2015,201,4.712
2015-07-21,2015,202,5.78
2015-07-22,2015,203,4.267
2015-07-23,2015,204,5.93
2015-07-24,2015,205,5.059
2015-07-25,2015,206,5.211
2015-07-26,2015,207,4.858
2015-07-27,2015,208,1.301
2015-07-28,2015,209,0.76
2015-07-29,2015,210,6.656
2015-07-30,2015,211,6.281
2015-07-31,2015,212,5.865
2015-08-01,2015,213,5.348
2015-08-02,2015,214,6.192
2015-08-03,2015,215,5.609
2015-08-04,2015,216,3.832
2015-08-05,2015,217,2.845
2015-08-06,2015,218,4.041
2015-08-07,2015,219,4.822
2015-08-08,2015,220,4.004
2015-08-09,2015,221,4.002
2015-08-10,2015,222,4.622
2015-08-11,2015,223,5.518
2015-08-12,2015,224,5.44
2015-08-13,2015,225,4.07
2015-08-14,2015,226,5.324
2015-08-15,2015,227,5.627
2015-08-16,2015,228,4.748
2015-08-17,2015,229,1.588
2015-08-18,2015,230,0.687
2015-08-19,2015,231,2.007
2015-08-20,2015,232,5.214
2015-08-21,2015,233,6.106
2015-08-22,2015,234,3.841
2015-08-23,2015,235,5.39
2015-08-24,2015,236,5.404
2015-08-25,2015,237,4.938
2015-08-26,2015,238,4.237
2015-08-27,2015,239,1.88
2015-08-28,2015,240,0.28
2015-08-29,2015,241,1.643
2015-08-30,2015,242,2.094
2015-08-31,2015,243,4.042
2015-09-01,2015,244,4.49
2015-09-02,2015,245,5.234
2015-09-03,2015,246,5.324
2015-09-04,2015,247,5.085
2015-09-05,2015,248,5.588
2015-09-06,2015,249,5.859
2015-09-07,2015,250,3.034
2015-09-08,2015,251,3.096
2015-09-09,2015,252,5.063
2015-09-10,2015,253,4.315
2015-09-11,2015,254,4.042
2015-09-12,2015,255,3.648
2015-09-13,2015,256,5.031
2015-09-14,2015,257,5.501
2015-09-15,2015,258,8.42
2015-09-16,2015,259,6.277
2015-09-17,2015,260,2.261
2015-09-18,2015,261,1.348
2015-09-19,2015,262,3.631
2015-09-20,2015,263,4.696
2015-09-21,2015,264,3.735
2015-09-22,2015,265,3.087
2015-09-23,2015,266,1.163
2015-09-24,2015,267,2.992
2015-09-25,2015,268,3.83
2015-09-26,2015,269,3.998
2015-09-27,2015,270,4.364
2015-09-28,2015,271,3.201
2015-09-29,2015,272,4.536
2015-09-30,2015,273,3.695
2015-10-01,2015,274,3.086
2015-10-02,2015,275,3.659
2015-10-03,2015,276,3.405
2015-10-04,2015,277,0.935
2015-10-05,2015,278,1.828
2015-10-06,2015,279,1.465
2015-10-07,2015,280,3.25
2015-10-08,2015,281,4.305
2015-10-09,2015,282,2.84
2015-10-10,2015,283,4.083
2015-10-11,2015,284,5.933
2015-10-12,2015,285,6.906
2015-10-13,2015,286,3.475
2015-10-14,2015,287,3.572
2015-10-15,2015,288,5.388
2015-10-16,2015,289,3.175
2015-10-17,2015,290,2.563
2015-10-18,2015,291,4.787
2015-10-19,2015,292,7.933
2015-10-20,2015,293,4.283
2015-10-21,2015,294,1.711
2015-10-22,2015,295,1.994
2015-10-23,2015,296,0.515
2015-10-24,2015,297,2.302
2015-10-25,2015,298,2.53
2015-10-26,2015,299,2.546
2015-10-27,2015,300,0.851
2015-10-28,2015,301,1.011
2015-10-29,2015,302,1.106
2015-10-30,2015,303,1.658
2015-10-31,2015,304,0.547
2015-11-01,2015,305,3.217
2015-11-02,2015,306,4.96
2015-11-03,2015,307,1.873
2015-11-04,2015,308,1.172
2015-11-05,2015,309,2.453
2015-11-06,2015,310,2.339
2015-11-07,2015,311,2.152
2015-11-08,2015,312,3.19
2015-11-09,2015,313,2.729
2015-11-10,2015,314,2.495
2015-11-11,2015,315,0.978
2015-11-12,2015,316,2.231
2015-11-13,2015,317,2.228
2015-11-14,2015,318,2.42
2015-11-15,2015,319,2.551
2015-11-16,2015,320,0.361
2015-11-17,2015,321,0.15
2015-11-18,2015,322,0.499
2015-11-19,2015,323,2.812
2015-11-20,2015,324,0.374
2015-11-21,2015,325,0.805
2015-11-22,2015,326,0.788
2015-11-23,2015,327,0.999
2015-11-24,2015,328,0.736
2015-11-25,2015,329,1.06
2015-11-26,2015,330,0.084
2015-11-27,2015,331,0.348
2015-11-28,2015,332,0.375
2015-11-29,2015,333,0.529
2015-11-30,2015,334,0.149
2015-12-01,2015,335,0.457
2015-12-02,2015,336,0.294
2015-12-03,2015,337,0.926
2015-12-04,2015,338,1.019
2015-12-05,2015,339,0.914
2015-12-06,2015,340,0.148
2015-12-07,2015,341,0.759
2015-12-08,2015,342,0.549
2015-12-09,2015,343,1.111
2015-12-10,2015,344,1.985
2015-12-11,2015,345,0.962
2015-12-12,2015,346,0.17
2015-12-13,2015,347,0.071
2015-12-14,2015,348,0.259
2015-12-15,2015,349,0.173
2015-12-16,2015,350,0.495
2015-12-17,2015,351,1.178
2015-12-18,2015,352,1.025
2015-12-19,2015,353,0.981
2015-12-20,2015,354,0.869
2015-12-21,2015,355,0.136
2015-12-22,2015,356,0.146
2015-12-23,2015,357,0.084
2015-12-24,2015,358,0.203
2015-12-25,2015,359,0.198
2015-12-26,2015,360,0.18
2015-12-27,2015,361,0.326
2015-12-28,2015,362,0.179
2015-12-29,2015,363,0.382
2015-12-30,2015,364,0.341
2015-12-31,2015,365,0.544
2016-01-01,2016,1,0.838
2016-01-02,2016,2,0.665
2016-01-03,2016,3,0.369
2016-01-04,2016,4,0.309
2016-01-05,2016,5,0.611
2016-01-06,2016,6,0.368
2016-01-07,2016,7,0.2
2016-01-08,2016,8,0.221
2016-01-09,2016,9,0.374
2016-01-10,2016,10,0.289
2016-01-11,2016,11,0.432
2016-01-12,2016,12,0.376
2016-01-13,2016,13,0.681
2016-01-14,2016,14,0.952
2016-01-15,2016,15,0.401
2016-01-16,2016,16,0.385
2016-01-17,2016,17,0.328
2016-01-18,2016,18,0.28
2016-01-19,2016,19,0.281
2016-01-20,2016,20,0.346
2016-01-21,2016,21,0.536
2016-01-22,2016,22,0.394
2016-01-23,2016,23,0.331
2016-01-24,2016,24,0.295
2016-01-25,2016,25,0.198
2016-01-26,2016,26,0.543
2016-01-27,2016,27,0.92
2016-01-28,2016,28,0.756
2016-01-29,2016,29,0.701
2016-01-30,2016,30,0.749
2016-01-31,2016,31,0.638
2016-02-01,2016,32,0.801
2016-02-02,2016,33,0.161
2016-02-03,2016,34,0.605
2016-02-04,2016,35,0.802
2016-02-05,2016,36,0.478
2016-02-06,2016,37,0.641
2016-02-07,2016,38,1.367
2016-02-08,2016,39,0.503
2016-02-09,2016,40,0.699
2016-02-10,2016,41,0.429
2016-02-11,2016,42,0.625
2016-02-12,2016,43,0.793
2016-02-13,2016,44,0.554
2016-02-14,2016,45,0.512
2016-02-15,2016,46,0.673
2016-02-16,2016,47,0.315
2016-02-17,2016,48,0.692
2016-02-18,2016,49,0.762
2016-02-19,2016,50,2.515
2016-02-20,2016,51,1.771
2016-02-21,2016,52,0.471
2016-02-22,2016,53,0.799
2016-02-23,2016,54,0.629
2016-02-24,2016,55,0.705
2016-02-25,2016,56,0.782
2016-02-26,2016,57,1.84
2016-02-27,2016,58,4.439
2016-02-28,2016,59,2.149
2016-02-29,2016,60,1.449
2016-03-01,2016,61,0.885
2016-03-02,2016,62,1.063
2016-03-03,2016,63,0.451
2016-03-04,2016,64,1.017
2016-03-05,2016,65,1.298
2016-03-06,2016,66,3.487
2016-03-07,2016,67,3.36
2016-03-08,2016,68,4.521
2016-03-09,2016,69,1.559
2016-03-10,2016,70,2.406
2016-03-11,2016,71,4.121
2016-03-12,2016,72,1.398
2016-03-13,2016,73,0.592
2016-03-14,2016,74,2.022
2016-03-15,2016,75,1.638
2016-03-16,2016,76,4.723
2016-03-17,2016,77,4.917
2016-03-18,2016,78,2.447
2016-03-19,2016,79,0.789
2016-03-20,2016,80,2.008
2016-03-21,2016,81,4.463
2016-03-22,2016,82,2.611
2016-03-23,2016,83,0.471
2016-03-24,2016,84,0.979
2016-03-25,2016,85,2.863
2016-03-26,2016,86,1.102
2016-03-27,2016,87,1.231
2016-03-28,2016,88,4.655
2016-03-29,2016,89,6.293
2016-03-30,2016,90,3.308
2016-03-31,2016,91,1.666
2016-04-01,2016,92,2.226
2016-04-02,2016,93,3.983
2016-04-03,2016,94,10.49
2016-04-04,2016,95,3.607
2016-04-05,2016,96,2.742
2016-04-06,2016,97,2.421
2016-04-07,2016,98,2.05
2016-04-08,2016,99,4.273
2016-04-09,2016,100,4.277
2016-04-10,2016,101,4.526
2016-04-11,2016,102,4.693
2016-04-12,2016,103,5.342
2016-04-13,2016,104,7.935
2016-04-14,2016,105,7.336
2016-04-15,2016,106,6.999
2016-04-16,2016,107,8.8
2016-04-17,2016,108,6.384
2016-04-18,2016,109,4.777
2016-04-19,2016,110,1.964
2016-04-20,2016,111,1.21
2016-04-21,2016,112,2.924
2016-04-22,2016,113,1.921
2016-04-23,2016,114,4.964
2016-04-24,2016,115,6.3
2016-04-25,2016,116,5.586
2016-04-26,2016,117,3.118
2016-04-27,2016,118,0.473
2016-04-28,2016,119,1.41
2016-04-29,2016,120,1.14
2016-04-30,2016,121,0.389
2016-05-01,2016,122,0.519
2016-05-02,2016,123,2.96
2016-05-03,2016,124,6.014
2016-05-04,2016,125,6.666
2016-05-05,2016,126,5.39
2016-05-06,2016,127,12.04
2016-05-07,2016,128,5.245
2016-05-08,2016,129,7.203
2016-05-09,2016,130,0.705
2016-05-10,2016,131,3.659
2016-05-11,2016,132,1.081
2016-05-12,2016,133,4.451
2016-05-13,2016,134,2.531
2016-05-14,2016,135,5.133
2016-05-15,2016,136,6.217
2016-05-16,2016,137,4.447
2016-05-17,2016,138,5.393
2016-05-18,2016,139,4.857
2016-05-19,2016,140,7.398
2016-05-20,2016,141,5.751
2016-05-21,2016,142,6.546
2016-05-22,2016,143,10.82
2016-05-23,2016,144,5.984
2016-05-24,2016,145,4.316
2016-05-25,2016,146,4.142
2016-05-26,2016,147,5.16
2016-05-27,2016,148,3.07
2016-05-28,2016,149,3.302
2016-05-29,2016,150,7.003
2016-05-30,2016,151,5.867
2016-05-31,2016,152,3.554
2016-06-01,2016,153,7.038
2016-06-02,2016,154,6.624
2016-06-03,2016,155,10.02
2016-06-04,2016,156,6.877
2016-06-05,2016,157,10.43
2016-06-06,2016,158,10.85
2016-06-07,2016,159,6.703
2016-06-08,2016,160,8.15
2016-06-09,2016,161,10.82
2016-06-10,2016,162,11.36
2016-06-11,2016,163,7.916
2016-06-12,2016,164,8.79
2016-06-13,2016,165,7.01
2016-06-14,2016,166,6.899
2016-06-15,2016,167,7.918
2016-06-16,2016,168,7.068
2016-06-17,2016,169,7.162
2016-06-18,2016,170,6.751
2016-06-19,2016,171,9.1
2016-06-20,2016,172,7.933
2016-06-21,2016,173,7.563
2016-06-22,2016,174,5.809
2016-06-23,2016,175,7.083
2016-06-24,2016,176,6.455
2016-06-25,2016,177,6.367
2016-06-26,2016,178,7.221
2016-06-27,2016,179,7.491
2016-06-28,2016,180,6.209
2016-06-29,2016,181,3.749
2016-06-30,2016,182,4.958
2016-07-01,2016,183,6.08
2016-07-02,2016,184,2.894
2016-07-03,2016,185,5.913
2016-07-04,2016,186,2.746
2016-07-05,2016,187,5.821
2016-07-06,2016,188,5.324
2016-07-07,2016,189,5.15
2016-07-08,2016,190,7.493
2016-07-09,2016,191,6.611
2016-07-10,2016,192,4.078
2016-07-11,2016,193,7.769
2016-07-12,2016,194,5.696
2016-07-13,2016,195,4.223
2016-07-14,2016,196,7.143
2016-07-15,2016,197,4.616
2016-07-16,2016,198,6.14
2016-07-17,2016,199,3.324
2016-07-18,2016,200,5.626
2016-07-19,2016,201,0.529
2016-07-20,2016,202,5.614
2016-07-21,2016,203,6.121
2016-07-22,2016,204,5.406
2016-07-23,2016,205,3.328
2016-07-24,2016,206,4.992
2016-07-25,2016,207,6.115
2016-07-26,2016,208,5.161
2016-07-27,2016,209,3.031
2016-07-28,2016,210,3.85
2016-07-29,2016,211,1.411
2016-07-30,2016,212,3.99
2016-07-31,2016,213,4.631
2016-08-01,2016,214,2.093
2016-08-02,2016,215,2.613
2016-08-03,2016,216,5.284
2016-08-04,2016,217,4.296
2016-08-05,2016,218,5.972
2016-08-06,2016,219,4.724
2016-08-07,2016,220,2.951
2016-08-08,2016,221,0.331
2016-08-09,2016,222,4.573
2016-08-10,2016,223,3.842
2016-08-11,2016,224,4.051
2016-08-12,2016,225,3.322
2016-08-13,2016,226,5.343
2016-08-14,2016,227,5.271
2016-08-15,2016,228,3.676
2016-08-16,2016,229,4.498
2016-08-17,2016,230,4.77
2016-08-18,2016,231,5.583
2016-08-19,2016,232,3.574
2016-08-20,2016,233,3.385
2016-08-21,2016,234,4.771
2016-08-22,2016,235,5.97
2016-08-23,2016,236,4.114
2016-08-24,2016,237,2.511
2016-08-25,2016,238,2.454
2016-08-26,2016,239,1.673
2016-08-27,2016,240,2.188
2016-08-28,2016,241,4.395
2016-08-29,2016,242,2.529
2016-08-30,2016,243,2.442
2016-08-31,2016,244,5.33
2016-09-01,2016,245,5.042
2016-09-02,2016,246,4.634
2016-09-03,2016,247,4.421
2016-09-04,2016,248,4.218
2016-09-05,2016,249,5.924
2016-09-06,2016,250,5.809
2016-09-07,2016,251,0.984
2016-09-08,2016,252,4.313
2016-09-09,2016,253,1.861
2016-09-10,2016,254,4.852
2016-09-11,2016,255,5.65
2016-09-12,2016,256,5.079
2016-09-13,2016,257,2.214
2016-09-14,2016,258,3.752
2016-09-15,2016,259,4.112
2016-09-16,2016,260,2.367
2016-09-17,2016,261,3.137
2016-09-18,2016,262,5.686
2016-09-19,2016,263,3.733
2016-09-20,2016,264,5.892
2016-09-21,2016,265,5.846
2016-09-22,2016,266,2.748
2016-09-23,2016,267,3.08
2016-09-24,2016,268,4.419
2016-09-25,2016,269,3.179
2016-09-26,2016,270,6.448
2016-09-27,2016,271,6.251
2016-09-28,2016,272,1.926
2016-09-29,2016,273,3.83
2016-09-30,2016,274,1.685
2016-10-01,2016,275,1.29
2016-10-02,2016,276,3.052
2016-10-03,2016,277,3.131
2016-10-04,2016,278,4.398
2016-10-05,2016,279,2.145
2016-10-06,2016,280,1.063
2016-10-07,2016,281,3.381
2016-10-08,2016,282,4.516
2016-10-09,2016,283,3.47
2016-10-10,2016,284,2.809
2016-10-11,2016,285,3.67
2016-10-12,2016,286,1.078
2016-10-13,2016,287,2.634
2016-10-14,2016,288,1.372
2016-10-15,2016,289,1.28
2016-10-16,2016,290,2.069
2016-10-17,2016,291,3.736
2016-10-18,2016,292,3.076
2016-10-19,2016,293,2.757
2016-10-20,2016,294,1.726
2016-10-21,2016,295,1.809
2016-10-22,2016,296,2.471
2016-10-23,2016,297,4.199
2016-10-24,2016,298,2.075
2016-10-25,2016,299,2.346
2016-10-26,2016,300,0.711
2016-10-27,2016,301,2.004
2016-10-28,2016,302,3.034
2016-10-29,2016,303,2.006
2016-10-30,2016,304,1.246
2016-10-31,2016,305,0.686
2016-11-01,2016,306,3.084
2016-11-02,2016,307,1.482
2016-11-03,2016,308,2.324
2016-11-04,2016,309,3.53
2016-11-05,2016,310,2.897
2016-11-06,2016,311,3.428
2016-11-07,2016,312,1.553
2016-11-08,2016,313,2.616
2016-11-09,2016,314,2.211
2016-11-10,2016,315,4.472
2016-11-11,2016,316,1.952
2016-11-12,2016,317,2.066
2016-11-13,2016,318,3.632
2016-11-14,2016,319,2.034
2016-11-15,2016,320,2.546
2016-11-16,2016,321,2.742
2016-11-17,2016,322,3.037
2016-11-18,2016,323,0.942
2016-11-19,2016,324,1.656
2016-11-20,2016,325,1.212
2016-11-21,2016,326,2.053
2016-11-22,2016,327,0.733
2016-11-23,2016,328,0.339
2016-11-24,2016,329,0.291
2016-11-25,2016,330,0.441
2016-11-26,2016,331,1.327
2016-11-27,2016,332,0.062
2016-11-28,2016,333,1.463
2016-11-29,2016,334,1.325
2016-11-30,2016,335,0.549
2016-12-01,2016,336,0.488
2016-12-02,2016,337,0.427
2016-12-03,2016,338,0.614
2016-12-04,2016,339,0.232
2016-12-05,2016,340,0.657
2016-12-06,2016,341,0.957
2016-12-07,2016,342,0.691
2016-12-08,2016,343,0.741
2016-12-09,2016,344,0.378
2016-12-10,2016,345,0.174
2016-12-11,2016,346,0.33
2016-12-12,2016,347,0.678
2016-12-13,2016,348,0.665
2016-12-14,2016,349,0.951
2016-12-15,2016,350,0.533
2016-12-16,2016,351,0.387
2016-12-17,2016,352,0.248
2016-12-18,2016,353,0.313
2016-12-19,2016,354,0.71
2016-12-20,2016,355,1.057
2016-12-21,2016,356,1.341
2016-12-22,2016,357,1.3
2016-12-23,2016,358,0.201
2016-12-24,2016,359,0.269
2016-12-25,2016,360,0.073
2016-12-26,2016,361,1.323
2016-12-27,2016,362,1.038
2016-12-28,2016,363,1.084
2016-12-29,2016,364,1.681
2016-12-30,2016,365,1.393
2016-12-31,2016,366,0.764
2017-01-01,2017,1,0.644
2017-01-02,2017,2,0.199
2017-01-03,2017,3,0.526
2017-01-04,2017,4,0.505
2017-01-05,2017,5,0.476
2017-01-06,2017,6,0.443
2017-01-07,2017,7,0.584
2017-01-08,2017,8,0.547
2017-01-09,2017,9,0.455
2017-01-10,2017,10,0.345
2017-01-11,2017,11,0.26
2017-01-12,2017,12,0.62
2017-01-13,2017,13,0.5
2017-01-14,2017,14,0.619
2017-01-15,2017,15,0.474
2017-01-16,2017,16,0.124
2017-01-17,2017,17,0.257
2017-01-18,2017,18,0.716
2017-01-19,2017,19,0.212
2017-01-20,2017,20,0.225
2017-01-21,2017,21,0.304
2017-01-22,2017,22,0.16
2017-01-23,2017,23,0.194
2017-01-24,2017,24,0.191
2017-01-25,2017,25,0.311
2017-01-26,2017,26,0.515
2017-01-27,2017,27,0.705
2017-01-28,2017,28,0.559
2017-01-29,2017,29,0.825
2017-01-30,2017,30,1.117
2017-01-31,2017,31,0.824
2017-02-01,2017,32,0.745
2017-02-02,2017,33,0.855
2017-02-03,2017,34,1.175
2017-02-04,2017,35,1.767
2017-02-05,2017,36,0.87
2017-02-06,2017,37,1.127
2017-02-07,2017,38,0.349
2017-02-08,2017,39,0.785
2017-02-09,2017,40,0.84
2017-02-10,2017,41,1.647
2017-02-11,2017,42,0.768
2017-02-12,2017,43,2.063
2017-02-13,2017,44,2.137
2017-02-14,2017,45,1.691
2017-02-15,2017,46,1.52
2017-02-16,2017,47,1.602
2017-02-17,2017,48,3.448
2017-02-18,2017,49,1.925
2017-02-19,2017,50,2.431
2017-02-20,2017,51,0.246
2017-02-21,2017,52,2.854
2017-02-22,2017,53,4.38
2017-02-23,2017,54,0.498
2017-02-24,2017,55,0.382
2017-02-25,2017,56,1.281
2017-02-26,2017,57,1.671
2017-02-27,2017,58,2.066
2017-02-28,2017,59,1.176
2017-03-01,2017,60,1.038
2017-03-02,2017,61,0.968
2017-03-03,2017,62,1.885
2017-03-04,2017,63,3.285
2017-03-05,2017,64,1.9
2017-03-06,2017,65,4.32
2017-03-07,2017,66,3.782
2017-03-08,2017,67,3.985
2017-03-09,2017,68,2.288
2017-03-10,2017,69,1.403
2017-03-11,2017,70,1.357
2017-03-12,2017,71,1.213
2017-03-13,2017,72,0.858
2017-03-14,2017,73,1.407
2017-03-15,2017,74,1.685
2017-03-16,2017,75,2.381
2017-03-17,2017,76,3.643
2017-03-18,2017,77,2.305
2017-03-19,2017,78,4.761
2017-03-20,2017,79,4.46
2017-03-21,2017,80,2.764
2017-03-22,2017,81,2.68
2017-03-23,2017,82,3.092
2017-03-24,2017,83,0.575
2017-03-25,2017,84,0.252
2017-03-26,2017,85,0.58
2017-03-27,2017,86,1.207
2017-03-28,2017,87,1.009
2017-03-29,2017,88,0.195
2017-03-30,2017,89,0.409
2017-03-31,2017,90,0.974
2017-04-01,2017,91,1.983
2017-04-02,2017,92,0.617
2017-04-03,2017,93,0.333
2017-04-04,2017,94,2.599
2017-04-05,2017,95,2.119
2017-04-06,2017,96,4.079
2017-04-07,2017,97,5.226
2017-04-08,2017,98,6.441
2017-04-09,2017,99,4.731
2017-04-10,2017,100,2.125
2017-04-11,2017,101,4.046
2017-04-12,2017,102,4.008
2017-04-13,2017,103,3.689
2017-04-14,2017,104,1.566
2017-04-15,2017,105,2.953
2017-04-16,2017,106,5.444
2017-04-17,2017,107,5.735
2017-04-18,2017,108,2.102
2017-04-19,2017,109,2.317
2017-04-20,2017,110,2.095
2017-04-21,2017,111,3.959
2017-04-22,2017,112,5.215
2017-04-23,2017,113,7.796
2017-04-24,2017,114,9.64
2017-04-25,2017,115,3.448
2017-04-26,2017,116,1.567
2017-04-27,2017,117,2.089
2017-04-28,2017,118,0.895
2017-04-29,2017,119,1.325
2017-04-30,2017,120,0.241
2017-05-01,2017,121,1.084
2017-05-02,2017,122,4.788
2017-05-03,2017,123,4.42
2017-05-04,2017,124,5.935
2017-05-05,2017,125,7.191
2017-05-06,2017,126,6.799
2017-05-07,2017,127,6.82
2017-05-08,2017,128,6.557
2017-05-09,2017,129,5.687
2017-05-10,2017,130,1.615
2017-05-11,2017,131,5.29
2017-05-12,2017,132,6.331
2017-05-13,2017,133,9.57
2017-05-14,2017,134,9.03
2017-05-15,2017,135,6.887
2017-05-16,2017,136,8.65
2017-05-17,2017,137,3.781
2017-05-18,2017,138,2.542
2017-05-19,2017,139,0.525
2017-05-20,2017,140,1.207
2017-05-21,2017,141,2.309
2017-05-22,2017,142,5.61
2017-05-23,2017,143,2.334
2017-05-24,2017,144,2.285
2017-05-25,2017,145,5.645
2017-05-26,2017,146,4.524
2017-05-27,2017,147,2.408
2017-05-28,2017,148,8.6
2017-05-29,2017,149,8.53
2017-05-30,2017,150,9.49
2017-05-31,2017,151,7.046
2017-06-01,2017,152,7.581
2017-06-02,2017,153,8.65
2017-06-03,2017,154,10.17
2017-06-04,2017,155,8.86
2017-06-05,2017,156,9.98
2017-06-06,2017,157,8.04
2017-06-07,2017,158,7.941
2017-06-08,2017,159,9.95
2017-06-09,2017,160,10.15
2017-06-10,2017,161,11.2
2017-06-11,2017,162,10.82
2017-06-12,2017,163,6.533
2017-06-13,2017,164,10.15
2017-06-14,2017,165,4.578
2017-06-15,2017,166,7.815
2017-06-16,2017,167,6.475
2017-06-17,2017,168,3.221
2017-06-18,2017,169,5.928
2017-06-19,2017,170,6.148
2017-06-20,2017,171,9.3
2017-06-21,2017,172,6.759
2017-06-22,2017,173,7.002
2017-06-23,2017,174,6.565
2017-06-24,2017,175,8.76
2017-06-25,2017,176,7.085
2017-06-26,2017,177,5.833
2017-06-27,2017,178,8.03
2017-06-28,2017,179,5.436
2017-06-29,2017,180,5.167
2017-06-30,2017,181,5.713
2017-07-01,2017,182,6.961
2017-07-02,2017,183,4.958
2017-07-03,2017,184,5.824
2017-07-04,2017,185,5.99
2017-07-05,2017,186,6.275
2017-07-06,2017,187,7.589
2017-07-07,2017,188,7.802
2017-07-08,2017,189,6.399
2017-07-09,2017,190,7.077
2017-07-10,2017,191,6.013
2017-07-11,2017,192,4.452
2017-07-12,2017,193,3.526
2017-07-13,2017,194,6.056
2017-07-14,2017,195,5.92
2017-07-15,2017,196,6.589
2017-07-16,2017,197,6.803
2017-07-17,2017,198,5.631
2017-07-18,2017,199,4.151
2017-07-19,2017,200,7.555
2017-07-20,2017,201,6.087
2017-07-21,2017,202,1.824
2017-07-22,2017,203,4.238
2017-07-23,2017,204,6.55
2017-07-24,2017,205,5.696
2017-07-25,2017,206,6.555
2017-07-26,2017,207,1.855
2017-07-27,2017,208,6.414
2017-07-28,2017,209,5.466
2017-07-29,2017,210,6.399
2017-07-30,2017,211,5.615
2017-07-31,2017,212,5.453
2017-08-01,2017,213,4.886
2017-08-02,2017,214,5.37
2017-08-03,2017,215,4.421
2017-08-04,2017,216,4.992
2017-08-05,2017,217,3.085
2017-08-06,2017,218,3.71
2017-08-07,2017,219,5.243
2017-08-08,2017,220,5.222
2017-08-09,2017,221,4.944
2017-08-10,2017,222,5.261
2017-08-11,2017,223,5.332
2017-08-12,2017,224,4.671
2017-08-13,2017,225,3.553
2017-08-14,2017,226,2.551
2017-08-15,2017,227,0.818
2017-08-16,2017,228,3
2017-08-17,2017,229,4.116
2017-08-18,2017,230,4.352
2017-08-19,2017,231,4.547
2017-08-20,2017,232,4.864
2017-08-21,2017,233,2.143
2017-08-22,2017,234,5.285
2017-08-23,2017,235,4.782
2017-08-24,2017,236,3.836
2017-08-25,2017,237,4.531
2017-08-26,2017,238,3.934
2017-08-27,2017,239,2.883
2017-08-28,2017,240,2.774
2017-08-29,2017,241,3.542
2017-08-30,2017,242,3.966
2017-08-31,2017,243,3.719
2017-09-01,2017,244,4.109
2017-09-02,2017,245,3.993
2017-09-03,2017,246,5.558
2017-09-04,2017,247,2.671
2017-09-05,2017,248,5.359
2017-09-06,2017,249,3.931
2017-09-07,2017,250,4.616
2017-09-08,2017,251,4.974
2017-09-09,2017,252,4.543
2017-09-10,2017,253,5.154
2017-09-11,2017,254,4.751
2017-09-12,2017,255,4.03
2017-09-13,2017,256,4.296
2017-09-14,2017,257,7.071
2017-09-15,2017,258,7.021
2017-09-16,2017,259,2.593
2017-09-17,2017,260,3.411
2017-09-18,2017,261,1.18
2017-09-19,2017,262,3.759
2017-09-20,2017,263,4.427
2017-09-21,2017,264,5.213
2017-09-22,2017,265,6.26
2017-09-23,2017,266,5.835
2017-09-24,2017,267,5.273
2017-09-25,2017,268,2.332
2017-09-26,2017,269,1.623
2017-09-27,2017,270,2.461
2017-09-28,2017,271,3.866
2017-09-29,2017,272,4.052
2017-09-30,2017,273,4.796
2017-10-01,2017,274,4.308
2017-10-02,2017,275,3.506
2017-10-03,2017,276,2.434
2017-10-04,2017,277,3.122
2017-10-05,2017,278,0.479
2017-10-06,2017,279,0.474
2017-10-07,2017,280,0.728
2017-10-08,2017,281,5.03
2017-10-09,2017,282,5.104
2017-10-10,2017,283,0.687
2017-10-11,2017,284,1.771
2017-10-12,2017,285,1.389
2017-10-13,2017,286,0.239
2017-10-14,2017,287,0.259
2017-10-15,2017,288,2.964
2017-10-16,2017,289,4.201
2017-10-17,2017,290,4.188
2017-10-18,2017,291,4.092
2017-10-19,2017,292,4.312
2017-10-20,2017,293,4.334
2017-10-21,2017,294,2.089
2017-10-22,2017,295,2.986
2017-10-23,2017,296,3.129
2017-10-24,2017,297,3.35
2017-10-25,2017,298,3.576
2017-10-26,2017,299,2.981
2017-10-27,2017,300,1.291
2017-10-28,2017,301,1.873
2017-10-29,2017,302,1.496
2017-10-30,2017,303,1.855
2017-10-31,2017,304,1.38
2017-11-01,2017,305,1.014
2017-11-02,2017,306,1.106
2017-11-03,2017,307,1.555
2017-11-04,2017,308,0.4
2017-11-05,2017,309,0.916
2017-11-06,2017,310,1.08
2017-11-07,2017,311,1.131
2017-11-08,2017,312,1.833
2017-11-09,2017,313,1.438
2017-11-10,2017,314,1.567
2017-11-11,2017,315,1.16
2017-11-12,2017,316,0.705
2017-11-13,2017,317,0.351
2017-11-14,2017,318,0.257
2017-11-15,2017,319,1.525
2017-11-16,2017,320,0.274
2017-11-17,2017,321,0.387
2017-11-18,2017,322,1.067
2017-11-19,2017,323,1.502
2017-11-20,2017,324,3.493
2017-11-21,2017,325,1.698
2017-11-22,2017,326,1.438
2017-11-23,2017,327,1.718
2017-11-24,2017,328,3.569
2017-11-25,2017,329,1.551
2017-11-26,2017,330,1.468
2017-11-27,2017,331,1.965
2017-11-28,2017,332,2.159
2017-11-29,2017,333,2.352
2017-11-30,2017,334,2.678
2017-12-01,2017,335,3.004
2017-12-02,2017,336,1.252
2017-12-03,2017,337,1.88
2017-12-04,2017,338,2.253
2017-12-05,2017,339,1.627
2017-12-06,2017,340,1.076
2017-12-07,2017,341,1.205
2017-12-08,2017,342,1.151
2017-12-09,2017,343,0.756
2017-12-10,2017,344,1.502
2017-12-11,2017,345,1.062
2017-12-12,2017,346,1.025
2017-12-13,2017,347,1.036
2017-12-14,2017,348,0.699
2017-12-15,2017,349,1.779
2017-12-16,2017,350,1.352
2017-12-17,2017,351,0.389
2017-12-18,2017,352,1.488
2017-12-19,2017,353,1.751
2017-12-20,2017,354,1.708
2017-12-21,2017,355,0.462
2017-12-22,2017,356,0.436
2017-12-23,2017,357,0.514
2017-12-24,2017,358,0.503
2017-12-25,2017,359,0.501
2017-12-26,2017,360,0.45
2017-12-27,2017,361,0.373
2017-12-28,2017,362,0.29
2017-12-29,2017,363,0.227
2017-12-30,2017,364,0.271
2017-12-31,2017,365,0.264
2018-01-01,2018,1,0.237
2018-01-02,2018,2,0.492
2018-01-03,2018,3,0.393
2018-01-04,2018,4,0.265
2018-01-05,2018,5,0.388
2018-01-06,2018,6,0.435
2018-01-07,2018,7,0.704
2018-01-08,2018,8,0.81
2018-01-09,2018,9,0.823
2018-01-10,2018,10,0.086
2018-01-11,2018,11,0.283
2018-01-12,2018,12,0.41
2018-01-13,2018,13,0.432
2018-01-14,2018,14,0.323
2018-01-15,2018,15,0.307
2018-01-16,2018,16,0.286
2018-01-17,2018,17,0.845
2018-01-18,2018,18,1.232
2018-01-19,2018,19,1.334
2018-01-20,2018,20,0.893
2018-01-21,2018,21,0.012
2018-01-22,2018,22,0.093
2018-01-23,2018,23,0.489
2018-01-24,2018,24,0.268
2018-01-25,2018,25,1.048
2018-01-26,2018,26,1.879
2018-01-27,2018,27,1.672
2018-01-28,2018,28,0.7
2018-01-29,2018,29,0.7
2018-01-30,2018,30,1.286
2018-01-31,2018,31,0.932
2018-02-01,2018,32,0.809
2018-02-02,2018,33,0.554
2018-02-03,2018,34,1.147
2018-02-04,2018,35,0.657
2018-02-05,2018,36,0.249
2018-02-06,2018,37,0.385
2018-02-07,2018,38,0.587
2018-02-08,2018,39,0.462
2018-02-09,2018,40,0.605
2018-02-10,2018,41,0.517
2018-02-11,2018,42,0.761
2018-02-12,2018,43,0.805
2018-02-13,2018,44,1.034
2018-02-14,2018,45,1.219
2018-02-15,2018,46,0.792
2018-02-16,2018,47,1.106
2018-02-17,2018,48,0.909
2018-02-18,2018,49,1.994
2018-02-19,2018,50,0.205
2018-02-20,2018,51,0.451
2018-02-21,2018,52,0.977
2018-02-22,2018,53,0.363
2018-02-23,2018,54,0.734
2018-02-24,2018,55,0.2
2018-02-25,2018,56,1.347
2018-02-26,2018,57,2.179
2018-02-27,2018,58,2.206
2018-02-28,2018,59,1.124
2018-03-01,2018,60,2.002
2018-03-02,2018,61,2.092
2018-03-03,2018,62,3.078
2018-03-04,2018,63,3.296
2018-03-05,2018,64,0.363
2018-03-06,2018,65,0.959
2018-03-07,2018,66,1.12
2018-03-08,2018,67,1.293
2018-03-09,2018,68,1.115
2018-03-10,2018,69,1.551
2018-03-11,2018,70,1.43
2018-03-12,2018,71,2.459
2018-03-13,2018,72,2.069
2018-03-14,2018,73,3.395
2018-03-15,2018,74,3.136
2018-03-16,2018,75,1.33
2018-03-17,2018,76,1.057
2018-03-18,2018,77,0.517
2018-03-19,2018,78,2.999
2018-03-20,2018,79,1.272
2018-03-21,2018,80,1.625
2018-03-22,2018,81,1.826
2018-03-23,2018,82,2.225
2018-03-24,2018,83,0.739
2018-03-25,2018,84,1.793
2018-03-26,2018,85,0.545
2018-03-27,2018,86,1.399
2018-03-28,2018,87,1.961
2018-03-29,2018,88,2.236
2018-03-30,2018,89,2.875
2018-03-31,2018,90,1.816
2018-04-01,2018,91,1.676
2018-04-02,2018,92,1.43
2018-04-03,2018,93,0.451
2018-04-04,2018,94,2.04
2018-04-05,2018,95,3.084
2018-04-06,2018,96,1.945
2018-04-07,2018,97,2.712
2018-04-08,2018,98,0.8
2018-04-09,2018,99,1.445
2018-04-10,2018,100,3.124
2018-04-11,2018,101,2.702
2018-04-12,2018,102,4.419
2018-04-13,2018,103,1.791
2018-04-14,2018,104,0.355
2018-04-15,2018,105,1.29
2018-04-16,2018,106,1.869
2018-04-17,2018,107,3.132
2018-04-18,2018,108,0.813
2018-04-19,2018,109,3.631
2018-04-20,2018,110,3.886
2018-04-21,2018,111,3.762
2018-04-22,2018,112,6.757
2018-04-23,2018,113,6.511
2018-04-24,2018,114,6.211
2018-04-25,2018,115,5.16
2018-04-26,2018,116,7.133
2018-04-27,2018,117,8.76
2018-04-28,2018,118,5.324
2018-04-29,2018,119,9.3
2018-04-30,2018,120,11.95
2018-05-01,2018,121,2.444
2018-05-02,2018,122,1.329
2018-05-03,2018,123,1.043
2018-05-04,2018,124,6.043
2018-05-05,2018,125,7.023
2018-05-06,2018,126,7.503
2018-05-07,2018,127,8.08
2018-05-08,2018,128,9.24
2018-05-09,2018,129,6.264
2018-05-10,2018,130,5.782
2018-05-11,2018,131,3.003
2018-05-12,2018,132,1.774
2018-05-13,2018,133,1.46
2018-05-14,2018,134,4.727
2018-05-15,2018,135,5.544
2018-05-16,2018,136,6.857
2018-05-17,2018,137,8.12
2018-05-18,2018,138,8.58
2018-05-19,2018,139,3.891
2018-05-20,2018,140,1.709
2018-05-21,2018,141,1.702
2018-05-22,2018,142,4.923
2018-05-23,2018,143,7.374
2018-05-24,2018,144,10.08
2018-05-25,2018,145,7.646
2018-05-26,2018,146,7.796
2018-05-27,2018,147,8.01
2018-05-28,2018,148,7.68
2018-05-29,2018,149,8.12
2018-05-30,2018,150,6.376
2018-05-31,2018,151,8.6
2018-06-01,2018,152,8.23
2018-06-02,2018,153,5.798
2018-06-03,2018,154,9.58
2018-06-04,2018,155,9.98
2018-06-05,2018,156,8.9
2018-06-06,2018,157,4.665
2018-06-07,2018,158,4.303
2018-06-08,2018,159,5.946
2018-06-09,2018,160,6.884
2018-06-10,2018,161,1.783
2018-06-11,2018,162,2.613
2018-06-12,2018,163,5.445
2018-06-13,2018,164,6.888
2018-06-14,2018,165,3.147
2018-06-15,2018,166,7.665
2018-06-16,2018,167,7.531
2018-06-17,2018,168,7.671
2018-06-18,2018,169,6.61
2018-06-19,2018,170,2.664
2018-06-20,2018,171,2.824
2018-06-21,2018,172,2.504
2018-06-22,2018,173,3.269
2018-06-23,2018,174,4.886
2018-06-24,2018,175,3.925
2018-06-25,2018,176,3.178
2018-06-26,2018,177,3.276
2018-06-27,2018,178,4.706
2018-06-28,2018,179,2.631
2018-06-29,2018,180,7.727
2018-06-30,2018,181,5.461
2018-07-01,2018,182,5.071
2018-07-02,2018,183,6.956
2018-07-03,2018,184,6.392
2018-07-04,2018,185,5.57
2018-07-05,2018,186,4.533
2018-07-06,2018,187,6.446
2018-07-07,2018,188,6.323
2018-07-08,2018,189,6.719
2018-07-09,2018,190,6.967
2018-07-10,2018,191,5.469
2018-07-11,2018,192,6.942
2018-07-12,2018,193,6.802
2018-07-13,2018,194,4.067
2018-07-14,2018,195,3.924
2018-07-15,2018,196,5.325
2018-07-16,2018,197,6.329
2018-07-17,2018,198,5.796
2018-07-18,2018,199,6.424
2018-07-19,2018,200,5.2
2018-07-20,2018,201,4.661
2018-07-21,2018,202,6.148
2018-07-22,2018,203,6.093
2018-07-23,2018,204,5.214
2018-07-24,2018,205,6.818
2018-07-25,2018,206,5.908
2018-07-26,2018,207,5.902
2018-07-27,2018,208,4.956
2018-07-28,2018,209,3.37
2018-07-29,2018,210,5.378
2018-07-30,2018,211,5.453
2018-07-31,2018,212,5.867
2018-08-01,2018,213,6.134
2018-08-02,2018,214,4.841
2018-08-03,2018,215,6.133
2018-08-04,2018,216,2.92
2018-08-05,2018,217,3.293
2018-08-06,2018,218,3.736
2018-08-07,2018,219,4.451
2018-08-08,2018,220,5.319
2018-08-09,2018,221,5.821
2018-08-10,2018,222,5.924
2018-08-11,2018,223,4.295
2018-08-12,2018,224,5.725
2018-08-13,2018,225,5.895
2018-08-14,2018,226,2.13
2018-08-15,2018,227,3.73
2018-08-16,2018,228,2.101
2018-08-17,2018,229,4.804
2018-08-18,2018,230,4.415
2018-08-19,2018,231,3.287
2018-08-20,2018,232,1.112
2018-08-21,2018,233,2.658
2018-08-22,2018,234,4.63
2018-08-23,2018,235,4.105
2018-08-24,2018,236,2.589
2018-08-25,2018,237,4.729
2018-08-26,2018,238,2.302
2018-08-27,2018,239,5.241
2018-08-28,2018,240,1.292
2018-08-29,2018,241,4.388
2018-08-30,2018,242,3.213
2018-08-31,2018,243,4.072
2018-09-01,2018,244,2.786
2018-09-02,2018,245,1.635
2018-09-03,2018,246,1.153
2018-09-04,2018,247,3.829
2018-09-05,2018,248,1.465
2018-09-06,2018,249,3.338
2018-09-07,2018,250,2.516
2018-09-08,2018,251,4.627
2018-09-09,2018,252,3.618
2018-09-10,2018,253,4.418
2018-09-11,2018,254,5.225
2018-09-12,2018,255,5.428
2018-09-13,2018,256,4.533
2018-09-14,2018,257,4.581
2018-09-15,2018,258,5.022
2018-09-16,2018,259,5.298
2018-09-17,2018,260,5.283
2018-09-18,2018,261,1.22
2018-09-19,2018,262,2.811
2018-09-20,2018,263,6.853
2018-09-21,2018,264,3.125
2018-09-22,2018,265,3.543
2018-09-23,2018,266,4.677
2018-09-24,2018,267,4.005
2018-09-25,2018,268,0.545
2018-09-26,2018,269,4.274
2018-09-27,2018,270,4.515
2018-09-28,2018,271,1.537
2018-09-29,2018,272,0.611
2018-09-30,2018,273,0.399
2018-10-01,2018,274,0.292
2018-10-02,2018,275,0.716
2018-10-03,2018,276,4.607
2018-10-04,2018,277,3.405
2018-10-05,2018,278,0.547
2018-10-06,2018,279,0.816
2018-10-07,2018,280,0.332
2018-10-08,2018,281,1.009
2018-10-09,2018,282,0.503
2018-10-10,2018,283,1.192
2018-10-11,2018,284,1.563
2018-10-12,2018,285,0.631
2018-10-13,2018,286,1.78
2018-10-14,2018,287,0.126
2018-10-15,2018,288,2.42
2018-10-16,2018,289,3.561
2018-10-17,2018,290,2.454
2018-10-18,2018,291,3.727
2018-10-19,2018,292,2.95
2018-10-20,2018,293,2.883
2018-10-21,2018,294,3.19
2018-10-22,2018,295,3.157
2018-10-23,2018,296,2.212
2018-10-24,2018,297,2.549
2018-10-25,2018,298,1.064
2018-10-26,2018,299,1.515
2018-10-27,2018,300,2.534
2018-10-28,2018,301,3.589
2018-10-29,2018,302,2.77
2018-10-30,2018,303,2.05
2018-10-31,2018,304,1.878
2018-11-01,2018,305,1.82
2018-11-02,2018,306,1.103
2018-11-03,2018,307,0.068
2018-11-04,2018,308,0.341
2018-11-05,2018,309,0.277
2018-11-06,2018,310,0.993
2018-11-07,2018,311,0.718
2018-11-08,2018,312,0.486
2018-11-09,2018,313,0.864
2018-11-10,2018,314,0.716
2018-11-11,2018,315,1.234
2018-11-12,2018,316,0.783
2018-11-13,2018,317,0.991
2018-11-14,2018,318,1.764
2018-11-15,2018,319,2.044
2018-11-16,2018,320,1.099
2018-11-17,2018,321,0.415
2018-11-18,2018,322,1.034
2018-11-19,2018,323,0.684
2018-11-20,2018,324,0.889
2018-11-21,2018,325,0.061
2018-11-22,2018,326,1.119
2018-11-23,2018,327,0.379
2018-11-24,2018,328,1.243
2018-11-25,2018,329,0.537
2018-11-26,2018,330,0.51
2018-11-27,2018,331,0.832
2018-11-28,2018,332,0.817
2018-11-29,2018,333,0.576
2018-11-30,2018,334,0.417
2018-12-01,2018,335,0.044
2018-12-02,2018,336,0.313
2018-12-03,2018,337,0.442
2018-12-04,2018,338,0.336
2018-12-05,2018,339,0.789
2018-12-06,2018,340,0.551
2018-12-07,2018,341,0.43
2018-12-08,2018,342,0.589
2018-12-09,2018,343,0.494
2018-12-10,2018,344,0.52
2018-12-11,2018,345,0.63
2018-12-12,2018,346,0.199
2018-12-13,2018,347,0.231
2018-12-14,2018,348,0.562
2018-12-15,2018,349,0.796
2018-12-16,2018,350,1.125
2018-12-17,2018,351,1.008
2018-12-18,2018,352,1.319
2018-12-19,2018,353,0.887
2018-12-20,2018,354,0.115
2018-12-21,2018,355,0.232
2018-12-22,2018,356,0.161
2018-12-23,2018,357,0.886
2018-12-24,2018,358,0.394
2018-12-25,2018,359,0.307
2018-12-26,2018,360,0.126
2018-12-27,2018,361,0.139
2018-12-28,2018,362,0.259
2018-12-29,2018,363,0.299
2018-12-30,2018,364,0.761
2018-12-31,2018,365,0.079
2019-01-01,2019,1,0.35
2019-01-02,2019,2,0.918
2019-01-03,2019,3,1.52
2019-01-04,2019,4,1.203
2019-01-05,2019,5,1.088
2019-01-06,2019,6,0.405
2019-01-07,2019,7,0.48
2019-01-08,2019,8,1.852
2019-01-09,2019,9,0.856
2019-01-10,2019,10,0.84
2019-01-11,2019,11,0.49
2019-01-12,2019,12,0.237
2019-01-13,2019,13,0.633
2019-01-14,2019,14,0.141
2019-01-15,2019,15,0.236
2019-01-16,2019,16,0.357
2019-01-17,2019,17,0.388
2019-01-18,2019,18,0.314
2019-01-19,2019,19,0.434
2019-01-20,2019,20,0.283
2019-01-21,2019,21,0.476
2019-01-22,2019,22,0.224
2019-01-23,2019,23,0.672
2019-01-24,2019,24,0.553
2019-01-25,2019,25,0.368
2019-01-26,2019,26,0.347
2019-01-27,2019,27,0.223
2019-01-28,2019,28,0.432
2019-01-29,2019,29,0.436
2019-01-30,2019,30,0.241
2019-01-31,2019,31,0.236
2019-02-01,2019,32,0.463
2019-02-02,2019,33,0.307
2019-02-03,2019,34,0.359
2019-02-04,2019,35,0.405
2019-02-05,2019,36,0.22
2019-02-06,2019,37,0.204
2019-02-07,2019,38,0.358
2019-02-08,2019,39,0.443
2019-02-09,2019,40,0.554
2019-02-10,2019,41,0.503
2019-02-11,2019,42,0.268
2019-02-12,2019,43,0.52
2019-02-13,2019,44,0.669
2019-02-14,2019,45,0.834
2019-02-15,2019,46,0.437
2019-02-16,2019,47,0.855
2019-02-17,2019,48,0.61
2019-02-18,2019,49,0.728
2019-02-19,2019,50,0.505
2019-02-20,2019,51,0.701
2019-02-21,2019,52,1.001
2019-02-22,2019,53,0.921
2019-02-23,2019,54,0.413
2019-02-24,2019,55,0.541
2019-02-25,2019,56,0.541
2019-02-26,2019,57,0.546
2019-02-27,2019,58,0.726
2019-02-28,2019,59,0.708
2019-03-01,2019,60,1.026
2019-03-02,2019,61,0.652
2019-03-03,2019,62,0.607
2019-03-04,2019,63,0.662
2019-03-05,2019,64,0.952
2019-03-06,2019,65,1.244
2019-03-07,2019,66,0.652
2019-03-08,2019,67,1.11
2019-03-09,2019,68,0.322
2019-03-10,2019,69,1.553
2019-03-11,2019,70,1.803
2019-03-12,2019,71,0.591
2019-03-13,2019,72,0.289
2019-03-14,2019,73,0.494
2019-03-15,2019,74,2.072
2019-03-16,2019,75,1.986
2019-03-17,2019,76,1.079
2019-03-18,2019,77,2.021
2019-03-19,2019,78,1.798
2019-03-20,2019,79,1.662
2019-03-21,2019,80,2.844
2019-03-22,2019,81,2.956
2019-03-23,2019,82,2.185
2019-03-24,2019,83,0.409
2019-03-25,2019,84,0.889
2019-03-26,2019,85,2.755
2019-03-27,2019,86,3.939
2019-03-28,2019,87,2.216
2019-03-29,2019,88,1.224
2019-03-30,2019,89,2.32
2019-03-31,2019,90,2.791
2019-04-01,2019,91,4.267
2019-04-02,2019,92,2.972
2019-04-03,2019,93,1.619
2019-04-04,2019,94,1.213
2019-04-05,2019,95,2.734
2019-04-06,2019,96,4.343
2019-04-07,2019,97,3.285
2019-04-08,2019,98,7.194
2019-04-09,2019,99,3.553
2019-04-10,2019,100,0.543
2019-04-11,2019,101,1.717
2019-04-12,2019,102,1.818
2019-04-13,2019,103,3.006
2019-04-14,2019,104,3.305
2019-04-15,2019,105,6.216
2019-04-16,2019,106,5.88
2019-04-17,2019,107,2.857
2019-04-18,2019,108,2.861
2019-04-19,2019,109,5.212
2019-04-20,2019,110,7.784
2019-04-21,2019,111,8.93
2019-04-22,2019,112,1.741
2019-04-23,2019,113,4.869
2019-04-24,2019,114,5.127
2019-04-25,2019,115,2.699
2019-04-26,2019,116,6.194
2019-04-27,2019,117,0.576
2019-04-28,2019,118,2.36
2019-04-29,2019,119,4.179
2019-04-30,2019,120,0.628
2019-05-01,2019,121,1.434
2019-05-02,2019,122,3.31
2019-05-03,2019,123,2.822
2019-05-04,2019,124,4.557
2019-05-05,2019,125,5.048
2019-05-06,2019,126,3.402
2019-05-07,2019,127,3.486
2019-05-08,2019,128,0.851
2019-05-09,2019,129,1.275
2019-05-10,2019,130,4.837
2019-05-11,2019,131,1.599
2019-05-12,2019,132,1.835
2019-05-13,2019,133,5.266
2019-05-14,2019,134,2.886
2019-05-15,2019,135,5.219
2019-05-16,2019,136,7.369
2019-05-17,2019,137,1.212
2019-05-18,2019,138,3.681
2019-05-19,2019,139,1.216
2019-05-20,2019,140,3.54
2019-05-21,2019,141,0.621
2019-05-22,2019,142,6.648
2019-05-23,2019,143,2.612
2019-05-24,2019,144,3.569
2019-05-25,2019,145,5.555
2019-05-26,2019,146,6.261
2019-05-27,2019,147,5.344
2019-05-28,2019,148,0.973
2019-05-29,2019,149,2.823
2019-05-30,2019,150,3.798
2019-05-31,2019,151,6.386
2019-06-01,2019,152,6.413
2019-06-02,2019,153,6.325
2019-06-03,2019,154,3.946
2019-06-04,2019,155,6.03
2019-06-05,2019,156,6.646
2019-06-06,2019,157,6.327
2019-06-07,2019,158,8.7
2019-06-08,2019,159,8.54
2019-06-09,2019,160,5.771
2019-06-10,2019,161,9.7
2019-06-11,2019,162,4.901
2019-06-12,2019,163,7.096
2019-06-13,2019,164,7.281
2019-06-14,2019,165,5.029
2019-06-15,2019,166,5.285
2019-06-16,2019,167,4.395
2019-06-17,2019,168,3.437
2019-06-18,2019,169,1.315
2019-06-19,2019,170,3.206
2019-06-20,2019,171,3.857
2019-06-21,2019,172,1.553
2019-06-22,2019,173,2.32
2019-06-23,2019,174,3.056
2019-06-24,2019,175,4.762
2019-06-25,2019,176,7.078
2019-06-26,2019,177,4.131
2019-06-27,2019,178,4.562
2019-06-28,2019,179,4.612
2019-06-29,2019,180,6.606
2019-06-30,2019,181,7.09
2019-07-01,2019,182,6.357
2019-07-02,2019,183,4.412
2019-07-03,2019,184,3.744
2019-07-04,2019,185,5.062
2019-07-05,2019,186,4.942
2019-07-06,2019,187,4.424
2019-07-07,2019,188,4.992
2019-07-08,2019,189,5.996
2019-07-09,2019,190,5.19
2019-07-10,2019,191,6.342
2019-07-11,2019,192,4.597
2019-07-12,2019,193,5.922
2019-07-13,2019,194,3.2
2019-07-14,2019,195,6.548
2019-07-15,2019,196,5.619
2019-07-16,2019,197,4.815
2019-07-17,2019,198,2.169
2019-07-18,2019,199,6.229
2019-07-19,2019,200,6.886
2019-07-20,2019,201,3.985
2019-07-21,2019,202,2.819
2019-07-22,2019,203,6.445
2019-07-23,2019,204,5.448
2019-07-24,2019,205,5.664
2019-07-25,2019,206,4.056
2019-07-26,2019,207,6.938
2019-07-27,2019,208,5.974
2019-07-28,2019,209,3.747
2019-07-29,2019,210,5.877
2019-07-30,2019,211,4.392
2019-07-31,2019,212,2.754
2019-08-01,2019,213,5.125
2019-08-02,2019,214,5.384
2019-08-03,2019,215,5.202
2019-08-04,2019,216,5.183
2019-08-05,2019,217,4.391
2019-08-06,2019,218,5.439
2019-08-07,2019,219,5.431
2019-08-08,2019,220,4.833
2019-08-09,2019,221,4.981
2019-08-10,2019,222,4.484
2019-08-11,2019,223,1.737
2019-08-12,2019,224,1.773
2019-08-13,2019,225,5.59
2019-08-14,2019,226,2.994
2019-08-15,2019,227,2.996
2019-08-16,2019,228,3.706
2019-08-17,2019,229,2.947
2019-08-18,2019,230,3.398
2019-08-19,2019,231,4.775
2019-08-20,2019,232,4.364
2019-08-21,2019,233,1.484
2019-08-22,2019,234,4.655
2019-08-23,2019,235,4.956
2019-08-24,2019,236,4.544
2019-08-25,2019,237,2.477
2019-08-26,2019,238,1.763
2019-08-27,2019,239,5.704
2019-08-28,2019,240,5.422
2019-08-29,2019,241,5.019
2019-08-30,2019,242,4.139
2019-08-31,2019,243,1.854
2019-09-01,2019,244,3.546
2019-09-02,2019,245,4.228
2019-09-03,2019,246,2.938
2019-09-04,2019,247,3.835
2019-09-05,2019,248,4.533
2019-09-06,2019,249,4.72
2019-09-07,2019,250,2
2019-09-08,2019,251,1.425
2019-09-09,2019,252,1.292
2019-09-10,2019,253,3.203
2019-09-11,2019,254,2.904
2019-09-12,2019,255,2.547
2019-09-13,2019,256,3.706
2019-09-14,2019,257,0.818
2019-09-15,2019,258,3.425
2019-09-16,2019,259,3.589
2019-09-17,2019,260,4.995
2019-09-18,2019,261,2.737
2019-09-19,2019,262,2.354
2019-09-20,2019,263,5.328
2019-09-21,2019,264,0.878
2019-09-22,2019,265,0.913
2019-09-23,2019,266,3.718
2019-09-24,2019,267,4.255
2019-09-25,2019,268,2.851
2019-09-26,2019,269,4.394
2019-09-27,2019,270,1.339
2019-09-28,2019,271,3.124
2019-09-29,2019,272,0.504
2019-09-30,2019,273,4.898
2019-10-01,2019,274,0.843
2019-10-02,2019,275,0.458
2019-10-03,2019,276,1.845
2019-10-04,2019,277,2.266
2019-10-05,2019,278,1.269
2019-10-06,2019,279,2.344
2019-10-07,2019,280,2.945
2019-10-08,2019,281,4.395
2019-10-09,2019,282,3.127
2019-10-10,2019,283,0.247
2019-10-11,2019,284,1.457
2019-10-12,2019,285,2.942
2019-10-13,2019,286,1.714
2019-10-14,2019,287,2.735
2019-10-15,2019,288,2.807
2019-10-16,2019,289,1.059
2019-10-17,2019,290,2.902
2019-10-18,2019,291,5.199
2019-10-19,2019,292,1.423
2019-10-20,2019,293,2.679
2019-10-21,2019,294,1.216
2019-10-22,2019,295,3.006
2019-10-23,2019,296,0.898
2019-10-24,2019,297,1.524
2019-10-25,2019,298,1.797
2019-10-26,2019,299,1.428
2019-10-27,2019,300,1.101
2019-10-28,2019,301,1.618
2019-10-29,2019,302,1.249
2019-10-30,2019,303,1.084
2019-10-31,2019,304,1.831
2019-11-01,2019,305,0.593
2019-11-02,2019,306,1.542
2019-11-03,2019,307,1.056
2019-11-04,2019,308,1.45
2019-11-05,2019,309,0.967
2019-11-06,2019,310,1.203
2019-11-07,2019,311,0.844
2019-11-08,2019,312,1.521
2019-11-09,2019,313,1.846
2019-11-10,2019,314,0.721
2019-11-11,2019,315,0.726
2019-11-12,2019,316,0.668
2019-11-13,2019,317,0.548
2019-11-14,2019,318,0.767
2019-11-15,2019,319,1.25
2019-11-16,2019,320,1.607
2019-11-17,2019,321,0.16
2019-11-18,2019,322,0.512
2019-11-19,2019,323,1.114
2019-11-20,2019,324,1.711
2019-11-21,2019,325,0.367
2019-11-22,2019,326,0.437
2019-11-23,2019,327,0.933
2019-11-24,2019,328,1.252
2019-11-25,2019,329,1.486
2019-11-26,2019,330,0.271
2019-11-27,2019,331,0.515
2019-11-28,2019,332,0.367
2019-11-29,2019,333,0.134
2019-11-30,2019,334,0.158
2019-12-01,2019,335,0.253
2019-12-02,2019,336,0.593
2019-12-03,2019,337,1.077
2019-12-04,2019,338,1.014
2019-12-05,2019,339,0.863
2019-12-06,2019,340,0.325
2019-12-07,2019,341,1.128
2019-12-08,2019,342,0.578
2019-12-09,2019,343,0.274
2019-12-10,2019,344,0.377
2019-12-11,2019,345,0.479
2019-12-12,2019,346,0.536
2019-12-13,2019,347,0.155
2019-12-14,2019,348,0.407
2019-12-15,2019,349,0.227
2019-12-16,2019,350,0.338
2019-12-17,2019,351,0.59
2019-12-18,2019,352,0.582
2019-12-19,2019,353,0.937
2019-12-20,2019,354,1.133
2019-12-21,2019,355,1.506
2019-12-22,2019,356,1.568
2019-12-23,2019,357,0.716
2019-12-24,2019,358,0.68
2019-12-25,2019,359,1.226
2019-12-26,2019,360,0.418
2019-12-27,2019,361,0.752
2019-12-28,2019,362,0.084
2019-12-29,2019,363,0.431
2019-12-30,2019,364,0.392
2019-12-31,2019,365,0.534
