Tmax,Tmin,RHmax,RHmin,uz,n,i,ndays,J,Date.daily,Date.monthly
0.666,-7.79,85.57704633,61.64346585,4.915106834,4.050445305,1,31,1,1/1/2009,9-Jan
4.499,-3.452,84.97720722,49.29677751,2.594846244,3.644327739,1,31,2,1/2/2009,9-Jan
5.134,-4.251,95.17447209,72.54054301,4.416242437,1.337584696,1,31,3,1/3/2009,9-Jan
6.815,-6.224,96.17420394,62.70318161,5.705339163,1.747537043,1,31,4,1/4/2009,9-Jan
-0.688,-8.85,78.33898774,43.59830596,2.297676634,4.605846261,1,31,5,1/5/2009,9-Jan
-0.477,-4.84,94.87455253,74.61998526,-5206.375858,0.786471652,1,31,6,1/6/2009,9-Jan
-1.771,-6.155,93.47492794,75.37978146,-6246.59926,1.637947565,1,31,7,1/7/2009,9-Jan
-3.274,-10.74,90.77565195,69.35139841,4.390876162,4.881386348,1,31,8,1/8/2009,9-Jan
5.595,-8.35,91.47546424,49.65668097,4.013358932,4.565015218,1,31,9,1/9/2009,9-Jan
1.255,-5.855,91.97533017,76.18956426,-8331.655309,0.640839131,1,31,10,1/10/2009,9-Jan
-2.1,-6.868,89.0761078,78.2090226,-9582.21403,1.937963739,1,31,11,1/11/2009,9-Jan
1.319,-5.268,88.97613462,80.37844071,-3330.164097,2.189094261,1,31,12,1/12/2009,9-Jan
0.495,-14.4,88.17634914,69.58133674,5.642688749,2.776773913,1,31,13,1/13/2009,9-Jan
-2.708,-18.21,91.27551787,71.31087284,6.649091315,1.03932313,1,31,14,1/14/2009,9-Jan
-18.62,-24.81847821,73.61025609,59.52403433,5.508257786,2.241780261,1,31,15,1/15/2009,9-Jan
-11.64,-26.35049199,77.2892693,51.59616076,2.835875322,2.415923217,1,31,16,1/16/2009,9-Jan
0.197,-14.01,91.97533017,61.93338809,-617.3922775,2.045251565,1,31,17,1/17/2009,9-Jan
-3.671,-9.33,86.17688544,62.33328083,-1453.980373,2.521339826,1,31,18,1/18/2009,9-Jan
-5.932,-12.69,88.17634914,69.17144668,4.725376036,2.151558783,1,31,19,1/19/2009,9-Jan
-6.438,-16.14,88.87616143,66.74209828,3.476733976,2.177005304,1,31,20,1/20/2009,9-Jan
0.248,-17.3,90.17581284,66.03228867,3.492069064,2.701339044,1,31,21,1/21/2009,9-Jan
6.587,-8.39,94.07476705,64.44271503,2.328251552,3.563834869,1,31,22,1/22/2009,9-Jan
2.674,-6.352,91.67541061,67.69184354,5.076846378,3.464542174,1,31,23,1/23/2009,9-Jan
-6.624,-14.93,76.93936315,52.33596233,4.479887466,5.456539565,1,31,24,1/24/2009,9-Jan
-10.03,-14.85,82.87777034,60.78369646,2.245534432,2.279034,1,31,25,1/25/2009,9-Jan
-7.179,-11.62,80.17849434,45.09790374,2.800909388,2.740538348,1,31,26,1/26/2009,9-Jan
-7.22,-9.14,90.17581284,62.83314675,4.338211594,1.022222348,1,31,27,1/27/2009,9-Jan
-7.851,-16.86,90.07583965,74.23008984,4.065657762,1.566665217,1,31,28,1/28/2009,9-Jan
-0.978,-11.87,93.67487431,69.11146277,4.94211487,1.297144174,1,31,29,1/29/2009,9-Jan
-6.576,-17.09,88.57624188,59.86394316,3.367283075,2.172604696,1,31,30,1/30/2009,9-Jan
4.676,-19.5,88.67621506,72.83046525,5.407754225,2.243242957,1,31,31,1/31/2009,9-Jan
5.801,-2.781,94.07476705,37.2400114,3.490954519,2.776487478,2,28,32,2/1/2009,9-Feb
-0.592,-9.74,89.87589328,58.28436683,3.642825098,3.549737739,2,28,33,2/2/2009,9-Feb
-6.237,-16.34,85.07718041,65.51242811,7.860740279,2.524660435,2,28,34,2/3/2009,9-Feb
-8.39,-16.75,82.97774352,53.46565932,4.220965143,3.127675304,2,28,35,2/4/2009,9-Feb
-3.473,-18.41,87.57651003,57.70452236,4.309078102,3.314660087,2,28,36,2/5/2009,9-Feb
7.507,-8.49,93.97479387,65.61240129,3.809894709,4.328366087,2,28,37,2/6/2009,9-Feb
14.49,4.523,94.07476705,78.95882149,5.377782743,5.397108261,2,28,38,2/7/2009,9-Feb
7.72,-0.107,94.87455253,64.24276866,2.662029071,6.203645217,2,28,39,2/8/2009,9-Feb
16.16,0.221,93.7748475,68.87152712,4.817933002,6.010589739,2,28,40,2/9/2009,9-Feb
16.37,8.97,94.77457935,72.17064223,6.652964367,5.231670261,2,28,41,2/10/2009,9-Feb
14.42,2.492,96.17420394,78.33898774,-3746.172271,1.571246609,2,28,42,2/11/2009,9-Feb
16.57,-2.984,111.2126682,25.49039147,5.553110261,7.930286608,2,28,43,2/12/2009,9-Feb
17.43,-19.89,369.762964,24.20999329,2.489915516,7.54853087,2,28,44,2/13/2009,9-Feb
1.409620524,-2.261746897,88.93903177,64.90401409,4.891611722,4.186165305,2,28,45,2/14/2009,9-Feb
0.646013947,-3.974049835,76.42710415,54.41701057,3.391297081,6.222352696,2,28,46,2/15/2009,9-Feb
1.501392619,-5.981653025,78.78817069,55.58503505,2.201539412,7.088101826,2,28,47,2/16/2009,9-Feb
4.691716899,-2.516448247,86.64974811,57.46120368,5.629539567,3.482078087,2,28,48,2/17/2009,9-Feb
8.66306635,-1.283881907,87.59007836,67.62140331,7.276355463,1.361090348,2,28,49,2/18/2009,9-Feb
-1.561762009,-7.788518448,79.48057287,52.54549542,6.842773076,7.676065565,2,28,50,2/19/2009,9-Feb
0.380722473,-8.404703868,76.91156443,48.41177853,2.94599291,6.075400696,2,28,51,2/20/2009,9-Feb
3.718122986,-5.171108398,91.93620374,56.80463382,-2702.595797,4.208813217,2,28,52,2/21/2009,9-Feb
-1.669550568,-9.313508586,76.6400245,50.36365383,5.708045111,7.829877131,2,28,53,2/22/2009,9-Feb
0.156056351,-10.32403451,71.7817116,37.68416494,1.956756766,9.000292696,2,28,54,2/23/2009,9-Feb
5.443215607,-4.333649811,76.36314396,44.43414832,4.229576678,8.564238,2,28,55,2/24/2009,9-Feb
15.46146649,-0.395520192,99.12017256,43.63129218,4.234068147,8.607331565,2,28,56,2/25/2009,9-Feb
15.54275343,4.999736394,93.59285626,71.98067938,-1454.236216,1.756096435,2,28,57,2/26/2009,9-Feb
9.081885892,-3.246679957,101.7647863,68.59989351,-1035.50113,2.340436695,2,28,58,2/27/2009,9-Feb
0.014054616,-4.56033817,74.63910987,64.58261323,6.96347641,6.320412783,2,28,59,2/28/2009,9-Feb
-1.537757202,-7.864161077,75.90532831,54.24558003,6.611341724,6.88776887,3,31,60,3/1/2009,9-Mar
-2.677013529,-9.425763575,77.59996289,36.84282959,4.906882111,9.86232913,3,31,61,3/2/2009,9-Mar
-0.36808017,-11.20368023,78.48328444,39.28346601,2.882136117,7.944695218,3,31,62,3/3/2009,9-Mar
9.668519226,-3.39738029,70.87016934,32.19411429,4.636927084,9.932281826,3,31,63,3/4/2009,9-Mar
19.64475312,4.482826274,74.1337573,47.57434697,-3328.407026,8.594997652,3,31,64,3/5/2009,9-Mar
22.8570995,13.17036955,77.31576539,49.8561486,4.656328892,6.875287826,3,31,65,3/6/2009,9-Mar
22.23856937,11.14436811,109.6109346,52.2450926,4.90764642,4.761171391,3,31,66,3/7/2009,9-Mar
21.15385098,6.160380981,101.8362882,45.04871643,-4580.205278,7.182342783,3,31,67,3/8/2009,9-Mar
11.84158631,1.689149577,86.5940806,58.06424608,4.001370568,5.32053313,3,31,68,3/9/2009,9-Mar
21.53554821,7.162583298,96.29235503,63.93700755,-1246.037632,2.386229478,3,31,69,3/10/2009,9-Mar
6.326017085,-4.59,76.08133342,61.24258818,-1243.879092,8.050297304,3,31,70,3/11/2009,9-Mar
-1.067,-7.765,84.67728767,54.51537776,4.393278855,7.794673826,3,31,71,3/12/2009,9-Mar
6.595,-6.667,89.17608099,36.75014279,3.075840731,11.224116,3,31,72,3/13/2009,9-Mar
12.24,-1.965,84.4773413,29.58206543,2.997248834,10.32215087,3,31,73,3/14/2009,9-Mar
17.03,0.214,76.83938996,33.70096065,2.720460947,11.49226435,3,31,74,3/15/2009,9-Mar
19.8,7.028,88.37629551,39.08951532,1.510972956,9.287566435,3,31,75,3/16/2009,9-Mar
22.35,3.716,94.47465979,34.71068982,4.414973491,11.96398096,3,31,76,3/17/2009,9-Mar
19.84,5.792,93.17500839,36.38024201,3.706970298,8.757333391,3,31,77,3/18/2009,9-Mar
12.21,-1.601,83.27766308,20.43451901,5.451673084,12.44573922,3,31,78,3/19/2009,9-Mar
10.44,-5.135,87.67648321,25.47316753,2.6616856,12.40337583,3,31,79,3/20/2009,9-Mar
17.08,3.274,69.54134746,27.95250252,2.916657354,11.90187861,3,31,80,3/21/2009,9-Mar
14.22,1.671,82.27793123,35.42049943,3.14852995,4.641236608,3,31,81,3/22/2009,9-Mar
18.93,10.23,61.17359188,33.32106255,6.679259731,6.661795304,3,31,82,3/23/2009,9-Mar
23.44,11.46,90.87562513,36.25027687,-3536.304109,9.110613913,3,31,83,3/24/2009,9-Mar
11.66,5.139,89.27605417,57.4545894,4.281819107,10.74159861,3,31,84,3/25/2009,9-Mar
14.36,4.275,87.27659047,41.5088664,1.995942424,9.529909043,3,31,85,3/26/2009,9-Mar
15.53,1.197,81.97801167,42.51859557,5.438083216,10.328832,3,31,86,3/27/2009,9-Mar
7.933,-0.34,93.37495476,69.08147081,7.716772602,2.527434783,3,31,87,3/28/2009,9-Mar
5.541,0.131,94.07476705,64.47270698,6.171561092,4.001770956,3,31,88,3/29/2009,9-Mar
12.56,-2.042,93.27498157,40.71907824,3.690049509,12.24296061,3,31,89,3/30/2009,9-Mar
13.69,1.978,93.67487431,58.01443924,6.294139607,2.247979304,3,31,90,3/31/2009,9-Mar
13.66,1.007,87.37656366,36.52020447,5.269459545,13.23552209,4,30,91,4/1/2009,9-Apr
18.97,5.05,90.27578602,38.1597647,-828.3484523,8.40434713,4,30,92,4/2/2009,9-Apr
11.48,3.039,89.47600054,43.91822016,-619.1471279,12.02470435,4,30,93,4/3/2009,9-Apr
15.46,0.275,85.27712677,33.58099283,3.052398073,14.246442,4,30,94,4/4/2009,9-Apr
11.98,1.284,92.97506202,73.4003124,5.508250924,3.248893565,4,30,95,4/5/2009,9-Apr
3.833,-0.167,94.47465979,66.84207147,7.115675697,4.470021391,4,30,96,4/6/2009,9-Apr
8.16,-0.868,76.7494141,35.69042703,5.929705444,14.2066393,4,30,97,4/7/2009,9-Apr
12.96,-1.253,82.27793123,31.03167661,2.862489463,12.73489983,4,30,98,4/8/2009,9-Apr
15.97,-0.599,88.57624188,25.60313267,1.792197312,11.75824409,4,30,99,4/9/2009,9-Apr
8.06,2.508,91.7753838,67.47190253,7.28464984,3.510287217,4,30,100,4/10/2009,9-Apr
12.33,0.886,79.26873836,32.74121808,5.296425185,15.17449539,4,30,101,4/11/2009,9-Apr
13.95,-1.536,85.27712677,31.31160153,5.369226854,12.4538447,4,30,102,4/12/2009,9-Apr
8.93,4.174,94.97452572,52.84582557,4.682569564,1.937058261,4,30,103,4/13/2009,9-Apr
6.221,3.809,94.37468661,77.63917544,4.866644811,2.38116913,4,30,104,4/14/2009,9-Apr
13.28,1.767,85.57704633,50.9163431,4.646064442,10.77269556,4,30,105,4/15/2009,9-Apr
18.72,2.601,82.27793123,34.61071663,3.573876534,15.43212391,4,30,106,4/16/2009,9-Apr
22.66,5.305,71.50082189,21.45424549,2.546151659,16.23702052,4,30,107,4/17/2009,9-Apr
21.75,8.95,84.37736811,42.73853657,2.192688811,7.882944261,4,30,108,4/18/2009,9-Apr
14.68,10.82,93.97479387,85.17715359,3.933118311,2.720281304,4,30,109,4/19/2009,9-Apr
12.96,5.624,92.17527654,59.08415231,7.64569298,11.16249183,4,30,110,4/20/2009,9-Apr
8.28,2.942,90.07583965,59.59401556,6.061180347,6.813098609,4,30,111,4/21/2009,9-Apr
18.59,1.854,85.7769927,27.00275726,4.51613256,15.27720183,4,30,112,4/22/2009,9-Apr
21.7,4.504,75.48975197,37.23001408,6.462133027,12.6054493,4,30,113,4/23/2009,9-Apr
27.43,12.06,87.97640277,30.76174901,-1035.988118,11.54916391,4,30,114,4/24/2009,9-Apr
28.57,16.87,77.07932561,32.52127707,-3120.059849,13.6870607,4,30,115,4/25/2009,9-Apr
28.67,17.65,75.51974392,30.80173829,-3329.587548,13.72877843,4,30,116,4/26/2009,9-Apr
24.3,16.03,93.27498157,54.66533754,-826.9518525,5.076618261,4,30,117,4/27/2009,9-Apr
15.98,10.71,94.77457935,87.17661729,4.069155772,4.084073217,4,30,118,4/28/2009,9-Apr
20.27,11.38,93.57490113,74.07013274,3.598921443,7.336412609,4,30,119,4/29/2009,9-Apr
21.25,15.37,95.57436483,78.12904405,-828.5032868,6.625583217,4,30,120,4/30/2009,9-Apr
17.59,8.42,92.87508883,66.52215728,3.345201052,4.515636522,5,31,121,5/1/2009,9-May
17.46,8.39,89.47600054,41.41889053,2.589490772,12.66127591,5,31,122,5/2/2009,9-May
20.71,9.1,86.57677818,25.07327479,1.766952604,13.52089409,5,31,123,5/3/2009,9-May
22,9.49,76.41950259,24.15352149,1.889324484,10.70207139,5,31,124,5/4/2009,9-May
23.81,10.1,79.05879467,28.84226386,1.627024461,14.16149609,5,31,125,5/5/2009,9-May
19.79,13.3,92.67514246,59.74397533,2.521758362,8.422585826,5,31,126,5/6/2009,9-May
26.63,13.15,95.47439164,26.63285647,3.455152398,12.82214113,5,31,127,5/7/2009,9-May
21.2,13.91,93.37495476,72.47056178,2.412474619,4.871989565,5,31,128,5/8/2009,9-May
19.25,11.43,88.47626869,39.96927935,6.12057371,12.25705226,5,31,129,5/9/2009,9-May
19.9,6.396,82.27793123,37.63990414,3.593934396,13.30821861,5,31,130,5/10/2009,9-May
20.17,7.575,78.9688188,29.92197426,2.411218162,17.16381939,5,31,131,5/11/2009,9-May
21.51,7.938,73.61025609,29.90197962,4.544971703,17.96171243,5,31,132,5/12/2009,9-May
21.74,12.28,95.0744989,56.52483878,-1035.277801,2.889582261,5,31,133,5/13/2009,9-May
21.12,12.57,91.37549106,37.36997654,3.899170509,17.55211696,5,31,134,5/14/2009,9-May
24.96,11.76,94.97452572,68.36166388,3.761966274,6.229908782,5,31,135,5/15/2009,9-May
16.63,8.53,94.97452572,51.13628411,5.498025708,11.02651356,5,31,136,5/16/2009,9-May
17.13,4.547,82.27793123,25.71310317,2.94162187,18.28859557,5,31,137,5/17/2009,9-May
19.32,5.123,78.37897701,24.98329892,2.341206987,17.60176174,5,31,138,5/18/2009,9-May
26.53753122,8.93,74.76994504,28.28524398,-2289.050563,7.612916087,5,31,139,5/19/2009,9-May
27.98,12.07,73.86018905,21.35427231,3.229752636,19.25865391,5,31,140,5/20/2009,9-May
29.47,12.89,78.12904405,30.99168734,2.811535293,18.92536591,5,31,141,5/21/2009,9-May
30.97,18.55,76.16956962,26.60286452,1.365261958,15.7149227,5,31,142,5/22/2009,9-May
29.95,18.47,75.27980828,31.98142187,1.667909018,11.24085443,5,31,143,5/23/2009,9-May
30.2,16.96,79.41869814,32.68123417,3.018012985,12.85298452,5,31,144,5/24/2009,9-May
21.04,16.44,84.4773413,64.52269358,4.184367124,5.318794174,5,31,145,5/25/2009,9-May
26.42,16.27,86.57677818,62.56321915,3.966971032,10.34094052,5,31,146,5/26/2009,9-May
27.08,19.74,88.17634914,57.2946323,4.198700147,12.50820313,5,31,147,5/27/2009,9-May
19.99,15.08,85.17715359,63.27302876,3.385610506,8.026100609,5,31,148,5/28/2009,9-May
27.37,14.05,84.87723404,35.56046189,2.795283332,18.23660296,5,31,149,5/29/2009,9-May
28.1,13.93,76.79940069,36.52020447,3.405721616,14.47828357,5,31,150,5/30/2009,9-May
26.66,13.47,64.85260509,17.05542535,2.438824104,19.40615217,5,31,151,5/31/2009,9-May
33.77,16.06,75.74968225,25.9430415,5.139654278,16.3643353,6,30,152,6/1/2009,9-Jun
28.35,16.33,92.57516928,47.96713415,3.870226472,15.65305904,6,30,153,6/2/2009,9-Jun
17.31,11.52,88.77618825,62.04335859,5.107345004,6.095029305,6,30,154,6/3/2009,9-Jun
21.55,9.36,72.03067977,40.16922572,3.154538703,15.72434452,6,30,155,6/4/2009,9-Jun
25.88,11.86,76.72941946,26.34293424,1.716250139,19.39678513,6,30,156,6/5/2009,9-Jun
27.17,14.48,77.20929075,29.56207079,3.763956002,15.04446652,6,30,157,6/6/2009,9-Jun
28.66,16.78,70.74102568,44.5380539,3.577712057,8.160373565,6,30,158,6/7/2009,9-Jun
28.07,21,81.97801167,52.12601864,4.39402712,10.55694756,6,30,159,6/8/2009,9-Jun
26.7,17.52,79.94855602,37.3499819,2.393337825,16.4458933,6,30,160,6/9/2009,9-Jun
28.78,18.18,83.57758263,46.47753369,2.688710075,13.13837687,6,30,161,6/10/2009,9-Jun
25.17,16.9,86.57677818,60.99364015,3.523123579,11.043342,6,30,162,6/11/2009,9-Jun
25.5,15.79,86.87669773,46.16761682,2.618252905,15.01436974,6,30,163,6/12/2009,9-Jun
27.01,18.26,86.07691225,48.97686331,1.991589692,13.3076387,6,30,164,6/13/2009,9-Jun
28.56,16.68,85.67701951,42.30865188,2.646033263,14.7389627,6,30,165,6/14/2009,9-Jun
25.48,17.73,83.07771671,56.19492727,2.897380447,7.369106087,6,30,166,6/15/2009,9-Jun
26.01,19.43,89.47600054,63.47297513,2.999952677,7.450016087,6,30,167,6/16/2009,9-Jun
30.03,20.29,85.07718041,45.14789033,2.224845171,18.83268235,6,30,168,6/17/2009,9-Jun
30.46,19.72,86.87669773,62.23330764,3.264121105,11.85518426,6,30,169,6/18/2009,9-Jun
32.21,22.16,86.77672455,55.04523564,3.815810928,13.37721652,6,30,170,6/19/2009,9-Jun
30.53,21.37,87.47653684,50.25652008,2.733790494,19.41294287,6,30,171,6/20/2009,9-Jun
31.47,24.27,84.07744856,53.73558692,1.25993132,10.70725383,6,30,172,6/21/2009,9-Jun
33.85,23.09,86.57677818,51.80610445,1.717115161,16.0600633,6,30,173,6/22/2009,9-Jun
33.33,24.69,85.37709996,45.97766777,1.699939759,19.34005774,6,30,174,6/23/2009,9-Jun
34.64,24.39,82.97774352,37.65989878,1.520145499,19.4301047,6,30,175,6/24/2009,9-Jun
34.32,24.68,84.27739493,43.348373,2.025046953,18.47824043,6,30,176,6/25/2009,9-Jun
32.83,22.9,81.67809212,30.52181337,2.256539705,18.86419017,6,30,177,6/26/2009,9-Jun
32.94,19.17,83.07771671,32.94116445,1.988029231,18.68180009,6,30,178,6/27/2009,9-Jun
28.33,20.03,83.37763626,26.22296642,4.370258329,20.99597478,6,30,179,6/28/2009,9-Jun
28.32,17.44,77.13930952,30.57179996,4.012903504,19.28488461,6,30,180,6/29/2009,9-Jun
24.32,16.41,79.0188054,45.86769726,2.87777149,12.74344904,6,30,181,6/30/2009,9-Jun
21.03,16.93,82.4778776,54.84528927,2.690412867,6.609991304,7,31,182,7/1/2009,9-Jul
23.78,17.94,71.6707763,47.41728163,2.149108608,12.24630313,7,31,183,7/2/2009,9-Jul
26.87,16.59,82.27793123,45.01792519,1.402184692,16.06204722,7,31,184,7/3/2009,9-Jul
22.73,18.29,89.67594691,62.54322451,2.25341582,2.028970174,7,31,185,7/4/2009,9-Jul
26.53,18.41,88.67621506,49.93660589,2.625526737,13.5408553,7,31,186,7/5/2009,9-Jul
28.33,18.54,83.57758263,32.57126366,1.580543221,18.629496,7,31,187,7/6/2009,9-Jul
29.58,19.28,87.87642958,42.21867601,1.474719221,13.96811974,7,31,188,7/7/2009,9-Jul
22.88,17.13,87.67648321,69.81127506,2.240199509,6.470141478,7,31,189,7/8/2009,9-Jul
27.9,17.27,86.37683181,55.98498358,2.029528107,14.92378748,7,31,190,7/9/2009,9-Jul
29.88,19.59,86.77672455,55.60508548,1.655136473,10.19236696,7,31,191,7/10/2009,9-Jul
29.25,21.53,84.07744856,54.67533486,1.761464571,7.387075565,7,31,192,7/11/2009,9-Jul
26.95,19.16,76.25954549,37.6199095,1.361382711,14.39433626,7,31,193,7/12/2009,9-Jul
28.65,17.67,79.71861769,45.51779111,1.425425304,18.63730722,7,31,194,7/13/2009,9-Jul
26.92,15.6,78.23901455,45.36783134,2.234426869,15.42260348,7,31,195,7/14/2009,9-Jul
28.89,19.97,91.27551787,60.73370987,2.531244925,10.65155478,7,31,196,7/15/2009,9-Jul
28.06,17.57,86.57677818,42.81851512,1.633772559,19.00464496,7,31,197,7/16/2009,9-Jul
22.72,16.61,77.7791379,46.03765168,3.399020866,15.0920773,7,31,198,7/17/2009,9-Jul
22.31,15.44,77.11931488,45.67774821,2.354042417,11.26659678,7,31,199,7/18/2009,9-Jul
24.66,16.13,85.47707314,38.71961454,1.319609638,14.49507835,7,31,200,7/19/2009,9-Jul
26.27,15.32,82.27793123,43.55831669,1.558268414,16.48949713,7,31,201,7/20/2009,9-Jul
26.48,15.61,83.07771671,47.19734062,1.773665504,13.06381461,7,31,202,7/21/2009,9-Jul
24.45,17.75,82.67782397,63.1830529,1.741382241,11.62791939,7,31,203,7/22/2009,9-Jul
27.58,17.09,87.47653684,45.31784474,1.215770541,15.16555487,7,31,204,7/23/2009,9-Jul
29.01,15.96,85.97693907,40.71907824,1.548444945,18.11332565,7,31,205,7/24/2009,9-Jul
26.86,18.79,87.27659047,46.92741302,2.597791576,17.3653873,7,31,206,7/25/2009,9-Jul
26.54,17.11,85.27712677,50.41647718,1.690974432,16.1589013,7,31,207,7/26/2009,9-Jul
28.69,17.63,84.67728767,46.33757123,1.554497384,16.77517435,7,31,208,7/27/2009,9-Jul
29.94,19.57,85.57704633,53.20572904,1.526805342,13.20438365,7,31,209,7/28/2009,9-Jul
26.51,19.02,86.47680499,43.27839177,1.594378495,16.428762,7,31,210,7/29/2009,9-Jul
26.45,16.32,83.47760945,41.86876986,0.870297502,12.39248191,7,31,211,7/30/2009,9-Jul
27.21,17.22,82.87777034,40.23920695,1.786641548,18.944586,7,31,212,7/31/2009,9-Jul
25.66,15.04,86.07691225,50.536445,1.64388607,8.583496435,8,31,213,8/1/2009,9-Aug
25.34,15.24,86.27685862,40.27919622,1.904958185,18.55692235,8,31,214,8/2/2009,9-Aug
28.36,15.65,84.97720722,57.50457599,2.819030173,12.57497687,8,31,215,8/3/2009,9-Aug
26.51,19.91,86.07691225,70.36112758,2.199764416,4.92705313,8,31,216,8/4/2009,9-Aug
27.69,18.08,87.47653684,51.86608836,1.531712077,11.53211478,8,31,217,8/5/2009,9-Aug
27.67,16.36,81.7780653,43.65828987,0.902943213,15.76622583,8,31,218,8/6/2009,9-Aug
25.22,17.59,85.67701951,58.63427298,1.907117301,6.907493739,8,31,219,8/7/2009,9-Aug
32.11,20.11,87.57651003,55.20519274,3.312189352,17.26448635,8,31,220,8/8/2009,9-Aug
32.6,24.27,84.67728767,53.16573976,3.119062601,17.94248217,8,31,221,8/9/2009,9-Aug
30.44,21.19,83.97747537,45.96767045,1.815791998,16.14707609,8,31,222,8/10/2009,9-Aug
29.6,20.48,87.47653684,47.77718509,1.953776968,16.017408,8,31,223,8/11/2009,9-Aug
27.51,16.99,83.87750219,46.6474881,2.148055387,16.77526591,8,31,224,8/12/2009,9-Aug
29.35,15.35,78.46895288,31.55153717,1.078759165,18.83419278,8,31,225,8/13/2009,9-Aug
29.93,17.81,84.57731448,43.04845345,1.242606048,16.58403704,8,31,226,8/14/2009,9-Aug
30.4,18.73,83.777529,41.2389388,1.99938489,17.56259296,8,31,227,8/15/2009,9-Aug
31.34,21.85,85.27712677,54.28543944,2.392192765,10.71564652,8,31,228,8/16/2009,9-Aug
30.62,21.24,86.77672455,58.24437756,2.073880173,11.60426974,8,31,229,8/17/2009,9-Aug
28.68,20.06,87.97640277,55.06523028,1.255822617,13.70321609,8,31,230,8/18/2009,9-Aug
28.85,20.11,85.97693907,65.7223718,2.275900312,6.582872348,8,31,231,8/19/2009,9-Aug
25.3,18.8,87.57651003,57.25464303,3.410041032,11.92357017,8,31,232,8/20/2009,9-Aug
24.8,16.06,85.07718041,55.68506403,2.559207461,12.10314365,8,31,233,8/21/2009,9-Aug
21.53,15.42,84.97720722,51.01631629,2.685849041,12.3062807,8,31,234,8/22/2009,9-Aug
23.72,15.61,83.37763626,52.09602669,1.697265566,10.57238922,8,31,235,8/23/2009,9-Aug
25.33,13.19,88.27632232,48.93687404,1.017126083,15.91642409,8,31,236,8/24/2009,9-Aug
27.06,15.02,86.27685862,54.3754153,1.327340564,16.76846504,8,31,237,8/25/2009,9-Aug
29.27,15.45,87.0766441,52.94579876,1.473678955,14.79222939,8,31,238,8/26/2009,9-Aug
30.94,19.15,87.37656366,42.88849635,1.574410353,15.94291774,8,31,239,8/27/2009,9-Aug
24.17,19.29,89.0761078,74.44003352,2.29686918,4.879561305,8,31,240,8/28/2009,9-Aug
22.65,13.37,88.37629551,49.41674533,2.460477721,14.25157122,8,31,241,8/29/2009,9-Aug
19.89,11.76,82.57785078,57.49457867,2.194261533,7.306428521,8,31,242,8/30/2009,9-Aug
21.27,9.71,82.4778776,39.37943756,1.793166193,15.47984896,8,31,243,8/31/2009,9-Aug
22.96,10.15,83.777529,39.6193732,1.972992397,14.48036296,9,30,244,9/1/2009,9-Sep
25,11.22,83.37763626,39.3494456,1.795526377,15.51394644,9,30,245,9/2/2009,9-Sep
27.16,14.48,80.87830664,40.64909701,1.855491556,15.165882,9,30,246,9/3/2009,9-Sep
26.83,14.66,82.37790441,39.8893008,2.116862349,14.70022904,9,30,247,9/4/2009,9-Sep
25.34,15.53,83.17768989,54.90527318,1.717703013,5.899835739,9,30,248,9/5/2009,9-Sep
25.41,18.14,84.4773413,58.57428907,1.922877642,10.288854,9,30,249,9/6/2009,9-Sep
26.55,16.76,86.07691225,50.76638333,1.961062408,13.63884809,9,30,250,9/7/2009,9-Sep
26.5,16.13,85.57704633,51.32623316,1.32623765,12.79104809,9,30,251,9/8/2009,9-Sep
25.34,17.31,89.57597373,60.09388148,1.408845553,8.000303478,9,30,252,9/9/2009,9-Sep
28.01,16.77,87.47653684,43.91822016,1.866955896,13.64792713,9,30,253,9/10/2009,9-Sep
27.74,16.08,85.7769927,42.98846953,1.73711976,13.86982722,9,30,254,9/11/2009,9-Sep
26.96,14.41,83.27766308,39.44941879,1.691684676,14.01322383,9,30,255,9/12/2009,9-Sep
26.4,13.82,88.37629551,35.77040558,1.832271121,14.71717252,9,30,256,9/13/2009,9-Sep
28.06,12.92,83.47760945,37.54992827,1.666778159,14.91932426,9,30,257,9/14/2009,9-Sep
29.16,16.02,83.07771671,37.36997654,1.943726081,12.81746348,9,30,258,9/15/2009,9-Sep
26.92,14.88,88.47626869,43.41835423,3.258766913,13.73497278,9,30,259,9/16/2009,9-Sep
25.06,10.98,83.37763626,31.56153449,2.394971906,14.69706496,9,30,260,9/17/2009,9-Sep
26.22,11.54,82.87777034,21.6741865,2.127094981,14.6629573,9,30,261,9/18/2009,9-Sep
26.36,14.37,86.57677818,35.53046994,2.255015099,13.41169122,9,30,262,9/19/2009,9-Sep
22.74,14.07,87.67648321,63.47297513,2.163727238,4.057177304,9,30,263,9/20/2009,9-Sep
26.39,18.37,86.37683181,55.10521955,1.565874335,8.890740783,9,30,264,9/21/2009,9-Sep
26.22,19.83,88.77618825,59.85394584,1.80119194,5.019053478,9,30,265,9/22/2009,9-Sep
28.04,18.7,82.67782397,46.87742643,0.874042355,9.258331304,9,30,266,9/23/2009,9-Sep
21.88,19.47,86.27685862,75.40977342,1.490829961,2.890949478,9,30,267,9/24/2009,9-Sep
20.07,18.23,86.17688544,75.34978951,1.456872295,2.145917739,9,30,268,9/25/2009,9-Sep
24.7,14.59,86.27685862,47.0773728,0.78772836,7.949247652,9,30,269,9/26/2009,9-Sep
24.91,11.96,90.07583965,41.32891466,2.606337205,11.33284304,9,30,270,9/27/2009,9-Sep
19.93,12.07,59.50403969,34.76067641,5.109286891,10.12894278,9,30,271,9/28/2009,9-Sep
18.14,10.7,78.6988912,45.7277348,2.588539357,11.45172365,9,30,272,9/29/2009,9-Sep
20.14,8.52,81.67809212,38.5896494,0.925668108,8.716897565,9,30,273,9/30/2009,9-Sep
16.06,7.047,87.67648321,73.0204143,2.505982784,2.997936,10,31,274,10/1/2009,9-Oct
16.11,9.46,87.0766441,42.29865456,3.941400243,6.084025826,10,31,275,10/2/2009,9-Oct
13.24,8.89,84.4773413,57.13467521,3.365500353,2.910938869,10,31,276,10/3/2009,9-Oct
17.67,5.723,86.17688544,33.71095797,1.379187628,11.43320713,10,31,277,10/4/2009,9-Oct
21.18,6.191,80.57838708,29.61205739,1.135400326,11.73400357,10,31,278,10/5/2009,9-Oct
19.99,10.82,88.47626869,54.67533486,3.702181484,2.542880348,10,31,279,10/6/2009,9-Oct
17.9,6.488,76.71942214,31.81146746,2.342651569,11.41608365,10,31,280,10/7/2009,9-Oct
13.22,8.61,88.47626869,69.8312697,1.596787816,0.955229478,10,31,281,10/8/2009,9-Oct
12.79,6.886,86.77672455,79.29873031,2.523425395,1.295535913,10,31,282,10/9/2009,9-Oct
13.69,2.043,87.0766441,33.22108936,1.660273634,10.63121087,10,31,283,10/10/2009,9-Oct
10.49,2.463,72.08066636,25.48316485,2.205024006,8.02029913,10,31,284,10/11/2009,9-Oct
16,4.29,83.27766308,49.8366327,1.809163542,4.602986609,10,31,285,10/12/2009,9-Oct
12.42,6.432,83.777529,42.00873232,2.71647933,6.819819652,10,31,286,10/13/2009,9-Oct
9.34,5.656,86.07691225,68.25169338,2.848937497,3.243222,10,31,287,10/14/2009,9-Oct
7.643,5.377,85.37709996,80.17849434,2.330352628,1.364377304,10,31,288,10/15/2009,9-Oct
9.3,4.947,83.57758263,52.69586579,2.522280019,4.930181217,10,31,289,10/16/2009,9-Oct
11.11,5.065,78.8588483,36.69015888,2.247741896,5.093683826,10,31,290,10/17/2009,9-Oct
14.46,0.671,82.27793123,33.99088289,1.227207454,8.81097887,10,31,291,10/18/2009,9-Oct
20.77,3.794,77.97908427,31.52154522,3.112830478,8.857030696,10,31,292,10/19/2009,9-Oct
22.16,7.992,78.77886975,41.69881545,2.272391834,8.030678869,10,31,293,10/20/2009,9-Oct
21.7,9.64,79.57865523,43.84823893,2.397623593,7.185916174,10,31,294,10/21/2009,9-Oct
19.05,12.02,90.27578602,61.10361065,1.98698898,2.046567913,10,31,295,10/22/2009,9-Oct
18.21,7.531,91.0755715,77.1293122,4.666194858,2.152114435,10,31,296,10/23/2009,9-Oct
13.83,5.388,86.67675136,34.99061474,3.04225193,6.561996261,10,31,297,10/24/2009,9-Oct
20.29,6.872,74.88991286,34.49074881,2.516321336,7.304471217,10,31,298,10/25/2009,9-Oct
18.01,10.33,86.87669773,46.12762754,2.097664923,3.401963217,10,31,299,10/26/2009,9-Oct
12.55,9.23,88.27632232,80.57838708,1.662176518,1.045801565,10,31,300,10/27/2009,9-Oct
15.18,10.36,85.97693907,73.46029631,1.292031745,2.45244913,10,31,301,10/28/2009,9-Oct
17.59,12.08,82.67782397,64.72263995,2.888287843,3.104884174,10,31,302,10/29/2009,9-Oct
20.08,9.62,88.77618825,61.25357043,4.97565907,0.970557652,10,31,303,10/30/2009,9-Oct
11.45,2.164,79.54866328,41.02899511,3.15440627,7.212084261,10,31,304,10/31/2009,9-Oct
14.85,0.97,83.07771671,32.07139774,1.068142421,8.159571392,11,30,305,11/1/2009,9-Nov
20.21,5.159,75.03987263,23.80361534,2.436538154,7.940357217,11,30,306,11/2/2009,9-Nov
11.82,1.38,71.07093719,26.39292083,1.417704119,8.185244087,11,30,307,11/3/2009,9-Nov
16.51,5.161,79.1287759,32.62125025,2.904548277,7.598184261,11,30,308,11/4/2009,9-Nov
13.57,0.458,84.27739493,30.84172756,1.356420373,7.810647653,11,30,309,11/5/2009,9-Nov
18.52,2.848,74.94989677,28.972229,3.280573854,7.19148913,11,30,310,11/6/2009,9-Nov
23.23,10.64,81.47814575,41.80878595,2.998849758,7.585747826,11,30,311,11/7/2009,9-Nov
24.19,9.68,85.7769927,41.97874037,1.861408051,7.549092,11,30,312,11/8/2009,9-Nov
20.88,11.74,85.47707314,55.32516056,1.398526994,3.003982435,11,30,313,11/9/2009,9-Nov
14.02,9.22,79.22874908,53.01577999,3.7251396,1.803717391,11,30,314,11/10/2009,9-Nov
15.23,2.967,72.51055105,20.82441443,3.253425318,7.339095392,11,30,315,11/11/2009,9-Nov
15.09,-0.881,83.27766308,22.49396662,1.606112736,7.146918782,11,30,316,11/12/2009,9-Nov
15.45,2.11,76.06959644,39.97927667,2.309284341,5.132767304,11,30,317,11/13/2009,9-Nov
19.8,6.071,78.90883489,46.66748274,1.619354334,5.862219652,11,30,318,11/14/2009,9-Nov
14.92,6.217,86.97667092,72.68050547,3.755231877,0.754445739,11,30,319,11/15/2009,9-Nov
7.814,6.42,87.17661729,79.79859624,5.30063912,0.831581217,11,30,320,11/16/2009,9-Nov
8.97,5.853,87.7764564,76.95935779,4.321668417,1.029745565,11,30,321,11/17/2009,9-Nov
8.92,6.13,86.27685862,74.0501381,2.191890657,1.931440696,11,30,322,11/18/2009,9-Nov
8.79,3.758,86.97667092,76.29953477,2.444619997,1.47231,11,30,323,11/19/2009,9-Nov
12.23,0.364,89.57597373,52.88581485,-1457.436433,6.262679739,11,30,324,11/20/2009,9-Nov
15.17,4.33,84.27739493,57.14467253,1.532811676,5.959859479,11,30,325,11/21/2009,9-Nov
15.55,4.485,85.7769927,44.20814239,1.943223945,5.762164696,11,30,326,11/22/2009,9-Nov
14.95,2.813,90.97559832,51.7261259,-1248.48998,5.684176957,11,30,327,11/23/2009,9-Nov
13.64,8.64,87.37656366,69.73129651,3.245502943,1.621521391,11,30,328,11/24/2009,9-Nov
9.86,4.502,87.47653684,72.18063954,4.128692085,0.894174261,11,30,329,11/25/2009,9-Nov
4.561,1.035,84.77726085,74.30007107,4.673618009,1.240065391,11,30,330,11/26/2009,9-Nov
6.865,-0.445,79.70862037,47.64721995,1.868669227,5.309949913,11,30,331,11/27/2009,9-Nov
16.74,0.523,80.87830664,44.08817457,1.954794983,6.034806783,11,30,332,11/28/2009,9-Nov
13.15,5.291,84.57731448,64.3727338,2.912749052,1.609081826,11,30,333,11/29/2009,9-Nov
5.915,1.589,74.52001207,48.89688477,2.767754871,2.963915217,11,30,334,11/30/2009,9-Nov
13.83,0.579,80.07852116,35.39050748,3.041631942,5.66985287,12,31,335,12/1/2009,9-Dec
6.09,0.559,82.87777034,72.65051351,2.683085973,0.962893565,12,31,336,12/2/2009,9-Dec
3.479,-3.659,77.29926661,42.98846953,3.84528437,3.621483391,12,31,337,12/3/2009,9-Dec
-2.273,-5.465,78.21901992,54.17546893,1.909588298,1.74870313,12,31,338,12/4/2009,9-Dec
1.918,-8.47,81.57811893,42.5385902,1.661388336,5.32218287,12,31,339,12/5/2009,9-Dec
3.293,-5.55,79.22874908,48.11709392,2.452721248,3.534260087,12,31,340,12/6/2009,9-Dec
2.271,-0.939,85.47707314,65.26249515,1.883524577,0.980733913,12,31,341,12/7/2009,9-Dec
3.267,-0.329,90.17581284,72.04067709,3.217193994,1.179263739,12,31,342,12/8/2009,9-Dec
5.95,-9.26,90.37575921,65.06254878,-2494.161643,1.605703304,12,31,343,12/9/2009,9-Dec
-6.479,-13.04,69.76128847,44.13816116,5.583303655,5.224296522,12,31,344,12/10/2009,9-Dec
2.493,-9.75,76.66943555,36.3202581,2.425881292,5.278221391,12,31,345,12/11/2009,9-Dec
4.695,-6.13,81.7780653,37.99980761,3.281910754,3.884854696,12,31,346,12/12/2009,9-Dec
6.077,2.04,89.47600054,77.53920226,2.059001912,1.517725565,12,31,347,12/13/2009,9-Dec
10.34,0.263,89.67594691,73.04040894,4.19728886,2.523578869,12,31,348,12/14/2009,9-Dec
-0.275,-9.69,82.4778776,45.66775089,3.727481057,4.272400956,12,31,349,12/15/2009,9-Dec
-0.901,-10.78,75.00988068,47.09736744,1.471077068,5.327133652,12,31,350,12/16/2009,9-Dec
5.873,-4.486,78.5889207,46.90741839,2.681523071,4.400858348,12,31,351,12/17/2009,9-Dec
6.226,1.534,73.73022391,50.73639137,1.58501446,2.785269913,12,31,352,12/18/2009,9-Dec
2.235,-0.167,84.77726085,69.95123752,3.713921897,1.37120713,12,31,353,12/19/2009,9-Dec
-0.259,-2.19,86.37683181,73.92017296,2.537530984,1.329642783,12,31,354,12/20/2009,9-Dec
1.191,-1.883,88.27632232,73.38031776,-1665.303682,2.305593391,12,31,355,12/21/2009,9-Dec
2.643,-0.212,87.17661729,76.0496018,2.88796757,1.630413391,12,31,356,12/22/2009,9-Dec
4.302,1.616,89.27605417,83.97747537,4.089624398,0.900782609,12,31,357,12/23/2009,9-Dec
6.52,3.667,88.97613462,74.07013274,4.863594614,0.781269652,12,31,358,12/24/2009,9-Dec
8.91,-4.079,88.37629551,59.05416036,6.274809437,1.287522783,12,31,359,12/25/2009,9-Dec
-1.286,-4.794,83.67755582,58.74424349,5.714193355,1.132546696,12,31,360,12/26/2009,9-Dec
-2.115,-9.63,85.87696588,69.95123752,3.084230875,1.399127478,12,31,361,12/27/2009,9-Dec
-0.078,-8.78,84.17742174,68.19170946,4.563901233,1.818905479,12,31,362,12/28/2009,9-Dec
-4.468,-11.43,82.4778776,56.06496213,1.285794455,3.042923478,12,31,363,12/29/2009,9-Dec
1.285,-6.135,88.57624188,71.58080043,3.166039503,1.37664313,12,31,364,12/30/2009,9-Dec
2.017,-11.39,88.97613462,67.71183818,-830.3663281,1.873492435,12,31,365,12/31/2009,9-Dec
-9.47,-14.67,75.06986459,62.15332909,3.26016341,3.277054565,1,31,1,1/1/2010,10-Jan
-12,-17.63,74.82992895,59.26410405,3.000038675,3.496939043,1,31,2,1/2/2010,10-Jan
-9.72,-17.93,72.28061273,48.4270108,2.562243268,3.535744696,1,31,3,1/3/2010,10-Jan
-10.07,-15.71,74.91990481,65.84233962,3.31349857,2.991985044,1,31,4,1/4/2010,10-Jan
-10.75,-17.2,75.71969029,66.73210096,3.080031661,2.826471913,1,31,5,1/5/2010,10-Jan
-6.679,-17.06,78.27900383,62.4832406,1.549183231,3.287055913,1,31,6,1/6/2010,10-Jan
-4.863,-11.14,85.37709996,74.75994772,4.208665282,1.391078348,1,31,7,1/7/2010,10-Jan
-5.152,-12.01,81.7780653,69.34140109,4.526013314,1.748719565,1,31,8,1/8/2010,10-Jan
-10.11,-20.06,75.90963934,60.88366964,2.232854765,2.218515652,1,31,9,1/9/2010,10-Jan
-6.745,-22.08,77.63917544,66.06228062,2.963118483,2.278894696,1,31,10,1/10/2010,10-Jan
-3.881,-6.976,74.2100952,64.17278743,3.914984725,1.967802261,1,31,11,1/11/2010,10-Jan
-0.192,-10.38,85.37709996,63.46297782,2.226014057,1.484578174,1,31,12,1/12/2010,10-Jan
1.501,-11.79,87.57651003,68.22170142,3.489511302,2.623727739,1,31,13,1/13/2010,10-Jan
4.151,-4.405,79.31872495,69.98122948,2.620073762,2.041944261,1,31,14,1/14/2010,10-Jan
3.346,0.155,88.17634914,78.13904137,1.243142128,0.884098174,1,31,15,1/15/2010,10-Jan
2.527,-0.687,90.87562513,83.27766308,1.234263775,1.224479739,1,31,16,1/16/2010,10-Jan
1.422,-1.874,90.77565195,72.36059128,-4164.831723,3.095083565,1,31,17,1/17/2010,10-Jan
2.409,0.829,89.47600054,85.17715359,-4790.475509,0.980450609,1,31,18,1/18/2010,10-Jan
2.097,-2.044,88.37629551,81.7780653,2.076452537,1.568844,1,31,19,1/19/2010,10-Jan
1.202,-1.848,87.97640277,75.51974392,-6247.768636,0.755158696,1,31,20,1/20/2010,10-Jan
1.91,1.119,89.67594691,86.57677818,-2913.03633,0.738363913,1,31,21,1/21/2010,10-Jan
3.443,0.951,89.27605417,80.27846753,2.89483345,1.811733652,1,31,22,1/22/2010,10-Jan
8.23,2.195,90.27578602,83.07771671,3.705591106,1.148635565,1,31,23,1/23/2010,10-Jan
9.51,1.067,88.17634914,67.831806,4.969681736,1.609932522,1,31,24,1/24/2010,10-Jan
0.872,-5.061,80.97827982,66.63212778,5.723397248,2.175512087,1,31,25,1/25/2010,10-Jan
-5.118,-9.37,77.16930147,64.03282497,5.100100062,3.165650609,1,31,26,1/26/2010,10-Jan
-0.07,-9.27,87.27659047,57.21465376,2.919222735,2.928113218,1,31,27,1/27/2010,10-Jan
-2.085,-12.28,74.89991018,52.03604277,3.232070871,4.249996435,1,31,28,1/28/2010,10-Jan
-6.994,-12.16,68.23169874,57.0247047,3.201612628,2.901626609,1,31,29,1/29/2010,10-Jan
-4.169,-10.11,71.26088624,54.47538849,3.282867612,4.959885913,1,31,30,1/30/2010,10-Jan
-0.938,-12.28,79.7786016,44.64802441,1.473811792,5.761594957,1,31,31,1/31/2010,10-Jan
2.177,-7.594,74.81993163,52.9158068,1.706559074,5.636066087,2,28,32,2/1/2010,10-Feb
2.259,-4.217,76.4794865,66.67211705,2.558067707,1.877440696,2,28,33,2/2/2010,10-Feb
-0.911,-5.553,82.77779715,65.61240129,1.833570468,2.947638522,2,28,34,2/3/2010,10-Feb
3.172,-4.796,83.37763626,63.60294027,2.352737351,3.533054869,2,28,35,2/4/2010,10-Feb
1.478,-0.228,89.27605417,79.37870886,-7081.749216,1.046977826,2,28,36,2/5/2010,10-Feb
0.636,-5.829,84.37736811,61.90339613,-2704.460134,3.187408695,2,28,37,2/6/2010,10-Feb
-1.613,-8.69,79.53866596,56.13494336,1.614205916,3.667693304,2,28,38,2/7/2010,10-Feb
-2.124,-9.27,85.17715359,67.28195348,2.500239196,2.673996261,2,28,39,2/8/2010,10-Feb
-2.319,-11.39,85.47707314,70.38112222,4.261927094,1.487217913,2,28,40,2/9/2010,10-Feb
-2.7,-10.61,81.87803849,65.26249515,4.789949689,2.035464261,2,28,41,2/10/2010,10-Feb
-3.966,-15.66,83.17768989,58.93419254,1.275214935,2.325195391,2,28,42,2/11/2010,10-Feb
-0.532,-12.95,83.27766308,53.7255896,0.721986518,2.353816174,2,28,43,2/12/2010,10-Feb
-1.658,-13.64,84.77726085,58.84421667,1.397430397,2.912205913,2,28,44,2/13/2010,10-Feb
0.152,-11.71,85.97693907,66.69211169,1.204739356,2.261958261,2,28,45,2/14/2010,10-Feb
-3.45,-8.34,83.57758263,69.16144936,3.369166188,1.696022609,2,28,46,2/15/2010,10-Feb
-0.385,-7.127,83.777529,62.22331032,3.937834676,1.892950435,2,28,47,2/16/2010,10-Feb
-0.289,-5.56,75.35978683,64.6426614,2.967826436,1.842256957,2,28,48,2/17/2010,10-Feb
0.26,-9.24,79.29873031,63.17305558,2.144038325,3.001193217,2,28,49,2/18/2010,10-Feb
2.159,-11.55,81.87803849,54.00551452,1.106503137,3.497396869,2,28,50,2/19/2010,10-Feb
5.046,-0.293,87.0766441,69.25142523,1.814897002,2.642036087,2,28,51,2/20/2010,10-Feb
3.499,1.808,89.27605417,75.31979755,2.97145615,1.152708261,2,28,52,2/21/2010,10-Feb
2.358,-0.041,89.0761078,73.14038212,3.430761769,1.303264174,2,28,53,2/22/2010,10-Feb
1.828,-3.992,82.4778776,59.40406651,3.296595599,3.408797739,2,28,54,2/23/2010,10-Feb
-4.482,-8.3,77.38924248,69.28141718,4.431630651,3.443450087,2,28,55,2/24/2010,10-Feb
1.182,-6.473,76.59945432,50.97632701,3.485022513,5.064819652,2,28,56,2/25/2010,10-Feb
1.984,-6.903,77.79913254,48.25705638,3.857741447,7.107581739,2,28,57,2/26/2010,10-Feb
1.554,-4.014,74.94989677,58.60428103,3.604213975,4.425319565,2,28,58,2/27/2010,10-Feb
5.823,-0.42,74.60998794,56.29490045,2.595855351,6.778124609,2,28,59,2/28/2010,10-Feb
4.312,0.419,83.777529,64.90259168,2.838386649,3.55818913,3,31,60,3/1/2010,10-Mar
2.043,-0.255,78.30899578,65.74236643,2.838110935,2.558725043,3,31,61,3/2/2010,10-Mar
4.288,-0.915,73.72022659,47.48726286,2.952343521,5.992169478,3,31,62,3/3/2010,10-Mar
7.559,-2.957,73.60025877,31.90144332,2.396472095,10.5062267,3,31,63,3/4/2010,10-Mar
7.914,-2.317,82.87777034,39.7793303,1.984254395,10.69118452,3,31,64,3/5/2010,10-Mar
9.06,-3.317,82.27793123,36.45022324,1.77706902,10.82696322,3,31,65,3/6/2010,10-Mar
8.42,-0.212,86.57677818,50.6464155,2.03817676,3.74713513,3,31,66,3/7/2010,10-Mar
8.91,0.793,91.87535698,72.90044648,1.308767065,6.61941,3,31,67,3/8/2010,10-Mar
14.89,0.488,92.27524972,57.98444728,3.131652189,5.331123392,3,31,68,3/9/2010,10-Mar
21.23,9.44,87.0766441,51.3462278,4.578954267,9.717795392,3,31,69,3/10/2010,10-Mar
18.73,8.57,90.07583965,58.70425421,4.316506994,7.903249826,3,31,70,3/11/2010,10-Mar
10.04,3.325,87.87642958,64.40272575,2.232815154,2.782158261,3,31,71,3/12/2010,10-Mar
10.3,7.227,90.57570558,77.69915935,2.500504761,2.720313391,3,31,72,3/13/2010,10-Mar
7.959,5.746,85.87696588,69.05147886,4.112195058,2.382408,3,31,73,3/14/2010,10-Mar
8.96,5.153,79.32872227,65.30248442,3.013160049,2.814082435,3,31,74,3/15/2010,10-Mar
16.73,3.799,81.47814575,24.57340886,2.965975525,12.20141035,3,31,75,3/16/2010,10-Mar
18.38,3.473,88.67621506,19.81468526,2.149520315,11.80226348,3,31,76,3/17/2010,10-Mar
17.79,3.231,85.27712677,30.42184018,2.024560213,1.033373739,3,31,77,3/18/2010,10-Mar
18.27,4.259,75.74968225,35.93036268,1.839440135,-62.56979922,3,31,78,3/19/2010,10-Mar
10.47,2.572,80.57838708,60.62373936,6.818311566,-78.26799287,3,31,79,3/20/2010,10-Mar
9.12,2.347,80.77833345,62.55322183,8.024031493,-0.061674652,3,31,80,3/21/2010,10-Mar
14.55,5.172,76.24954817,35.15057183,-4370.520656,9.236878435,3,31,81,3/22/2010,10-Mar
19.19,-0.294,75.30980023,23.09380573,-4164.909344,15.44566226,3,31,82,3/23/2010,10-Mar
19.37,6.48,76.07959376,42.05871891,3.051818664,10.05436252,3,31,83,3/24/2010,10-Mar
11.07,0.02,85.67701951,70.28114903,-1034.734005,1.852216435,3,31,84,3/25/2010,10-Mar
8.88,-1.538,74.42003889,30.85172488,4.506607804,15.76170783,3,31,85,3/26/2010,10-Mar
14.08,0.6,78.53893411,33.76094456,4.372269327,11.32573226,3,31,86,3/27/2010,10-Mar
10.99,4.556,88.27632232,38.23974325,5.419086365,6.094573044,3,31,87,3/28/2010,10-Mar
12.61,2.316,76.4794865,44.44807804,3.207191286,15.32585191,3,31,88,3/29/2010,10-Mar
17.75,2.366,85.97693907,38.60964403,3.352744564,15.10801748,3,31,89,3/30/2010,10-Mar
25.44,9.58,71.65078166,31.46156131,6.446001941,14.81346783,3,31,90,3/31/2010,10-Mar
28.5,10.97,74.44003352,35.21055574,5.996949444,14.39409991,4,30,91,4/1/2010,10-Apr
26.4,13.47,68.45163975,23.41371992,-2495.829399,13.03703687,4,30,92,4/2/2010,10-Apr
15.66,9.58,87.0766441,40.89902997,3.873099977,9.787698783,4,30,93,4/3/2010,10-Apr
24.71,8.1,77.80912986,32.71122612,6.430095526,12.66289278,4,30,94,4/4/2010,10-Apr
23.42,13.54,89.87589328,46.17761414,3.967536492,10.25184209,4,30,95,4/5/2010,10-Apr
27.46,16.51,84.17742174,39.2394751,-1035.328488,14.70096157,4,30,96,4/6/2010,10-Apr
22.64,10.84,79.72861501,56.12494604,6.358213343,6.594964435,4,30,97,4/7/2010,10-Apr
11.49,2.908,80.4784139,36.12031173,5.933927063,10.3862027,4,30,98,4/8/2010,10-Apr
16.48,1.705,77.47921835,20.58447878,1.844646516,17.85093887,4,30,99,4/9/2010,10-Apr
23.83,5.341,71.68077362,24.15352149,4.130520543,16.30922087,4,30,100,4/10/2010,10-Apr
26.54,9.1,72.41057787,20.7544332,2.164037966,13.50390287,4,30,101,4/11/2010,10-Apr
26.14,10.16,74.65997453,23.16378696,3.760486304,16.21347417,4,30,102,4/12/2010,10-Apr
29.71,12,69.16144936,16.90546558,2.381978457,16.33493896,4,30,103,4/13/2010,10-Apr
30.23,12.11,71.18090769,19.7846933,2.986723372,16.80189965,4,30,104,4/14/2010,10-Apr
29.23,13.35,68.60159952,20.18458604,4.617056712,17.02008548,4,30,105,4/15/2010,10-Apr
21.44,12.92,74.67996917,30.85172488,4.995733505,9.905759218,4,30,106,4/16/2010,10-Apr
16.95,3.643,76.43949722,13.4064041,4.202517469,18.14953226,4,30,107,4/17/2010,10-Apr
17.45,4.908,57.13467521,24.13352685,3.617427579,18.11937443,4,30,108,4/18/2010,10-Apr
18.35,4.584,74.19010056,31.37158544,2.771205821,13.45028948,4,30,109,4/19/2010,10-Apr
21.65,7.866,64.08281156,21.52422672,2.368033258,17.13189522,4,30,110,4/20/2010,10-Apr
23.67,7.655,62.30328887,12.71658913,1.925210584,18.12039965,4,30,111,4/21/2010,10-Apr
23.76,8.8,83.57758263,27.12272508,1.684818395,16.01892704,4,30,112,4/22/2010,10-Apr
17.13,14.92,86.47680499,57.51457331,3.700072909,2.741662957,4,30,113,4/23/2010,10-Apr
21.14,14.38,87.0766441,74.13011665,5.354766967,4.032890609,4,30,114,4/24/2010,10-Apr
16.39,10.97,86.57677818,73.77021319,5.475091871,6.896676522,4,30,115,4/25/2010,10-Apr
18.49,10.41,82.37790441,31.28160958,5.172628509,16.85351661,4,30,116,4/26/2010,10-Apr
17.07,5.208,66.04228599,24.57340886,4.472441533,15.91928296,4,30,117,4/27/2010,10-Apr
19.09,3.245,64.88259704,21.97410606,1.91924086,19.43355287,4,30,118,4/28/2010,10-Apr
26,11.36,63.09307703,31.91144064,-4370.905912,18.18961357,4,30,119,4/29/2010,10-Apr
25.52,17.28,79.71861769,53.32569686,-4162.253604,14.3004107,4,30,120,4/30/2010,10-Apr
24.39,18.89,87.87642958,40.41915868,5.061567004,11.55939339,5,31,121,5/1/2010,10-May
22.5,13.62,88.17634914,52.44593283,3.169605837,11.14920548,5,31,122,5/2/2010,10-May
24.31,11.03,86.57677818,38.92955823,3.238633216,15.42947948,5,31,123,5/3/2010,10-May
26.29,10.1,86.47680499,25.96303614,4.379346262,20.84753348,5,31,124,5/4/2010,10-May
27.26,15.47,71.58080043,28.68230677,3.979859928,19.59553722,5,31,125,5/5/2010,10-May
24.4,10.83,61.0236321,16.7555058,2.528347709,20.72525948,5,31,126,5/6/2010,10-May
26.71,11.79,67.44191058,43.66828719,-827.2235672,8.534201478,5,31,127,5/7/2010,10-May
11.17,6.411,60.66372864,43.39835959,7.36871395,10.28816687,5,31,128,5/8/2010,10-May
17.71,3.021,77.14930684,21.61420259,2.00881942,21.0928453,5,31,129,5/9/2010,10-May
17.45,8.06,83.97747537,26.31294228,-1036.662755,13.81660904,5,31,130,5/10/2010,10-May
21.35,10.37,86.67675136,57.40460281,-4579.924818,14.78307835,5,31,131,5/11/2010,10-May
20.05,12.53,85.47707314,71.77074949,3.8948363,10.51303617,5,31,132,5/12/2010,10-May
27.78,15.77,88.17634914,42.70854462,6.184529852,16.37848487,5,31,133,5/13/2010,10-May
21.09,13.35,78.37897701,36.04033318,2.935415053,18.1511773,5,31,134,5/14/2010,10-May
20.49,11.87,74.13011665,41.96874305,2.667956318,7.978510956,5,31,135,5/15/2010,10-May
17.64,13.24,78.08905478,64.84260777,4.198157904,5.091798522,5,31,136,5/16/2010,10-May
14.97,11.12,87.57651003,71.5608058,4.629246375,2.735169652,5,31,137,5/17/2010,10-May
17.54,12.27,81.67809212,56.52483878,4.530532793,13.4555807,5,31,138,5/18/2010,10-May
21.63,11.87,82.17795804,44.698011,3.446894439,18.25244687,5,31,139,5/19/2010,10-May
17.85,12.21,86.57677818,68.36166388,4.037517184,5.803865218,5,31,140,5/20/2010,10-May
22.64,16.64,87.37656366,61.38353557,3.839486216,9.183998348,5,31,141,5/21/2010,10-May
26.99,15.42,90.17581284,48.97686331,2.525069399,19.72080783,5,31,142,5/22/2010,10-May
32.71,18.21,81.67809212,41.52886103,3.749951986,19.18235817,5,31,143,5/23/2010,10-May
33.75,22.75,81.57811893,37.73987732,2.418756468,20.02717956,5,31,144,5/24/2010,10-May
32.03,21.34,78.12904405,30.94170075,2.27019647,19.4642593,5,31,145,5/25/2010,10-May
33.79,21.51,76.86938192,31.1316498,1.539262154,17.87307809,5,31,146,5/26/2010,10-May
30.46,19.35,76.39950795,27.47263123,3.508723696,17.16716661,5,31,147,5/27/2010,10-May
30.22,16.56,57.92446337,27.05274385,3.770223905,22.40927139,5,31,148,5/28/2010,10-May
32.77,18.75,64.53269089,28.53234699,2.750256081,21.57312991,5,31,149,5/29/2010,10-May
33.13,21.26,74.27007911,33.3510545,2.0999221,17.11621096,5,31,150,5/30/2010,10-May
30.58,20.53,84.57731448,44.27812362,2.072071985,12.83637678,5,31,151,5/31/2010,10-May
29.89,19.48,89.17608099,46.60749883,2.182542933,19.20856539,6,30,152,6/1/2010,10-Jun
27.07,19.06,85.17715359,53.28570759,2.509644423,14.02221209,6,30,153,6/2/2010,10-Jun
28.36,20.29,81.97801167,50.13655226,1.175110957,13.57508035,6,30,154,6/3/2010,10-Jun
31.8,17.63,81.27819938,41.38889858,3.015311721,17.28188061,6,30,155,6/4/2010,10-Jun
29.75,24.28,84.97720722,59.37407455,3.539981927,9.749449565,6,30,156,6/5/2010,10-Jun
25.94,16.85,86.17688544,40.51913187,3.894645066,21.98880235,6,30,157,6/6/2010,10-Jun
27.46,15.87,77.38924248,34.23081853,1.066702223,17.24676417,6,30,158,6/7/2010,10-Jun
24.8,20.03,89.37602736,54.9152705,2.83290416,5.565550696,6,30,159,6/8/2010,10-Jun
27.98,21.01,86.87669773,42.63856339,2.490967454,18.19566861,6,30,160,6/9/2010,10-Jun
29.91,17.62,82.97774352,33.7809392,1.43614885,17.97106383,6,30,161,6/10/2010,10-Jun
31.89,22.7,86.97667092,53.38568077,2.87361468,15.76138774,6,30,162,6/11/2010,10-Jun
32.41,22.48,85.17715359,58.82422203,2.214527814,12.58083626,6,30,163,6/12/2010,10-Jun
30.39,21.36,88.67621506,63.25303413,1.516686752,8.206637478,6,30,164,6/13/2010,10-Jun
30.52,22.07,87.7764564,65.85233694,-3748.945298,10.7319913,6,30,165,6/14/2010,10-Jun
29.3,22.28,86.67675136,60.16386271,-3956.559704,12.14916652,6,30,166,6/15/2010,10-Jun
28.19,20.91,86.17688544,42.29865456,2.264101633,21.09052252,6,30,167,6/16/2010,10-Jun
30.84,19.53,81.87803849,37.64990146,1.134658913,20.65245417,6,30,168,6/17/2010,10-Jun
33.79,20.08,86.17688544,50.63641818,2.299242322,19.9945667,6,30,169,6/18/2010,10-Jun
31.11,20.13,85.57704633,44.00819602,1.84521497,22.49536148,6,30,170,6/19/2010,10-Jun
33.94,22.29,82.4778776,45.36783134,1.13374026,21.09440348,6,30,171,6/20/2010,10-Jun
32.93,21.65,82.27793123,57.08468861,1.982482573,18.08066896,6,30,172,6/21/2010,10-Jun
29.45,20.76,85.97693907,61.48350875,1.788800188,10.83710504,6,30,173,6/22/2010,10-Jun
32.76,22.26,83.67755582,58.77423544,2.609023953,17.36370704,6,30,174,6/23/2010,10-Jun
28.33,21,82.4778776,47.617228,2.084938498,23.02210409,6,30,175,6/24/2010,10-Jun
30.07,20.05,81.17822619,42.48860361,1.161961306,22.04821957,6,30,176,6/25/2010,10-Jun
34.15,21.1,81.27819938,45.51779111,1.326579605,21.86500696,6,30,177,6/26/2010,10-Jun
31.63,24.27,83.57758263,57.94445801,2.698165275,16.02324235,6,30,178,6/27/2010,10-Jun
30.01,22.75,84.97720722,31.32159885,2.577766713,23.14109583,6,30,179,6/28/2010,10-Jun
26.3,17.18,79.89856942,35.84038681,2.136746196,21.64077939,6,30,180,6/29/2010,10-Jun
26.84,15.44,77.98908159,29.68203862,1.789710087,23.63901887,6,30,181,6/30/2010,10-Jun
27.29,14.33,77.89910572,30.321867,1.853941904,23.87582922,7,31,182,7/1/2010,10-Jul
28.37,14.81,75.34978951,29.43210565,1.636275364,23.97526826,7,31,183,7/2/2010,10-Jul
30.81,16.77,77.79913254,31.97142455,1.466619507,23.77708435,7,31,184,7/3/2010,10-Jul
32.78,20.71,79.91856406,49.56670511,1.788363951,19.83040435,7,31,185,7/4/2010,10-Jul
31.76,21.98,81.37817256,35.77040558,2.604816675,23.16490983,7,31,186,7/5/2010,10-Jul
33.45,21.42,78.91883221,41.59884226,2.061760306,22.00654174,7,31,187,7/6/2010,10-Jul
34.84,22.9,80.4784139,37.54992827,1.174225473,20.45385157,7,31,188,7/7/2010,10-Jul
31.19,24.7,81.47814575,54.86528391,1.195020125,13.69389757,7,31,189,7/8/2010,10-Jul
30.32,22.37,81.87803849,38.86957431,1.63929234,16.66896104,7,31,190,7/9/2010,10-Jul
32.11,20.18,77.88910841,30.46182946,0.555923236,22.61522426,7,31,191,7/10/2010,10-Jul
28.84,20.16,79.90856674,50.9163431,1.436790899,12.93822078,7,31,192,7/11/2010,10-Jul
31.86,21.76,83.17768989,42.30865188,0.83954913,19.1777713,7,31,193,7/12/2010,10-Jul
30.35,23.15,81.67809212,54.6453429,1.009068596,13.69801174,7,31,194,7/13/2010,10-Jul
33.13,21.96,82.87777034,51.8360964,1.700832951,21.91195096,7,31,195,7/14/2010,10-Jul
33.42,23.99,81.97801167,56.58482269,1.896788136,13.75176209,7,31,196,7/15/2010,10-Jul
31.43,20.73,81.87803849,37.89983442,0.846364653,22.91972478,7,31,197,7/16/2010,10-Jul
33.02,21.45,81.17822619,56.15493799,1.473738915,19.2412127,7,31,198,7/17/2010,10-Jul
29.05,22.84,83.777529,61.16359456,1.688475703,10.36072565,7,31,199,7/18/2010,10-Jul
30.13,20.32,90.47573239,51.01631629,1.346956407,12.10516278,7,31,200,7/19/2010,10-Jul
28.56,20.14,91.0755715,66.80208219,1.545454722,8.991193305,7,31,201,7/20/2010,10-Jul
30.79,21.84,91.27551787,60.32381981,0.82982085,12.70225565,7,31,202,7/21/2010,10-Jul
32.23,21.4,91.37549106,62.58321379,1.86402189,16.28991704,7,31,203,7/22/2010,10-Jul
32.9,24.91,89.7759201,61.19358652,2.64342921,20.9775647,7,31,204,7/23/2010,10-Jul
32.62,22.63,90.17581284,57.84448482,2.404710833,19.90735043,7,31,205,7/24/2010,10-Jul
29.49,18.86,90.37575921,50.07656835,1.843045591,21.22149522,7,31,206,7/25/2010,10-Jul
30.77,18.07,89.37602736,50.4264745,1.215346098,20.57204661,7,31,207,7/26/2010,10-Jul
32.15,20.28,89.47600054,53.0757639,1.03989555,21.40673087,7,31,208,7/27/2010,10-Jul
32.78,22.21,91.97533017,56.48484951,1.557162427,19.13581878,7,31,209,7/28/2010,10-Jul
30.94,20.98,90.47573239,45.93767849,1.168087152,18.13264983,7,31,210,7/29/2010,10-Jul
28.07,18.35,90.87562513,52.40594356,1.489778271,13.73781287,7,31,211,7/30/2010,10-Jul
29.34,19.71,89.0761078,64.89259436,1.724958676,12.9907933,7,31,212,7/31/2010,10-Jul
29.11,17.69,91.7753838,49.85662734,1.239033352,20.99337965,8,31,213,8/1/2010,10-Aug
29.9,18.32,91.57543743,52.55590334,0.680668641,16.39626965,8,31,214,8/2/2010,10-Aug
34.74,21.16,89.67594691,59.43405846,1.460127022,20.28785713,8,31,215,8/3/2010,10-Aug
35.1,24.06,91.0755715,49.20680164,1.385988166,20.07171391,8,31,216,8/4/2010,10-Aug
30.85,21.87,90.87562513,43.56831401,1.874228956,20.11157609,8,31,217,8/5/2010,10-Aug
28.36,17.04,85.67701951,37.97981297,1.093132789,20.0101453,8,31,218,8/6/2010,10-Aug
29.76,16.06,90.87562513,42.52859288,0.891566028,19.8533293,8,31,219,8/7/2010,10-Aug
32.38,16.26,91.67541061,44.09817189,1.297078333,19.76439052,8,31,220,8/8/2010,10-Aug
34.47,20.72,88.47626869,54.39540994,0.995182213,15.39614896,8,31,221,8/9/2010,10-Aug
35.19,23.99,88.67621506,50.90634578,1.27210597,16.42170052,8,31,222,8/10/2010,10-Aug
33.74,23.44,87.7764564,47.79717973,1.139222999,18.78856826,8,31,223,8/11/2010,10-Aug
34.42,23.31,88.87616143,46.68747738,1.10000856,21.03758609,8,31,224,8/12/2010,10-Aug
34.91,22.25,90.67567876,43.94821211,1.283859669,19.76826757,8,31,225,8/13/2010,10-Aug
33.23,21.89,91.27551787,50.39648254,1.150762985,16.29059478,8,31,226,8/14/2010,10-Aug
31.93,21.46,89.67594691,41.81878327,1.672642428,18.64730974,8,31,227,8/15/2010,10-Aug
28.87,17.41,81.37817256,33.75094724,1.694536406,21.47786061,8,31,228,8/16/2010,10-Aug
28.17,16.87,88.77618825,40.76906483,0.9850102,6.924766696,8,31,229,8/17/2010,10-Aug
30.64,18.51,84.37736811,40.06925253,1.682138897,17.9245393,8,31,230,8/18/2010,10-Aug
32.93,17.76,89.37602736,41.97874037,0.948346385,18.94719209,8,31,231,8/19/2010,10-Aug
33.45,21.47,85.17715359,40.84904338,1.99414326,17.53805817,8,31,232,8/20/2010,10-Aug
29.45,20.86,91.27551787,59.70398606,1.742143785,14.24499026,8,31,233,8/21/2010,10-Aug
31.3,18.74,90.07583965,40.73907287,1.863776866,19.43823835,8,31,234,8/22/2010,10-Aug
30.22,16.95,91.97533017,42.05871891,1.343773216,19.92989661,8,31,235,8/23/2010,10-Aug
29.67,17.74,92.07530335,43.02845881,1.077913917,17.14286739,8,31,236,8/24/2010,10-Aug
27.52,17.95,86.17688544,28.69230408,2.328204784,20.17208896,8,31,237,8/25/2010,10-Aug
27.29,13.39,86.27685862,32.11138701,1.002463597,17.81850678,8,31,238,8/26/2010,10-Aug
30.1,12.79,84.37736811,27.26268754,0.869768468,20.05631922,8,31,239,8/27/2010,10-Aug
32.37,12.42,84.87723404,24.0535483,1.326611734,19.75190087,8,31,240,8/28/2010,10-Aug
33.91,21.19,84.07744856,33.60098747,2.046055851,18.06762052,8,31,241,8/29/2010,10-Aug
29.41,18.99,90.57570558,57.14467253,1.867578253,11.3973347,8,31,242,8/30/2010,10-Aug
32.24,20.09,90.67567876,46.45753905,2.007365175,17.85550461,8,31,243,8/31/2010,10-Aug
26.57,21.72,90.57570558,68.24169606,1.478098058,5.839125652,9,30,244,9/1/2010,10-Sep
29.38,20.19,91.57543743,58.56429175,2.089840382,11.12582191,9,30,245,9/2/2010,10-Sep
23.3,14.43,90.77565195,34.29080244,3.096401292,18.65882583,9,30,246,9/3/2010,10-Sep
21.84,10.63,89.7759201,32.58126098,1.893129371,19.25782278,9,30,247,9/4/2010,10-Sep
25.93,8.27,92.07530335,31.96142723,1.396849374,18.8752813,9,30,248,9/5/2010,10-Sep
30.81,13.44,79.2387464,23.58367433,2.590052418,17.82473557,9,30,249,9/6/2010,10-Sep
26.39,13.26,76.29953477,26.79281357,2.41069466,15.67342956,9,30,250,9/7/2010,10-Sep
25.74,9.03,88.07637595,29.88198499,1.307567299,18.79090826,9,30,251,9/8/2010,10-Sep
26.47,9.44,90.67567876,29.6720413,1.313094958,16.87786044,9,30,252,9/9/2010,10-Sep
22.49,13.16,81.47814575,42.82851244,2.034911729,8.137191913,9,30,253,9/10/2010,10-Sep
25.43,15.03,91.57543743,45.7777214,1.975584757,12.0888673,9,30,254,9/11/2010,10-Sep
28.86,11.78,89.37602736,26.7528243,1.51584004,18.17862261,9,30,255,9/12/2010,10-Sep
30.99,13.62,85.27712677,29.55207348,1.706354883,17.53695078,9,30,256,9/13/2010,10-Sep
30.26,15.78,74.78993967,32.39131193,1.071522779,10.41214304,9,30,257,9/14/2010,10-Sep
30.6,13,84.4773413,31.32159885,1.392767372,13.60937113,9,30,258,9/15/2010,10-Sep
23.15,13.33,84.57731448,50.55643964,2.667448972,9.441651131,9,30,259,9/16/2010,10-Sep
27.11,9.8,91.67541061,28.87225582,0.801665285,17.3541013,9,30,260,9/17/2010,10-Sep
28.79,11.77,88.37629551,47.09736744,1.331344235,11.96025574,9,30,261,9/18/2010,10-Sep
27.17,15.71,89.0761078,52.44593283,1.162823283,9.51092687,9,30,262,9/19/2010,10-Sep
32.92,17.56,80.37844071,36.61018033,0.975902517,15.53826835,9,30,263,9/20/2010,10-Sep
34.14,17.27,89.0761078,22.76389422,2.007355217,14.49927548,9,30,264,9/21/2010,10-Sep
26.98,18.51,90.87562513,53.0757639,0.770749309,8.616319826,9,30,265,9/22/2010,10-Sep
32.63,18.37,89.67594691,32.2113602,2.582884183,14.4191653,9,30,266,9/23/2010,10-Sep
24.77,12.48,88.37629551,42.85850439,2.771544253,10.43292991,9,30,267,9/24/2010,10-Sep
22.02,8.01,91.7753838,38.21974861,1.533024327,13.70478757,9,30,268,9/25/2010,10-Sep
16.69,9.5,90.07583965,49.40674801,2.326826008,8.839817217,9,30,269,9/26/2010,10-Sep
20.39,7.001,86.17688544,38.40969766,1.501243709,15.508098,9,30,270,9/27/2010,10-Sep
24.03,6.224,91.27551787,29.48209225,0.952757653,15.02782435,9,30,271,9/28/2010,10-Sep
25.94,7.749,82.4778776,31.61152109,0.737893544,14.9806933,9,30,272,9/29/2010,10-Sep
25.28,11.1,89.67594691,25.68311122,2.366657616,15.30251844,9,30,273,9/30/2010,10-Sep
23.49,8.56,92.47519609,26.62285916,0.924650579,15.23949574,10,31,274,10/1/2010,10-Oct
15.04,7.393,89.57597373,48.18707515,2.880704004,7.533713739,10,31,275,10/2/2010,10-Oct
15.73,5.917,84.57731448,35.32052625,2.493011572,13.15202635,10,31,276,10/3/2010,10-Oct
17.39,2.386,87.87642958,27.73256151,1.582915677,14.8666993,10,31,277,10/4/2010,10-Oct
20.96,2.518,90.77565195,20.00463431,1.008472559,14.57510322,10,31,278,10/5/2010,10-Oct
24.99,5.78,81.97801167,25.63312462,1.593265786,14.32648409,10,31,279,10/6/2010,10-Oct
26.09,11.15,83.67755582,16.82548703,1.383957343,14.34472748,10,31,280,10/7/2010,10-Oct
27.31,5.607,83.777529,17.27536636,0.671581657,14.0918087,10,31,281,10/8/2010,10-Oct
30.92,8.47,78.46895288,27.55260978,0.636072856,13.42600357,10,31,282,10/9/2010,10-Oct
30.27,10.6,88.37629551,23.66365288,0.587483297,12.82222174,10,31,283,10/10/2010,10-Oct
28.98,13.08,73.58026413,24.72336864,0.762577537,11.65172244,10,31,284,10/11/2010,10-Oct
27.1,11.82,79.60864719,31.5115479,0.705640498,8.633335304,10,31,285,10/12/2010,10-Oct
18.18,10.24,91.7753838,41.98873769,1.685699175,5.785767391,10,31,286,10/13/2010,10-Oct
20.04,3.117,83.27766308,21.0243608,1.682184883,12.72229435,10,31,287,10/14/2010,10-Oct
19.16,6.163,78.51893947,30.98169002,2.088985096,13.03893939,10,31,288,10/15/2010,10-Oct
22.28,2.988,90.97559832,25.41318362,1.032438966,12.65796626,10,31,289,10/16/2010,10-Oct
23.35,8.2,75.06986459,20.56448415,1.355236035,12.30796722,10,31,290,10/17/2010,10-Oct
16.25,6.907,73.32033385,25.87306027,-1248.187888,6.214869391,10,31,291,10/18/2010,10-Oct
19.09,2.504,85.27712677,26.39292083,-3540.703616,12.15586956,10,31,292,10/19/2010,10-Oct
21.36,2.16,77.54919958,23.03382182,1.819476423,11.87678817,10,31,293,10/20/2010,10-Oct
16.51,3.626,76.2095589,25.09326943,1.666195832,12.03861913,10,31,294,10/21/2010,10-Oct
21.04,0.06,81.17822619,19.36480593,-4582.387971,10.97030661,10,31,295,10/22/2010,10-Oct
26.64,13.27,44.21813971,23.2437655,1.898874738,4.918296522,10,31,296,10/23/2010,10-Oct
25.16,14.18,84.87723404,34.76067641,2.671127264,9.835806522,10,31,297,10/24/2010,10-Oct
23.97,12.57,92.77511565,56.11494872,2.796338357,7.094937913,10,31,298,10/25/2010,10-Oct
21.87,7.599,80.72756943,35.11058256,-1245.896471,8.144958522,10,31,299,10/26/2010,10-Oct
19.86,8.18,68.51162366,20.02462895,3.032801074,7.892098434,10,31,300,10/27/2010,10-Oct
7.641,-0.192,80.57838708,56.76477442,2.86315155,2.978820783,10,31,301,10/28/2010,10-Oct
12.73,-3.81,92.07530335,27.69257224,0.575303954,10.65848009,10,31,302,10/29/2010,10-Oct
18.6,0.162,76.50947845,26.4329101,1.862319362,7.685744869,10,31,303,10/30/2010,10-Oct
13.39,3.713,82.17795804,28.91224509,2.378669769,10.47260661,10,31,304,10/31/2010,10-Oct
14.08,0.75,83.97747537,30.64178119,1.87210164,7.819944261,11,30,305,11/1/2010,10-Nov
10.9,-0.671,82.87777034,31.32159885,1.908223426,6.988302,11,30,306,11/2/2010,10-Nov
14.36,-2.198,87.7764564,25.88305759,1.031783122,5.657266957,11,30,307,11/3/2010,10-Nov
11.43,4.458,81.57811893,43.85823624,2.926565012,6.706094087,11,30,308,11/4/2010,10-Nov
5.622,-2.132,78.43896092,38.88956895,2.669855418,8.965369565,11,30,309,11/5/2010,10-Nov
8.95,-6.782,86.07691225,27.62259101,0.604330445,9.309276,11,30,310,11/6/2010,10-Nov
18.58,-2.793,73.53027754,21.23430449,1.558650565,9.079455131,11,30,311,11/7/2010,10-Nov
22.16,1.144,69.06147617,21.4042589,0.982924877,9.050806957,11,30,312,11/8/2010,10-Nov
24.12,4.744,62.57321647,26.47289938,0.947446234,8.870907913,11,30,313,11/9/2010,10-Nov
22.71,6.97,68.28168533,32.22135751,1.403464481,8.223861912,11,30,314,11/10/2010,10-Nov
25.37,10.04,69.6713126,38.44968694,0.751135433,7.774969305,11,30,315,11/11/2010,10-Nov
24.11,8.81,80.37844071,20.06461822,1.326526512,8.284640087,11,30,316,11/12/2010,10-Nov
14.88,5.732,83.67755582,34.79066837,2.70699874,1.571358522,11,30,317,11/13/2010,10-Nov
11.93,0.33,77.94909232,30.96169538,1.998051901,8.204292783,11,30,318,11/14/2010,10-Nov
14.78,1.273,72.31060469,33.21109205,1.362191734,6.262306435,11,30,319,11/15/2010,10-Nov
8.79,0.221,75.49974929,49.64668365,1.344388474,2.401908261,11,30,320,11/16/2010,10-Nov
11.02,-0.16,83.97747537,45.15788765,1.325687586,7.777254522,11,30,321,11/17/2010,10-Nov
7.275,-0.153,76.38951063,45.11789837,1.224879946,3.533477478,11,30,322,11/18/2010,10-Nov
11.3,-4.265,81.7780653,50.13655226,1.640205717,6.312844957,11,30,323,11/19/2010,10-Nov
8.09,-0.939,90.37575921,76.73941678,1.117457404,2.405386957,11,30,324,11/20/2010,10-Nov
18.29,4.997,85.07718041,70.41111417,3.014444386,1.91381087,11,30,325,11/21/2010,10-Nov
21.07,7.342,87.97640277,57.71451968,4.068775293,3.579999652,11,30,326,11/22/2010,10-Nov
6.686,-1.556,81.37817256,48.03711538,1.927067504,7.45713313,11,30,327,11/23/2010,10-Nov
5.972,-1.77,88.97613462,69.30141182,-2289.323333,0.961892609,11,30,328,11/24/2010,10-Nov
9.41,-2.955,88.17634914,57.5645599,2.254563487,0.775967478,11,30,329,11/25/2010,10-Nov
3.04,-4.49,69.80127774,49.93660589,2.535510368,7.289985913,11,30,330,11/26/2010,10-Nov
4.22,-1.379,80.27846753,46.84743447,1.604354061,7.207014522,11,30,331,11/27/2010,10-Nov
8.39,-2.394,81.97801167,59.4540531,1.764314697,7.202993478,11,30,332,11/28/2010,10-Nov
11.17,2.369,87.37656366,62.38326742,2.940295308,2.179887652,11,30,333,11/29/2010,10-Nov
12.11,-1.975,86.77672455,65.49243347,3.45187338,1.246761391,11,30,334,11/30/2010,10-Nov
-1.668,-4.407,78.07905746,63.74290273,2.825612715,2.289956869,12,31,335,12/1/2010,10-Dec
1.755,-4.368,78.18902796,54.19546357,1.24278782,3.353958783,12,31,336,12/2/2010,10-Dec
3.252,-3.126,84.17742174,41.67882081,1.035559953,5.448913826,12,31,337,12/3/2010,10-Dec
1.193,-1.239,84.4773413,77.8291245,2.487134681,2.673644869,12,31,338,12/4/2010,10-Dec
-1.231,-10.94,80.4784139,63.9428491,2.828261872,4.262354609,12,31,339,12/5/2010,10-Dec
-6.535,-13.92,75.47975465,62.14333177,2.764998421,6.365543478,12,31,340,12/6/2010,10-Dec
-6.062,-15.76,77.6691674,55.92499967,1.627594933,6.439277739,12,31,341,12/7/2010,10-Dec
-4.741,-16.15,77.45922371,45.97766777,0.887435351,6.273370956,12,31,342,12/8/2010,10-Dec
0.786,-16.25,74.78993967,59.64400215,1.709458801,4.106142,12,31,343,12/9/2010,10-Dec
5.04,-3.874,81.27819938,63.86287056,1.009318387,5.993799652,12,31,344,12/10/2010,10-Dec
4.703,-4.704,88.47626869,71.26088624,2.872057616,0.960403304,12,31,345,12/11/2010,10-Dec
-2.758,-7.981,83.97747537,58.44432393,4.121693146,2.028600783,12,31,346,12/12/2010,10-Dec
-8.75,-13.6,69.75129115,59.49404237,4.03047369,6.252131739,12,31,347,12/13/2010,10-Dec
-5.563,-15.86,71.99069049,45.65775357,1.124521837,6.243470609,12,31,348,12/14/2010,10-Dec
-3.103,-14.59,84.97720722,52.35595697,1.65046469,2.776274609,12,31,349,12/15/2010,10-Dec
-2.261,-4.553,86.17688544,70.71103373,2.00298421,2.786882869,12,31,350,12/16/2010,10-Dec
-4.114,-11.78,81.07825301,64.29275525,-831.7244373,5.551419913,12,31,351,12/17/2010,10-Dec
-0.903,-13.33,83.47760945,60.73370987,-1249.26128,5.188633826,12,31,352,12/18/2010,10-Dec
0.835,-13.75,84.4773413,73.46029631,0.596083127,2.721114783,12,31,353,12/19/2010,10-Dec
1.239,-4.909,84.97720722,74.29007375,2.180166164,2.744340261,12,31,354,12/20/2010,10-Dec
4.216,1.243,86.17688544,73.35032581,-1248.833186,2.934623739,12,31,355,12/21/2010,10-Dec
2.428,-6.139,81.67809212,60.2138493,2.795965879,2.981286782,12,31,356,12/22/2010,10-Dec
2.09,-5.216,82.57785078,57.67453041,1.420346664,5.609201478,12,31,357,12/23/2010,10-Dec
1.058,-3.254,88.07637595,69.81127506,1.176837135,2.13959113,12,31,358,12/24/2010,10-Dec
-0.785,-2.448,85.57704633,70.24115976,2.254043607,3.098064522,12,31,359,12/25/2010,10-Dec
-1.518,-5.547,77.939095,67.90178723,2.61281807,4.901229391,12,31,360,12/26/2010,10-Dec
-3.824,-11.12,84.27739493,73.66024268,1.892669254,3.555874174,12,31,361,12/27/2010,10-Dec
-0.673,-10.95,85.47707314,71.08093451,1.05820507,3.733700087,12,31,362,12/28/2010,10-Dec
3.424,-7.782,88.07637595,77.89910572,2.272732988,3.753936,12,31,363,12/29/2010,10-Dec
10.26,3.514,86.17688544,73.66024268,3.434950737,2.557649739,12,31,364,12/30/2010,10-Dec
15.03,8.99,85.57704633,75.09985655,3.817650719,1.974941217,12,31,365,12/31/2010,10-Dec
10.53,-6.099,76.82939265,50.54644232,2.946495832,3.447861652,1,31,1,1/1/2011,11-Jan
-1.025,-8.74,76.15957231,43.7282711,1.769216861,6.633687913,1,31,2,1/2/2011,11-Jan
4.809,-5.519,77.30926393,50.08656567,1.626980639,6.104346261,1,31,3,1/3/2011,11-Jan
-0.277,-6.72,79.97854797,50.03657907,1.727861379,6.638172261,1,31,4,1/4/2011,11-Jan
2.672,-8.33,76.7494141,50.6464155,1.348969251,5.718111652,1,31,5,1/5/2011,11-Jan
0.849,-4.361,76.41950259,51.20626534,2.075569586,2.598678783,1,31,6,1/6/2011,11-Jan
-1.902,-6.447,78.56892606,56.13494336,2.136781158,3.02300687,1,31,7,1/7/2011,11-Jan
-5.749,-12.76,75.96962325,55.30516592,2.668148895,6.100783826,1,31,8,1/8/2011,11-Jan
-0.659,-14.15,74.93989945,43.14842663,0.613577019,5.676638087,1,31,9,1/9/2011,11-Jan
1.94,-5.962,73.8301971,38.21974861,2.205142194,5.142822261,1,31,10,1/10/2011,11-Jan
-1.168,-4.219,84.37736811,63.91285715,2.036178339,3.856341913,1,31,11,1/11/2011,11-Jan
-3.517,-8.4,79.47868205,72.55054033,3.299078439,4.130454522,1,31,12,1/12/2011,11-Jan
-6.192,-16.11,77.63917544,69.89125361,1.632497929,5.451198261,1,31,13,1/13/2011,11-Jan
-0.797,-11.8,79.19875713,57.4545894,1.015730953,5.227941913,1,31,14,1/14/2011,11-Jan
0.961,-6.891,77.04933365,63.49296977,2.478337954,3.44817,1,31,15,1/15/2011,11-Jan
-1.65,-11.15,76.98934974,52.74585239,1.25891314,6.166647391,1,31,16,1/16/2011,11-Jan
3.475,-4.36,87.57651003,69.36139573,2.578727534,4.159016609,1,31,17,1/17/2011,11-Jan
3.803,-1.244,87.87642958,82.4778776,-1456.552766,1.100856522,1,31,18,1/18/2011,11-Jan
-1.405,-3.867,83.17768989,70.81100691,-9999,2.207959044,1,31,19,1/19/2011,11-Jan
-4.158,-12.41,80.87830664,63.08307971,2.057726552,3.74293487,1,31,20,1/20/2011,11-Jan
-13.07,-19.7,70.80100959,53.9955172,1.259925743,5.920607739,1,31,21,1/21/2011,11-Jan
-4.646,-15.51,73.03041162,67.14199102,1.625755433,4.386670435,1,31,22,1/22/2011,11-Jan
-4.582,-13.11,79.97854797,53.52564323,1.978929421,4.935995218,1,31,23,1/23/2011,11-Jan
1.207,-7.908,86.97667092,70.22116512,1.698607182,4.275968087,1,31,24,1/24/2011,11-Jan
-0.302,-9.18,83.27766308,68.14172287,0.625324253,3.923714348,1,31,25,1/25/2011,11-Jan
-0.579,-4.254,80.4784139,64.58267749,1.454550719,2.875538348,1,31,26,1/26/2011,11-Jan
0.399,-5.522,83.87750219,71.44083798,2.122753398,3.842460783,1,31,27,1/27/2011,11-Jan
0.109,-4.737,83.27766308,64.33274452,1.57725467,3.357675391,1,31,28,1/28/2011,11-Jan
4.526,-4.485,83.777529,58.67426226,1.294666493,5.315392956,1,31,29,1/29/2011,11-Jan
2.918,-2.668,87.0766441,64.53269089,2.45860876,6.308198609,1,31,30,1/30/2011,11-Jan
-2.046,-6.329,86.37683181,64.79262118,-3539.26761,3.903167739,1,31,31,1/31/2011,11-Jan
-4.226,-7.441,85.7769927,78.67889657,-9999,1.345603304,2,28,32,2/1/2011,11-Feb
-4.751,-11.49,84.97720722,66.1022699,-9999,5.364256696,2,28,33,2/2/2011,11-Feb
-8.3,-15.89,74.5899933,55.09522223,-6457.352801,7.271819217,2,28,34,2/3/2011,11-Feb
-2.642,-12.98,78.94882417,46.61749615,-832.1344205,7.625915217,2,28,35,2/4/2011,11-Feb
-0.302,-4.666,86.57677818,60.1038788,1.628784389,4.567657305,2,28,36,2/5/2011,11-Feb
1.97,-2.353,85.27712677,78.25900919,2.369772307,3.734295652,2,28,37,2/6/2011,11-Feb
1.165,-6.076,81.97801167,55.44512838,2.586887403,7.183163739,2,28,38,2/7/2011,11-Feb
-6.416,-15.89,75.78967152,54.43539921,2.310949082,7.977498261,2,28,39,2/8/2011,11-Feb
-9.49,-15.05,68.73156466,52.89581216,1.768723427,5.730614609,2,28,40,2/9/2011,11-Feb
-6.865,-20.81582053,71.31087284,55.14520883,1.76039098,8.033982261,2,28,41,2/10/2011,11-Feb
1.504,-10.28,67.69184354,49.51671851,2.233039833,6.350102608,2,28,42,2/11/2011,11-Feb
3.592,-4.808,81.47814575,63.80288664,2.322065752,7.717529739,2,28,43,2/12/2011,11-Feb
6.924,1.187,69.41138232,57.21465376,2.849824663,8.268080869,2,28,44,2/13/2011,11-Feb
7.847,1.784,80.77833345,54.39540994,2.689326697,6.754400608,2,28,45,2/14/2011,11-Feb
5.347,-1.073,84.67728767,57.27463767,2.110968142,6.43824,2,28,46,2/15/2011,11-Feb
13.52,2.702,83.67755582,63.2930234,1.379757963,7.320201652,2,28,47,2/16/2011,11-Feb
17.6,8.06,80.17849434,67.15198834,3.867596829,6.594004956,2,28,48,2/17/2011,11-Feb
13.97,3.031,79.57865523,30.74175438,1.864320192,9.733427218,2,28,49,2/18/2011,11-Feb
9.56,1.084,74.46002816,36.39023933,1.720288776,9.737152434,2,28,50,2/19/2011,11-Feb
16.08,2.159,79.97854797,62.08334786,3.031262033,5.306824173,2,28,51,2/20/2011,11-Feb
14.55,1.75,86.97667092,75.19982973,2.180242038,1.995074609,2,28,52,2/21/2011,11-Feb
1.628,-1.062,78.3189931,68.33167192,2.207838373,2.043732522,2,28,53,2/22/2011,11-Feb
5.297,-0.946,82.57785078,69.09146813,2.075917796,6.000510522,2,28,54,2/23/2011,11-Feb
5.532,0.839,83.17768989,73.86018905,3.376335609,2.388903652,2,28,55,2/24/2011,11-Feb
2.967,0.288,86.97667092,57.17466448,2.528301313,5.430022435,2,28,56,2/25/2011,11-Feb
3.684,0.65,85.87696588,70.25115707,1.201177257,2.813720087,2,28,57,2/26/2011,11-Feb
14.18,2.988,88.27632232,76.75941142,1.949077878,3.189281478,2,28,58,2/27/2011,11-Feb
5.913,-0.001,86.37683181,57.78450091,3.147425359,5.203198956,2,28,59,2/28/2011,11-Feb
8.68,-2.202,80.97827982,55.38514447,1.631970798,11.88468157,3,31,60,3/1/2011,11-Mar
7.927,-0.599,78.92882953,46.01765704,2.964951476,12.14202913,3,31,61,3/2/2011,11-Mar
12.66,-1.285,77.57919153,40.98900584,2.565670386,8.752103217,3,31,62,3/3/2011,11-Mar
16.39,7.135,88.57624188,56.33488973,3.087164782,4.985461565,3,31,63,3/4/2011,11-Mar
13.33,-0.554,87.67648321,75.78967152,3.695838409,1.875404348,3,31,64,3/5/2011,11-Mar
3.131,-1.733,79.42869545,66.63212778,2.269743701,5.827344262,3,31,65,3/6/2011,11-Mar
6.176,0.098,80.4784139,63.42298854,1.477628828,4.508423217,3,31,66,3/7/2011,11-Mar
11.24,2.284,86.67675136,57.0247047,2.191391171,5.189153479,3,31,67,3/8/2011,11-Mar
10.9,3.369,88.07637595,75.3997761,3.086219802,2.923324435,3,31,68,3/9/2011,11-Mar
3.461,1.221,81.57811893,66.45217605,2.827431446,1.708563913,3,31,69,3/10/2011,11-Mar
10,-1.332,81.37817256,43.90822284,1.996185267,12.97580322,3,31,70,3/11/2011,11-Mar
10.38,2.345,77.05933097,52.19599987,3.493495708,11.84560435,3,31,71,3/12/2011,11-Mar
4.31,-0.676,79.84858283,63.2930234,1.990419214,4.687921565,3,31,72,3/13/2011,11-Mar
7.63,0.893,74.94989677,51.03631092,3.245049984,6.706552696,3,31,73,3/14/2011,11-Mar
6.729,3.161,85.47707314,75.61971711,2.161449506,2.536069304,3,31,74,3/15/2011,11-Mar
17.24,2.072,83.777529,45.28785279,1.930934477,13.33053391,3,31,75,3/16/2011,11-Mar
23.65,6.904,77.72915131,49.10682845,3.397923905,11.60234452,3,31,76,3/17/2011,11-Mar
17.75,6.936,75.44976269,40.73907287,2.169454907,4.792186174,3,31,77,3/18/2011,11-Mar
14.61,1.646,79.7786016,33.17110277,1.976013338,13.113702,3,31,78,3/19/2011,11-Mar
21.39,7.03,79.6686311,50.33649863,3.427138954,8.337079565,3,31,79,3/20/2011,11-Mar
23.59,13.19,75.79966884,48.6969384,1.83693574,11.03616939,3,31,80,3/21/2011,11-Mar
23.48,9.08,77.69915935,52.106024,2.925184819,7.204855304,3,31,81,3/22/2011,11-Mar
22.27,3.036,82.27793123,21.6741865,5.20136236,12.74646522,3,31,82,3/23/2011,11-Mar
4.439,0.391,78.79886439,47.98712878,4.977518032,6.163412087,3,31,83,3/24/2011,11-Mar
5.795,-0.53,68.84153517,38.3197218,3.443624964,7.469776956,3,31,84,3/25/2011,11-Mar
3.772,-2.419,66.09227258,37.55992559,6.366008559,7.235386435,3,31,85,3/26/2011,11-Mar
5.542,-3.548,70.02121875,19.45478179,5.314350702,13.35569165,3,31,86,3/27/2011,11-Mar
8.37,-3.003,71.68077362,19.86467185,4.050287325,14.42447139,3,31,87,3/28/2011,11-Mar
9.56,-0.368,58.94418986,25.75309245,4.005741523,8.983346087,3,31,88,3/29/2011,11-Mar
11,1.234,56.12494604,22.45397734,3.824565942,13.88376235,3,31,89,3/30/2011,11-Mar
11.46,0.029,57.25464303,28.55234163,1.745810772,9.933172435,3,31,90,3/31/2011,11-Mar
11.63,2.826,80.4784139,40.82904874,3.58078524,5.518802348,4,30,91,4/1/2011,11-Apr
16.33,1.119,80.27846753,17.88520279,3.969204465,15.17489217,4,30,92,4/2/2011,11-Apr
27.72,8.94,59.42406114,29.56207079,-4787.837306,12.1888933,4,30,93,4/3/2011,11-Apr
22.8,7.006,84.17742174,56.36488168,6.558165159,2.307226696,4,30,94,4/4/2011,11-Apr
12.92,1.725,72.52054837,28.49235771,5.213073833,14.1227593,4,30,95,4/5/2011,11-Apr
23.36,6.551,67.49189717,21.54422136,6.521684341,12.15483652,4,30,96,4/6/2011,11-Apr
16.87,5.346,84.37736811,41.86876986,5.891720595,7.082341826,4,30,97,4/7/2011,11-Apr
15.95,8.93,84.4773413,65.81234766,3.565790701,8.450406,4,30,98,4/8/2011,11-Apr
25.78,10.94,88.27632232,54.8053,4.278338869,9.255106174,4,30,99,4/9/2011,11-Apr
29.03,18.48,77.54919958,48.2670537,-2494.103804,11.55267235,4,30,100,4/10/2011,11-Apr
24.79,12.73,83.777529,48.14708588,4.120815026,9.072196435,4,30,101,4/11/2011,11-Apr
17.21,6.658,72.66051083,29.04221023,4.926224574,15.8013407,4,30,102,4/12/2011,11-Apr
20.55,5.916,62.27329691,16.90546558,1.368960116,13.89806139,4,30,103,4/13/2011,11-Apr
22.49,8.54,61.36354093,19.0248971,4.119124232,13.17981835,4,30,104,4/14/2011,11-Apr
17.47,8.17,83.57758263,52.46592747,7.056723442,2.98283087,4,30,105,4/15/2011,11-Apr
11.48,4.883,85.27712677,64.87259972,6.528272477,2.861193131,4,30,106,4/16/2011,11-Apr
16.48,4.752,78.99881076,32.77121003,3.732303184,13.992354,4,30,107,4/17/2011,11-Apr
16.13,8.08,84.77726085,52.20599719,5.581844098,11.47617235,4,30,108,4/18/2011,11-Apr
24.32,6.361,88.47626869,73.38031776,6.575879272,3.857369478,4,30,109,4/19/2011,11-Apr
7.826,4.19,84.67728767,65.96230744,5.206938545,4.921156957,4,30,110,4/20/2011,11-Apr
14.55,2.899,83.07771671,40.74907019,3.530315761,13.62404426,4,30,111,4/21/2011,11-Apr
19.61,9.64,89.67594691,64.45271235,5.449656223,1.848990522,4,30,112,4/22/2011,11-Apr
19.78,11.56,87.27659047,50.89634847,4.051198997,10.50162183,4,30,113,4/23/2011,11-Apr
18.34,11.89,77.61918081,48.78691426,2.504619891,10.66503052,4,30,114,4/24/2011,11-Apr
20.03,12.82,89.37602736,67.12199639,3.154141127,5.471587566,4,30,115,4/25/2011,11-Apr
21.23,14.72,87.7764564,58.27436952,6.087054589,7.583171478,4,30,116,4/26/2011,11-Apr
14.75,7.418,86.07691225,70.85099618,4.067340219,4.113272348,4,30,117,4/27/2011,11-Apr
14.18,6.821,79.06879199,50.06657103,5.713235768,13.37907365,4,30,118,4/28/2011,11-Apr
17.7,7.702,72.49055642,40.29919086,2.693391209,18.22205504,4,30,119,4/29/2011,11-Apr
23.61,10.76,75.78967152,39.54939197,-2078.111571,13.4087173,4,30,120,4/30/2011,11-Apr
19.2,8.58,83.17768989,28.90224777,3.720415268,11.6325133,5,31,121,5/1/2011,11-May
14.24,8.92,81.97801167,45.06791178,1.779852232,4.516349478,5,31,122,5/2/2011,11-May
14.35,6.58,82.4778776,33.37104914,4.202711789,14.9060927,5,31,123,5/3/2011,11-May
14.3,4.468,78.15903601,35.90037072,3.157608171,14.40809765,5,31,124,5/4/2011,11-May
17.89,3.842,82.57785078,49.32676946,4.204488058,12.70888591,5,31,125,5/5/2011,11-May
21.01,9.34,85.27712677,28.37238989,3.098861775,18.20190757,5,31,126,5/6/2011,11-May
24.45,12.96,84.67728767,51.67613931,4.709276345,13.14121461,5,31,127,5/7/2011,11-May
23.03,11.92,88.97613462,52.93580144,3.619400611,13.14331357,5,31,128,5/8/2011,11-May
26.65,14.63,78.97881612,53.63561373,5.852125189,13.28731826,5,31,129,5/9/2011,11-May
33.1,20.47,83.07771671,36.7001562,4.103315187,15.48571852,5,31,130,5/10/2011,11-May
32.61,19.03,85.37709996,40.09924449,2.979724906,14.98513617,5,31,131,5/11/2011,11-May
30.7,20.38,81.07825301,30.2118965,2.811921782,14.68110913,5,31,132,5/12/2011,11-May
27.82,13.66,83.37763626,30.28187773,2.787449062,12.85896287,5,31,133,5/13/2011,11-May
13.57,10.42,85.97693907,78.27900383,4.368223207,5.047639826,5,31,134,5/14/2011,11-May
11.23,7.129,85.27712677,74.12011933,5.548378929,4.062321391,5,31,135,5/15/2011,11-May
15.36,4.762,76.94936047,35.32052625,5.025311632,20.73171835,5,31,136,5/16/2011,11-May
16.98,4.766,72.84046257,47.15735135,3.961620261,10.92813965,5,31,137,5/17/2011,11-May
17.44,10.2,75.15984046,53.77557619,2.185251636,7.162583479,5,31,138,5/18/2011,11-May
25.31,11.2,86.57677818,34.20082658,1.157406238,17.0209127,5,31,139,5/19/2011,11-May
28.23,15.74,73.49028827,35.97035195,2.365490963,16.62302348,5,31,140,5/20/2011,11-May
27.93,20.1,76.2095589,44.01819334,3.748177354,12.50246583,5,31,141,5/21/2011,11-May
32.2,17.36,84.57731448,38.70961722,5.401497969,16.06894357,5,31,142,5/22/2011,11-May
29.33,18.45,77.11931488,41.60883958,4.957481549,16.74183991,5,31,143,5/23/2011,11-May
31.03,17.18,84.77726085,30.55180533,2.073747635,17.53403243,5,31,144,5/24/2011,11-May
24.73,17.51,85.57704633,54.31543139,3.278232852,8.075178782,5,31,145,5/25/2011,11-May
18.82,9.68,85.27712677,66.07227794,4.410845358,5.097349565,5,31,146,5/26/2011,11-May
16.69,9.31,79.18875981,63.98283838,2.485833235,9.880135043,5,31,147,5/27/2011,11-May
20.23,13.98,88.07637595,72.00068781,2.81241714,6.156112696,5,31,148,5/28/2011,11-May
29.88,18.46,85.97693907,48.52698398,3.354616351,14.94050322,5,31,149,5/29/2011,11-May
32.71,20.8,80.67836027,37.509939,4.678745348,22.93082687,5,31,150,5/30/2011,11-May
31.78,22.06,79.11877858,38.2697352,4.345305095,17.11345774,5,31,151,5/31/2011,11-May
30.59,18.67,80.07852116,22.15405779,1.481420696,22.966632,6,30,152,6/1/2011,11-Jun
27.36,19.01,74.02014615,44.70800832,1.617386566,8.050911652,6,30,153,6/2/2011,11-Jun
33.53,20.27,74.5899933,37.04006503,2.968324265,17.98673635,6,30,154,6/3/2011,11-Jun
35.66,23.75,78.80886171,34.13084535,3.335605103,22.31393635,6,30,155,6/4/2011,11-Jun
31.24,20.17,85.7769927,47.17734598,1.445204622,11.33846609,6,30,156,6/5/2011,11-Jun
34.08,22.05,82.07798486,37.68989073,2.374520512,21.27741652,6,30,157,6/6/2011,11-Jun
35.61,23.14,78.83885366,28.45236844,2.479191495,22.15104535,6,30,158,6/7/2011,11-Jun
35.44,24.29,71.99069049,29.31213783,3.087955077,19.72201617,6,30,159,6/8/2011,11-Jun
33.88,17.74,79.43869277,33.25108132,3.469591337,14.78690217,6,30,160,6/9/2011,11-Jun
32.39,17.5,81.47814575,36.06032782,2.517375108,21.68913209,6,30,161,6/10/2011,11-Jun
26.85,16.56,78.92882953,57.9944446,2.615823771,12.47747478,6,30,162,6/11/2011,11-Jun
23.66,14.04,80.67836027,34.71068982,3.00156247,18.81789496,6,30,163,6/12/2011,11-Jun
26.63,13.88,69.0214869,34.1608373,2.009054093,19.36991426,6,30,164,6/13/2011,11-Jun
24.36,17.98,67.84180332,43.70827647,2.376097634,9.211157217,6,30,165,6/14/2011,11-Jun
25.81,17.49,83.97747537,56.03497017,3.092218165,10.7996267,6,30,166,6/15/2011,11-Jun
29.56,17.43,79.96855065,37.17003017,1.926962579,18.5234353,6,30,167,6/16/2011,11-Jun
29.41,19.61,81.67809212,50.55643964,1.483392679,13.46312348,6,30,168,6/17/2011,11-Jun
27.69,21.92,81.97801167,57.2946323,1.667779359,11.52725791,6,30,169,6/18/2011,11-Jun
27.64,20.78,83.57758263,62.12333714,1.639896146,8.707713653,6,30,170,6/19/2011,11-Jun
30.6,22.43,82.07798486,52.23598914,2.490223245,10.47729913,6,30,171,6/20/2011,11-Jun
30.8,20.9,85.67701951,54.08549307,3.385818788,15.00350948,6,30,172,6/21/2011,11-Jun
24.97,20.03,83.777529,50.87635383,3.677238852,14.0217887,6,30,173,6/22/2011,11-Jun
21.61,18.8,80.4784139,63.55295368,3.287165485,6.968864348,6,30,174,6/23/2011,11-Jun
22.02,17.46,81.87803849,54.99524905,2.411529043,9.418841218,6,30,175,6/24/2011,11-Jun
26.52,14.81,81.67809212,44.72800295,0.991743685,15.26976783,6,30,176,6/25/2011,11-Jun
26.12,19.99,80.87830664,60.3738064,2.235319402,13.97955678,6,30,177,6/26/2011,11-Jun
28.49,19.43,87.17661729,53.36568613,2.737847172,19.12701209,6,30,178,6/27/2011,11-Jun
27.38,19.02,80.87830664,38.98954214,2.105057392,24.63104348,6,30,179,6/28/2011,11-Jun
29.54,16,79.25874104,36.51020715,0.606403377,24.30338556,6,30,180,6/29/2011,11-Jun
30.34,18.75,77.27927198,50.35649327,1.59251308,23.04617165,6,30,181,6/30/2011,11-Jun
29.02,21.79,81.07825301,58.18439365,-2290.141753,12.95720922,7,31,182,7/1/2011,11-Jul
34.48,24.01,80.87830664,52.92580412,1.850636717,21.81839243,7,31,183,7/2/2011,11-Jul
32.22,21.91,79.25874104,44.55804854,1.261041815,21.43901661,7,31,184,7/3/2011,11-Jul
30.88,20.15,78.71888584,33.98088557,1.266863894,22.78209991,7,31,185,7/4/2011,11-Jul
31.32,19.05,73.12038748,40.37916941,0.687380621,23.96710174,7,31,186,7/5/2011,11-Jul
33.79,13.31,78.23901455,35.36051552,0.798168593,21.85211035,7,31,187,7/6/2011,11-Jul
32.13,20.58,79.36871154,44.71800563,1.418914774,15.2438267,7,31,188,7/7/2011,11-Jul
31.43,19.27,82.97774352,32.0514031,1.791694024,23.53884183,7,31,189,7/8/2011,11-Jul
32.07,19.86,76.86938192,45.75772676,1.457034872,22.29205617,7,31,190,7/9/2011,11-Jul
32.42,21.68,81.17822619,51.00631897,1.757959132,22.81769374,7,31,191,7/10/2011,11-Jul
35.82,24.77,82.4778776,54.72532145,1.852081523,21.231252,7,31,192,7/11/2011,11-Jul
33.97,24.18,75.87964739,37.55992559,1.177428289,21.935196,7,31,193,7/12/2011,11-Jul
28.05,18.14,81.57811893,45.26785815,2.33734014,18.00506974,7,31,194,7/13/2011,11-Jul
29.66,16.6,83.97747537,40.93901924,1.733678448,23.37471626,7,31,195,7/14/2011,11-Jul
31.02,18.34,76.34952136,41.74880204,-207.1930998,20.33793861,7,31,196,7/15/2011,11-Jul
32.74,21.09,75.96962325,37.63990414,-3124.295873,14.98513383,7,31,197,7/16/2011,11-Jul
33.93,22.05,79.89856942,46.57750688,0.898487669,20.74042174,7,31,198,7/17/2011,11-Jul
33.61,24.04,81.37817256,52.99578535,1.401786049,16.82700809,7,31,199,7/18/2011,11-Jul
36.25,26.05,80.4784139,51.53617685,1.36080652,17.53186774,7,31,200,7/19/2011,11-Jul
35.55,26.89,80.27846753,46.97739961,1.23186816,22.28080148,7,31,201,7/20/2011,11-Jul
37.66,24.7,81.7780653,37.99980761,1.031062866,22.5185893,7,31,202,7/21/2011,11-Jul
38.13,25.58,82.57785078,42.87849903,1.030739598,20.73435809,7,31,203,7/22/2011,11-Jul
35.73,25.95,82.87777034,46.44754173,1.03794074,20.15409913,7,31,204,7/23/2011,11-Jul
31.55,22.35,86.67675136,62.71317893,1.162585655,6.571716261,7,31,205,7/24/2011,11-Jul
32.69600679,21.81,82.77779715,49.54671047,1.003063165,19.06022504,7,31,206,7/25/2011,11-Jul
34.38,22.1,82.37790441,46.92741302,0.808057128,17.96808991,7,31,207,7/26/2011,11-Jul
32.61,22.85,83.67755582,57.31462694,1.661575929,18.3605807,7,31,208,7/27/2011,11-Jul
33.87,23.5,83.777529,46.90741839,1.569272563,19.83239217,7,31,209,7/28/2011,11-Jul
32.33,23.81,81.27819938,52.44593283,1.502033552,11.5648513,7,31,210,7/29/2011,11-Jul
32.11,22.99,82.97774352,52.19599987,0.820079178,17.12628,7,31,211,7/30/2011,11-Jul
34.16,23.08,81.97801167,42.47860629,0.747703395,21.31886113,7,31,212,7/31/2011,11-Jul
34.46,21.92,81.97801167,44.35810217,0.639597567,20.60550157,8,31,213,8/1/2011,11-Aug
33.8,23.15,83.17768989,46.87742643,1.794435002,20.94672052,8,31,214,8/2/2011,11-Aug
32.97,21.83,80.57838708,42.32864651,2.247671969,19.01914748,8,31,215,8/3/2011,11-Aug
31.62,18.28,79.21875177,34.41077026,1.451535557,21.86460391,8,31,216,8/4/2011,11-Aug
32.18,22.72,77.61918081,42.8085178,1.092585125,14.59701704,8,31,217,8/5/2011,11-Aug
30.95,22.58,84.27739493,59.93392439,1.158875765,11.46940357,8,31,218,8/6/2011,11-Aug
32.82,21.72,85.17715359,39.6193732,1.67451522,20.65569261,8,31,219,8/7/2011,11-Aug
30.59,20.24,82.07798486,52.22599183,1.247493433,13.23769852,8,31,220,8/8/2011,11-Aug
31.61,19.93,78.71888584,31.68150232,2.596676785,20.79951026,8,31,221,8/9/2011,11-Aug
27.09,16.03,80.37844071,31.6215184,1.551918859,20.23026887,8,31,222,8/10/2011,11-Aug
28.71,14.12,79.68862574,30.8617222,0.696550568,19.14427878,8,31,223,8/11/2011,11-Aug
29.26,14.88,78.30899578,35.06059597,1.179623362,17.93447765,8,31,224,8/12/2011,11-Aug
31.16,17.02,82.67782397,41.71881009,1.229594121,17.92952296,8,31,225,8/13/2011,11-Aug
26.22,17.96,84.07744856,48.07710465,2.826241485,17.78247391,8,31,226,8/14/2011,11-Aug
28.33,16.2,80.07852116,33.64097674,1.133557784,17.51456896,8,31,227,8/15/2011,11-Aug
28.92,15.72,79.31872495,30.20189918,0.902774253,19.17096339,8,31,228,8/16/2011,11-Aug
31.2,16.87,79.05879467,35.98034927,0.961883265,17.04186157,8,31,229,8/17/2011,11-Aug
33.01,20.34,79.97854797,33.97088825,0.86662843,17.96788174,8,31,230,8/18/2011,11-Aug
32.96,20.94,81.47814575,38.81958772,0.946099854,15.96190539,8,31,231,8/19/2011,11-Aug
32.19,18.46,84.27739493,48.93687404,0.960625008,9.295891826,8,31,232,8/20/2011,11-Aug
30.26,18.74,82.97774352,37.38997118,1.359483273,14.75091,8,31,233,8/21/2011,11-Aug
30.44,15.06,79.87857479,29.18217269,0.602332423,20.21768061,8,31,234,8/22/2011,11-Aug
27.73,16.02,86.27685862,43.6183006,2.07114304,9.245723478,8,31,235,8/23/2011,11-Aug
34.92,21.65,82.67782397,40.68908628,2.388722989,17.6418673,8,31,236,8/24/2011,11-Aug
29.38,16.7,78.43896092,38.45968426,1.879316091,20.47575522,8,31,237,8/25/2011,11-Aug
29.61,15.26,82.67782397,34.15083998,1.079654996,19.61014617,8,31,238,8/26/2011,11-Aug
30.82,18.11,80.37844071,38.88956895,1.659449219,18.64569913,8,31,239,8/27/2011,11-Aug
27.25,16.83,70.98096133,29.86199035,2.237675604,18.46682374,8,31,240,8/28/2011,11-Aug
28.72,16.29,80.4784139,30.88171684,1.264890642,19.33471017,8,31,241,8/29/2011,11-Aug
29.25,14.35,73.92017296,33.17110277,1.391423025,16.05992087,8,31,242,8/30/2011,11-Aug
35.13,19.15,73.98015687,32.62125025,1.621299248,18.13428939,8,31,243,8/31/2011,11-Aug
37.3,22.19,76.50947845,31.18163639,1.499790659,17.30194513,9,30,244,9/1/2011,11-Sep
37.34,21.02,77.44922639,24.1035349,1.281621867,18.14361809,9,30,245,9/2/2011,11-Sep
36.19,20.92,82.57785078,27.63258832,1.413998001,16.73450765,9,30,246,9/3/2011,11-Sep
25.1,16.32,83.87750219,35.85038413,1.949211412,9.458956174,9,30,247,9/4/2011,11-Sep
21.75,11.65,81.57811893,36.01034122,3.599053007,15.68786243,9,30,248,9/5/2011,11-Sep
22.27,9.13,77.37924516,33.02114299,3.148603075,18.76458757,9,30,249,9/6/2011,11-Sep
24.07,10.54,80.07852116,26.8627948,3.068731547,18.48824374,9,30,250,9/7/2011,11-Sep
21.98,13.13,86.37683181,38.22974593,2.806760514,7.596655043,9,30,251,9/8/2011,11-Sep
21.63,15.8,85.97693907,61.91339345,1.257527154,5.711904,9,30,252,9/9/2011,11-Sep
24.69,15.9,82.67782397,48.98686063,-3957.414497,9.781918435,9,30,253,9/10/2011,11-Sep
28.28,16.65,82.67782397,37.26000604,-9999,13.0019353,9,30,254,9/11/2011,11-Sep
30.65,13.95,81.67809212,30.60179192,-9999,16.64591713,9,30,255,9/12/2011,11-Sep
30.6,16.37,79.7786016,34.66070323,-9999,16.236342,9,30,256,9/13/2011,11-Sep
21.29,10.1,84.17742174,52.28597574,-9999,5.113442348,9,30,257,9/14/2011,11-Sep
18.07,5.984,73.70023196,28.67230945,-6665.505019,16.50820852,9,30,258,9/15/2011,11-Sep
17.83,8.75,75.95962594,28.17244352,1.539914719,7.616567739,9,30,259,9/16/2011,11-Sep
24.1,12.37,72.73049206,28.0524757,1.427434848,16.38208957,9,30,260,9/17/2011,11-Sep
20.68,15.24,84.4773413,59.66399679,1.877811151,3.010067217,9,30,261,9/18/2011,11-Sep
21.9,13.78,84.87723404,66.52215728,1.458423877,4.269895043,9,30,262,9/19/2011,11-Sep
27.04,11.79,87.47653684,36.64017229,0.904281255,13.43981896,9,30,263,9/20/2011,11-Sep
25.57,12.25,87.37656366,22.65392371,1.413830635,16.24358817,9,30,264,9/21/2011,11-Sep
19.41,11.32,83.37763626,45.65775357,0.952478815,8.554788783,9,30,265,9/22/2011,11-Sep
20.75,8.51,87.37656366,29.58206543,1.387563998,13.38272609,9,30,266,9/23/2011,11-Sep
20.22,11.69,83.37763626,38.67962526,1.065964716,10.36790139,9,30,267,9/24/2011,11-Sep
19.3,9.6,86.87669773,53.53564055,1.046247976,6.636554609,9,30,268,9/25/2011,11-Sep
19,9.83,85.57704633,41.87876718,2.329769095,10.00972643,9,30,269,9/26/2011,11-Sep
16.37,12.07,85.07718041,74.50001744,2.49432002,2.728277218,9,30,270,9/27/2011,11-Sep
21.08,11.25,82.87777034,46.61749615,1.285998445,9.722742261,9,30,271,9/28/2011,11-Sep
27.46,9.14,82.27793123,32.71122612,2.339576403,10.58279478,9,30,272,9/29/2011,11-Sep
19.22,8.36,73.80020514,26.13299055,3.511229017,14.5342667,9,30,273,9/30/2011,11-Sep
17.21,5.546,77.60918349,30.29187504,2.376944684,15.140934,10,31,274,10/1/2011,11-Oct
20.87,4.918,82.4778776,16.46558356,1.335858288,15.25115896,10,31,275,10/2/2011,11-Oct
25.63,5.962,73.03041162,23.14379232,-623.7892249,14.63503852,10,31,276,10/3/2011,11-Oct
27.68,7.287,83.17768989,20.50450024,-9999,14.5176793,10,31,277,10/4/2011,11-Oct
29.18,11.01,68.99149494,21.31428303,-9999,14.13889043,10,31,278,10/5/2011,11-Oct
29.71,10.91,76.94936047,24.88332574,-9999,13.97482983,10,31,279,10/6/2011,11-Oct
30.27,12.21,74.84992358,26.2129691,-3956.882459,13.71855757,10,31,280,10/7/2011,11-Oct
28.99,12.66,80.37844071,23.28375478,1.369644748,13.61583313,10,31,281,10/8/2011,11-Oct
29.34,10.21,80.37844071,17.69525374,1.132783095,13.52030322,10,31,282,10/9/2011,11-Oct
27.55,10.98,78.77886975,28.76228531,1.207596999,13.07378191,10,31,283,10/10/2011,11-Oct
28.38,13.49,78.09905209,28.7023014,0.892063253,10.21506026,10,31,284,10/11/2011,11-Oct
26.28,11.79,83.67755582,35.3505182,1.234902701,10.0291273,10,31,285,10/12/2011,11-Oct
20.18,11.77,85.17715359,60.16386271,1.653772307,5.567451652,10,31,286,10/13/2011,11-Oct
18.22,8.69,79.49867668,34.49074881,2.753289623,11.28511878,10,31,287,10/14/2011,11-Oct
18.57,6.317,73.14038212,29.16217805,2.460187408,12.87425348,10,31,288,10/15/2011,11-Oct
21.6,8.98,69.31140914,36.0503305,1.933330288,7.280800435,10,31,289,10/16/2011,11-Oct
17.65,3.188,83.27766308,20.4845056,1.388797513,8.890644522,10,31,290,10/17/2011,11-Oct
11.27,7.788,83.17768989,61.81342026,0.955586111,2.695579043,10,31,291,10/18/2011,11-Oct
8.63,6.527,83.97747537,81.57811893,3.81259722,1.848765913,10,31,292,10/19/2011,11-Oct
8.7,3.818,82.97774352,61.15359724,3.380813221,2.405605304,10,31,293,10/20/2011,11-Oct
15.15,0.879,81.87803849,31.15164444,1.032057827,12.13812548,10,31,294,10/21/2011,11-Oct
20.91,0.991,78.06906014,27.80254274,0.952401818,11.44508165,10,31,295,10/22/2011,11-Oct
21.73,6.073,78.79886439,33.98088557,1.083095133,7.808338956,10,31,296,10/23/2011,11-Oct
19.62,7.206,81.7780653,23.99356439,1.30024749,11.44043061,10,31,297,10/24/2011,11-Oct
25.62,6.046,73.26034994,25.16325066,2.670465231,9.918998609,10,31,298,10/25/2011,11-Oct
19.71,8.73,83.37763626,39.69935175,1.976714622,1.789863652,10,31,299,10/26/2011,11-Oct
11.97,3.883,78.92882953,43.2384025,1.766792759,5.899019478,10,31,300,10/27/2011,11-Oct
13.58,1.342,82.27793123,33.47102233,0.602253262,6.685495044,10,31,301,10/28/2011,11-Oct
14.06,1.217,77.85911645,21.95411142,1.270397189,10.31312583,10,31,302,10/29/2011,11-Oct
16.59,1.268,79.25874104,27.21270095,2.139889446,5.458142348,10,31,303,10/30/2011,11-Oct
14.3,2.084,83.57758263,35.49048066,0.808524602,9.483157566,10,31,304,10/31/2011,11-Oct
22.34,0.791,76.14957499,28.4323738,1.476891727,9.612979043,11,30,305,11/1/2011,11-Nov
22.15,5.413,69.4513716,28.73229336,2.092250312,8.262214435,11,30,306,11/2/2011,11-Nov
11,8.82,86.07691225,61.88340149,2.653444573,0.879264783,11,30,307,11/3/2011,11-Nov
13.74,3.033,78.68889389,40.70908092,2.148932964,9.717927652,11,30,308,11/4/2011,11-Nov
15.97,1.017,76.61944896,37.07005698,1.615829428,10.54561304,11,30,309,11/5/2011,11-Nov
15.56,6.324,78.54893143,48.01712074,3.064918785,5.119863652,11,30,310,11/6/2011,11-Nov
15.14,11.8,84.37736811,63.09307703,1.071655735,1.517891478,11,30,311,11/7/2011,11-Nov
20.23,12.96,83.47760945,60.40379836,2.537429953,4.290510522,11,30,312,11/8/2011,11-Nov
16.1,1.761,86.77672455,69.37139305,3.848736038,3.581961652,11,30,313,11/9/2011,11-Nov
6.222,-0.198,80.77833345,47.52725213,1.927535275,5.409973565,11,30,314,11/10/2011,11-Nov
10.01,-2.272,79.18875981,37.72988001,1.636556516,8.683858174,11,30,315,11/11/2011,11-Nov
16.32,3.037,76.06959644,34.09085607,3.21781747,7.347537391,11,30,316,11/12/2011,11-Nov
22.22,12.31,77.41923444,48.04711269,4.545965006,7.691636348,11,30,317,11/13/2011,11-Nov
22.79,10.23,81.7780653,52.1560106,1.928431816,4.127739652,11,30,318,11/14/2011,11-Nov
16.73,7.188,87.27659047,60.8036911,1.523382971,6.866197826,11,30,319,11/15/2011,11-Nov
11.82,2.247,83.17768989,26.89278676,2.677369076,7.776482088,11,30,320,11/16/2011,11-Nov
6.241,-2.958,72.25062077,23.6736502,1.770616492,9.706914782,11,30,321,11/17/2011,11-Nov
11.41,-2.401,69.6713126,25.2932158,3.654141154,8.825373391,11,30,322,11/18/2011,11-Nov
16.29,6.185,73.74022123,42.52859288,3.906787781,1.366979478,11,30,323,11/19/2011,11-Nov
15.95,4.664,78.79886439,60.65373132,2.37593897,2.686885826,11,30,324,11/20/2011,11-Nov
10.11,5.007,79.6686311,70.35113026,2.204545826,-68.43476818,11,30,325,11/21/2011,11-Nov
8.37,5.906,85.17715359,76.80939801,2.667322514,-217.9912179,11,30,326,11/22/2011,11-Nov
9.71,1.965,85.27712677,60.77369914,1.540820914,-110.99322,11,30,327,11/23/2011,11-Nov
9.03,5.941,85.57704633,75.45976001,2.658750498,2.622339391,11,30,328,11/24/2011,11-Nov
16.84,5.269,85.27712677,48.76691963,3.412130562,15.83146722,11,30,329,11/25/2011,11-Nov
17.25,7.373,85.97693907,63.69291614,3.44159455,-28.10312843,11,30,330,11/26/2011,11-Nov
6.69,2.65,84.37736811,74.95989409,2.849606235,1.05258913,11,30,331,11/27/2011,11-Nov
4.917,1.857,84.67728767,68.4816317,3.667249249,2.585761826,11,30,332,11/28/2011,11-Nov
6.951,0.114,84.67728767,61.92339077,4.653473255,1.556880261,11,30,333,11/29/2011,11-Nov
5.469,-3.979,77.939095,39.76933298,1.356541958,9.127883739,11,30,334,11/30/2011,11-Nov
8.13,-2.468,79.3987035,51.15627875,1.141774632,7.484195739,12,31,335,12/1/2011,11-Dec
5.395,0.767,81.07825301,66.05228331,1.595686068,2.772335739,12,31,336,12/2/2011,11-Dec
13.4,5.578,72.80047329,50.11655762,2.357353745,3.891314348,12,31,337,12/3/2011,11-Dec
12.36,1.773,83.37763626,66.49216532,2.912699944,0.697887391,12,31,338,12/4/2011,11-Dec
4.001,1.336,82.97774352,68.61159684,2.637442382,1.543368522,12,31,339,12/5/2011,11-Dec
3.695,-0.813,77.70915667,60.76370182,2.069620968,2.34464087,12,31,340,12/6/2011,11-Dec
2.309,-2.139,78.21901992,48.84689817,1.562667901,5.420562261,12,31,341,12/7/2011,11-Dec
5.236,-4.518,76.0496018,50.54644232,0.764390865,4.109400782,12,31,342,12/8/2011,11-Dec
2.92,-6.116,80.17849434,44.39809144,1.866868467,13.33729252,12,31,343,12/9/2011,11-Dec
-0.608,-9.72,76.57945968,27.15271704,1.180499252,8.279215826,12,31,344,12/10/2011,11-Dec
6.008,-5.509,77.13930952,46.38755782,1.609858662,7.99333513,12,31,345,12/11/2011,11-Dec
8.63,-3.791,73.09039553,32.96115908,0.884047974,7.025700522,12,31,346,12/12/2011,11-Dec
7.412,2.502,85.87696588,65.66238788,1.076631645,1.556830174,12,31,347,12/13/2011,11-Dec
13.87,6.695,88.07637595,82.17795804,3.059821323,1.206951652,12,31,348,12/14/2011,11-Dec
15.5,0.917,87.47653684,60.88366964,3.924219955,1.635110609,12,31,349,12/15/2011,11-Dec
2.806,-4.368,88.37629551,53.59562446,-3331.937343,5.420167043,12,31,350,12/16/2011,11-Dec
3.14,-4.326,90.47573239,66.34220554,-9999,3.916715478,12,31,351,12/17/2011,11-Dec
8.77,-4.63,91.67541061,61.19358652,-9999,6.242137043,12,31,352,12/18/2011,11-Dec
10.86,4.661,90.57570558,64.76262922,-6456.99405,2.481991826,12,31,353,12/19/2011,11-Dec
7.314,2.321,91.47546424,88.17634914,2.032259166,1.238969739,12,31,354,12/20/2011,11-Dec
7.197,0.697,91.7753838,83.07771671,1.687634777,1.408179913,12,31,355,12/21/2011,11-Dec
3.972,-1.37,92.07530335,87.47653684,1.229389401,2.006215826,12,31,356,12/22/2011,11-Dec
2.707,-3.244,87.17661729,60.71371523,2.197332949,3.921156783,12,31,357,12/23/2011,11-Dec
4.552978951,-4.467730606,80.95995785,58.63530723,1.721539888,0,12,31,358,12/24/2011,11-Dec
8.108484894,-1.109699577,75.88946808,50.62318523,2.195203235,0,12,31,359,12/25/2011,11-Dec
6.734084468,-3.557617266,82.37221803,55.63971518,1.307561031,0,12,31,360,12/26/2011,11-Dec
4.328096974,0.768997891,84.02894848,66.91419623,-2914.366501,0,12,31,361,12/27/2011,11-Dec
3.089437362,-3.197292103,79.0112576,63.68508406,-6248.965043,0,12,31,362,12/28/2011,11-Dec
12.42676302,2.356638824,77.82718295,53.46113417,-9999,0,12,31,363,12/29/2011,11-Dec
9.212822405,3.750294491,81.84760574,71.42003963,-9999,0,12,31,364,12/30/2011,11-Dec
7.407594957,3.159705715,81.32290793,69.18010731,-9999,0,12,31,365,12/31/2011,11-Dec
